time_s,time_min,orbit_phase,illumination_frac,solar_cell_temp_c,solar_gen_w,load_avionics_w,load_transients_w,load_total_w,net_power_w,battery_energy_wh,battery_soc_pct,battery_dod_pct,battery_voltage_v,battery_current_a,active_events
0.0,0.0,SUNLIT,1.0,55.0,0.0,6.5,0,6.5,-6.5,50.9981,85.0,15.0,15.928,0.419,
1.0,0.017,SUNLIT,1.0,55.0,0.024,6.5,0,6.5,-6.476,50.9963,84.99,15.01,15.928,0.418,
2.0,0.033,SUNLIT,1.0,55.0,0.048,6.5,0,6.5,-6.452,50.9944,84.99,15.01,15.928,0.416,
3.0,0.05,SUNLIT,1.0,55.0,0.071,6.5,0,6.5,-6.429,50.9926,84.99,15.01,15.928,0.415,
4.0,0.067,SUNLIT,1.0,55.0,0.095,6.5,0,6.5,-6.405,50.9908,84.98,15.02,15.928,0.413,
5.0,0.083,SUNLIT,1.0,55.0,0.119,6.5,0,6.5,-6.381,50.9889,84.98,15.02,15.928,0.412,
6.0,0.1,SUNLIT,1.0,55.0,0.143,6.5,0,6.5,-6.357,50.9871,84.98,15.02,15.928,0.41,
7.0,0.117,SUNLIT,1.0,55.0,0.166,6.5,0,6.5,-6.334,50.9853,84.98,15.02,15.928,0.409,
8.0,0.133,SUNLIT,1.0,55.0,0.19,6.5,0,6.5,-6.31,50.9835,84.97,15.03,15.928,0.407,
9.0,0.15,SUNLIT,1.0,55.0,0.214,6.5,0,6.5,-6.286,50.9817,84.97,15.03,15.928,0.406,
10.0,0.167,SUNLIT,1.0,55.0,0.238,6.5,0,6.5,-6.262,50.9799,84.97,15.03,15.928,0.404,
11.0,0.183,SUNLIT,1.0,55.0,0.261,6.5,0,6.5,-6.239,50.9781,84.96,15.04,15.928,0.403,
12.0,0.2,SUNLIT,1.0,55.0,0.285,6.5,0,6.5,-6.215,50.9763,84.96,15.04,15.928,0.401,
13.0,0.217,SUNLIT,1.0,55.0,0.309,6.5,0,6.5,-6.191,50.9746,84.96,15.04,15.928,0.4,
14.0,0.233,SUNLIT,1.0,55.0,0.333,6.5,0,6.5,-6.167,50.9728,84.95,15.05,15.928,0.398,
15.0,0.25,SUNLIT,1.0,55.0,0.357,6.5,0,6.5,-6.143,50.971,84.95,15.05,15.928,0.396,
16.0,0.267,SUNLIT,1.0,55.0,0.38,6.5,0,6.5,-6.12,50.9693,84.95,15.05,15.928,0.395,
17.0,0.283,SUNLIT,1.0,55.0,0.404,6.5,0,6.5,-6.096,50.9675,84.95,15.05,15.928,0.393,
18.0,0.3,SUNLIT,1.0,55.0,0.428,6.5,0,6.5,-6.072,50.9658,84.94,15.06,15.928,0.392,
19.0,0.317,SUNLIT,1.0,55.0,0.452,6.5,0,6.5,-6.048,50.9641,84.94,15.06,15.928,0.39,
20.0,0.333,SUNLIT,1.0,55.0,0.475,6.5,0,6.5,-6.025,50.9623,84.94,15.06,15.928,0.389,
21.0,0.35,SUNLIT,1.0,55.0,0.499,6.5,0,6.5,-6.001,50.9606,84.93,15.07,15.928,0.387,
22.0,0.367,SUNLIT,1.0,55.0,0.523,6.5,0,6.5,-5.977,50.9589,84.93,15.07,15.928,0.386,
23.0,0.383,SUNLIT,1.0,55.0,0.547,6.5,0,6.5,-5.953,50.9572,84.93,15.07,15.928,0.384,
24.0,0.4,SUNLIT,1.0,55.0,0.571,6.5,0,6.5,-5.929,50.9555,84.93,15.07,15.928,0.383,
25.0,0.417,SUNLIT,1.0,55.0,0.594,6.5,0,6.5,-5.906,50.9538,84.92,15.08,15.928,0.381,
26.0,0.433,SUNLIT,1.0,55.0,0.618,6.5,0,6.5,-5.882,50.9521,84.92,15.08,15.928,0.38,
27.0,0.45,SUNLIT,1.0,55.0,0.642,6.5,0,6.5,-5.858,50.9505,84.92,15.08,15.928,0.378,
28.0,0.467,SUNLIT,1.0,55.0,0.666,6.5,0,6.5,-5.834,50.9488,84.91,15.09,15.928,0.377,
29.0,0.483,SUNLIT,1.0,55.0,0.689,6.5,0,6.5,-5.811,50.9471,84.91,15.09,15.928,0.375,
30.0,0.5,SUNLIT,1.0,55.0,0.713,6.5,0,6.5,-5.787,50.9455,84.91,15.09,15.928,0.373,
31.0,0.517,SUNLIT,1.0,55.0,0.737,6.5,0,6.5,-5.763,50.9438,84.91,15.09,15.928,0.372,
32.0,0.533,SUNLIT,1.0,55.0,0.761,6.5,0,6.5,-5.739,50.9422,84.9,15.1,15.928,0.37,
33.0,0.55,SUNLIT,1.0,55.0,0.784,6.5,0,6.5,-5.716,50.9405,84.9,15.1,15.928,0.369,
34.0,0.567,SUNLIT,1.0,55.0,0.808,6.5,0,6.5,-5.692,50.9389,84.9,15.1,15.928,0.367,
35.0,0.583,SUNLIT,1.0,55.0,0.832,6.5,0,6.5,-5.668,50.9373,84.9,15.1,15.928,0.366,
36.0,0.6,SUNLIT,1.0,55.0,0.856,6.5,0,6.5,-5.644,50.9357,84.89,15.11,15.929,0.364,
37.0,0.617,SUNLIT,1.0,55.0,0.879,6.5,0,6.5,-5.621,50.9341,84.89,15.11,15.929,0.363,
38.0,0.633,SUNLIT,1.0,55.0,0.903,6.5,0,6.5,-5.597,50.9324,84.89,15.11,15.929,0.361,
39.0,0.65,SUNLIT,1.0,55.0,0.927,6.5,0,6.5,-5.573,50.9309,84.88,15.12,15.929,0.36,
40.0,0.667,SUNLIT,1.0,55.0,0.951,6.5,0,6.5,-5.549,50.9293,84.88,15.12,15.929,0.358,
41.0,0.683,SUNLIT,1.0,55.0,0.974,6.5,0,6.5,-5.526,50.9277,84.88,15.12,15.929,0.357,
42.0,0.7,SUNLIT,1.0,55.0,0.998,6.5,0,6.5,-5.502,50.9261,84.88,15.12,15.929,0.355,
43.0,0.717,SUNLIT,1.0,55.0,1.022,6.5,0,6.5,-5.478,50.9245,84.87,15.13,15.929,0.354,
44.0,0.733,SUNLIT,1.0,55.0,1.046,6.5,0,6.5,-5.454,50.923,84.87,15.13,15.929,0.352,
45.0,0.75,SUNLIT,1.0,55.0,1.069,6.5,0,6.5,-5.431,50.9214,84.87,15.13,15.929,0.351,
46.0,0.767,SUNLIT,1.0,55.0,1.093,6.5,0,6.5,-5.407,50.9199,84.87,15.13,15.929,0.349,
47.0,0.783,SUNLIT,1.0,55.0,1.117,6.5,0,6.5,-5.383,50.9183,84.86,15.14,15.929,0.347,
48.0,0.8,SUNLIT,1.0,55.0,1.141,6.5,0,6.5,-5.359,50.9168,84.86,15.14,15.929,0.346,
49.0,0.817,SUNLIT,1.0,55.0,1.164,6.5,0,6.5,-5.336,50.9153,84.86,15.14,15.929,0.344,
50.0,0.833,SUNLIT,1.0,55.0,1.188,6.5,0,6.5,-5.312,50.9137,84.86,15.14,15.929,0.343,
51.0,0.85,SUNLIT,1.0,55.0,1.212,6.5,0,6.5,-5.288,50.9122,84.85,15.15,15.929,0.341,
52.0,0.867,SUNLIT,1.0,55.0,1.236,6.5,0,6.5,-5.264,50.9107,84.85,15.15,15.929,0.34,
53.0,0.883,SUNLIT,1.0,55.0,1.259,6.5,0,6.5,-5.241,50.9092,84.85,15.15,15.929,0.338,
54.0,0.9,SUNLIT,1.0,55.0,1.283,6.5,0,6.5,-5.217,50.9077,84.85,15.15,15.929,0.337,
55.0,0.917,SUNLIT,1.0,55.0,1.307,6.5,0,6.5,-5.193,50.9062,84.84,15.16,15.929,0.335,
56.0,0.933,SUNLIT,1.0,55.0,1.331,6.5,0,6.5,-5.169,50.9048,84.84,15.16,15.929,0.334,
57.0,0.95,SUNLIT,1.0,55.0,1.354,6.5,0,6.5,-5.146,50.9033,84.84,15.16,15.93,0.332,
58.0,0.967,SUNLIT,1.0,55.0,1.378,6.5,0,6.5,-5.122,50.9018,84.84,15.16,15.93,0.331,
59.0,0.983,SUNLIT,1.0,55.0,1.402,6.5,0,6.5,-5.098,50.9004,84.83,15.17,15.93,0.329,
60.0,1.0,SUNLIT,1.0,55.0,1.426,6.5,0,6.5,-5.074,50.8989,84.83,15.17,15.93,0.328,
61.0,1.017,SUNLIT,1.0,55.0,1.449,6.5,0,6.5,-5.051,50.8975,84.83,15.17,15.93,0.326,
62.0,1.033,SUNLIT,1.0,55.0,1.473,6.5,0,6.5,-5.027,50.896,84.83,15.17,15.93,0.325,
63.0,1.05,SUNLIT,1.0,55.0,1.497,6.5,0,6.5,-5.003,50.8946,84.82,15.18,15.93,0.323,
64.0,1.067,SUNLIT,1.0,55.0,1.521,6.5,0,6.5,-4.979,50.8932,84.82,15.18,15.93,0.321,
65.0,1.083,SUNLIT,1.0,55.0,1.544,6.5,0,6.5,-4.956,50.8917,84.82,15.18,15.93,0.32,
66.0,1.1,SUNLIT,1.0,55.0,1.568,6.5,0,6.5,-4.932,50.8903,84.82,15.18,15.93,0.318,
67.0,1.117,SUNLIT,1.0,55.0,1.592,6.5,0,6.5,-4.908,50.8889,84.81,15.19,15.93,0.317,
68.0,1.133,SUNLIT,1.0,55.0,1.616,6.5,0,6.5,-4.884,50.8875,84.81,15.19,15.93,0.315,
69.0,1.15,SUNLIT,1.0,55.0,1.639,6.5,0,6.5,-4.861,50.8861,84.81,15.19,15.93,0.314,
70.0,1.167,SUNLIT,1.0,55.0,1.663,6.5,0,6.5,-4.837,50.8848,84.81,15.19,15.93,0.312,
71.0,1.183,SUNLIT,1.0,55.0,1.687,6.5,0,6.5,-4.813,50.8834,84.81,15.19,15.93,0.311,
72.0,1.2,SUNLIT,1.0,55.0,1.71,6.5,0,6.5,-4.79,50.882,84.8,15.2,15.93,0.309,
73.0,1.217,SUNLIT,1.0,55.0,1.734,6.5,0,6.5,-4.766,50.8806,84.8,15.2,15.93,0.308,
74.0,1.233,SUNLIT,1.0,55.0,1.758,6.5,0,6.5,-4.742,50.8793,84.8,15.2,15.93,0.306,
75.0,1.25,SUNLIT,1.0,55.0,1.782,6.5,0,6.5,-4.718,50.8779,84.8,15.2,15.931,0.305,
76.0,1.267,SUNLIT,1.0,55.0,1.805,6.5,0,6.5,-4.695,50.8766,84.79,15.21,15.931,0.303,
77.0,1.283,SUNLIT,1.0,55.0,1.829,6.5,0,6.5,-4.671,50.8752,84.79,15.21,15.931,0.302,
78.0,1.3,SUNLIT,1.0,55.0,1.853,6.5,0,6.5,-4.647,50.8739,84.79,15.21,15.931,0.3,
79.0,1.317,SUNLIT,1.0,55.0,1.876,6.5,0,6.5,-4.624,50.8726,84.79,15.21,15.931,0.299,
80.0,1.333,SUNLIT,1.0,55.0,1.9,6.5,0,6.5,-4.6,50.8713,84.79,15.21,15.931,0.297,
81.0,1.35,SUNLIT,1.0,55.0,1.924,6.5,0,6.5,-4.576,50.87,84.78,15.22,15.931,0.295,
82.0,1.367,SUNLIT,1.0,55.0,1.948,6.5,0,6.5,-4.552,50.8687,84.78,15.22,15.931,0.294,
83.0,1.383,SUNLIT,1.0,55.0,1.971,6.5,0,6.5,-4.529,50.8674,84.78,15.22,15.931,0.292,
84.0,1.4,SUNLIT,1.0,55.0,1.995,6.5,0,6.5,-4.505,50.8661,84.78,15.22,15.931,0.291,
85.0,1.417,SUNLIT,1.0,55.0,2.019,6.5,0,6.5,-4.481,50.8648,84.77,15.23,15.931,0.289,
86.0,1.433,SUNLIT,1.0,55.0,2.042,6.5,0,6.5,-4.458,50.8635,84.77,15.23,15.931,0.288,
87.0,1.45,SUNLIT,1.0,55.0,2.066,6.5,0,6.5,-4.434,50.8622,84.77,15.23,15.931,0.286,
88.0,1.467,SUNLIT,1.0,55.0,2.09,6.5,0,6.5,-4.41,50.861,84.77,15.23,15.931,0.285,
89.0,1.483,SUNLIT,1.0,55.0,2.113,6.5,0,6.5,-4.387,50.8597,84.77,15.23,15.931,0.283,
90.0,1.5,SUNLIT,1.0,55.0,2.137,6.5,0,6.5,-4.363,50.8585,84.76,15.24,15.932,0.282,
91.0,1.517,SUNLIT,1.0,55.0,2.161,6.5,0,6.5,-4.339,50.8572,84.76,15.24,15.932,0.28,
92.0,1.533,SUNLIT,1.0,55.0,2.185,6.5,0,6.5,-4.315,50.856,84.76,15.24,15.932,0.279,
93.0,1.55,SUNLIT,1.0,55.0,2.208,6.5,0,6.5,-4.292,50.8548,84.76,15.24,15.932,0.277,
94.0,1.567,SUNLIT,1.0,55.0,2.232,6.5,0,6.5,-4.268,50.8535,84.76,15.24,15.932,0.276,
95.0,1.583,SUNLIT,1.0,55.0,2.256,6.5,0,6.5,-4.244,50.8523,84.75,15.25,15.932,0.274,
96.0,1.6,SUNLIT,1.0,55.0,2.279,6.5,0,6.5,-4.221,50.8511,84.75,15.25,15.932,0.273,
97.0,1.617,SUNLIT,1.0,55.0,2.303,6.5,0,6.5,-4.197,50.8499,84.75,15.25,15.932,0.271,
98.0,1.633,SUNLIT,1.0,55.0,2.327,6.5,0,6.5,-4.173,50.8487,84.75,15.25,15.932,0.269,
99.0,1.65,SUNLIT,1.0,55.0,2.35,6.5,0,6.5,-4.15,50.8475,84.75,15.25,15.932,0.268,
100.0,1.667,SUNLIT,1.0,55.0,2.374,6.5,0,6.5,-4.126,50.8464,84.74,15.26,15.932,0.266,
101.0,1.683,SUNLIT,1.0,55.0,2.398,6.5,0,6.5,-4.102,50.8452,84.74,15.26,15.932,0.265,
102.0,1.7,SUNLIT,1.0,55.0,2.421,6.5,0,6.5,-4.079,50.844,84.74,15.26,15.932,0.263,
103.0,1.717,SUNLIT,1.0,55.0,2.445,6.5,0,6.5,-4.055,50.8429,84.74,15.26,15.933,0.262,
104.0,1.733,SUNLIT,1.0,55.0,2.469,6.5,0,6.5,-4.031,50.8417,84.74,15.26,15.933,0.26,
105.0,1.75,SUNLIT,1.0,55.0,2.492,6.5,0,6.5,-4.008,50.8405,84.73,15.27,15.933,0.259,
106.0,1.767,SUNLIT,1.0,55.0,2.516,6.5,0,6.5,-3.984,50.8394,84.73,15.27,15.933,0.257,
107.0,1.783,SUNLIT,1.0,55.0,2.54,6.5,0,6.5,-3.96,50.8383,84.73,15.27,15.933,0.256,
108.0,1.8,SUNLIT,1.0,55.0,2.563,6.5,0,6.5,-3.937,50.8371,84.73,15.27,15.933,0.254,
109.0,1.817,SUNLIT,1.0,55.0,2.587,6.5,0,6.5,-3.913,50.836,84.73,15.27,15.933,0.253,
110.0,1.833,SUNLIT,1.0,55.0,2.611,6.5,0,6.5,-3.889,50.8349,84.72,15.28,15.933,0.251,
111.0,1.85,SUNLIT,1.0,55.0,2.634,6.5,0,6.5,-3.866,50.8338,84.72,15.28,15.933,0.25,
112.0,1.867,SUNLIT,1.0,55.0,2.658,6.5,0,6.5,-3.842,50.8327,84.72,15.28,15.933,0.248,
113.0,1.883,SUNLIT,1.0,55.0,2.682,6.5,0,6.5,-3.818,50.8316,84.72,15.28,15.933,0.247,
114.0,1.9,SUNLIT,1.0,55.0,2.705,6.5,0,6.5,-3.795,50.8305,84.72,15.28,15.933,0.245,
115.0,1.917,SUNLIT,1.0,55.0,2.729,6.5,0,6.5,-3.771,50.8294,84.72,15.28,15.934,0.244,
116.0,1.933,SUNLIT,1.0,55.0,2.753,6.5,0,6.5,-3.747,50.8284,84.71,15.29,15.934,0.242,
117.0,1.95,SUNLIT,1.0,55.0,2.776,6.5,0,6.5,-3.724,50.8273,84.71,15.29,15.934,0.24,
118.0,1.967,SUNLIT,1.0,55.0,2.8,6.5,0,6.5,-3.7,50.8262,84.71,15.29,15.934,0.239,
119.0,1.983,SUNLIT,1.0,55.0,2.823,6.5,0,6.5,-3.677,50.8252,84.71,15.29,15.934,0.237,
120.0,2.0,SUNLIT,1.0,55.0,2.847,6.5,0,6.5,-3.653,50.8241,84.71,15.29,15.934,0.236,
121.0,2.017,SUNLIT,1.0,55.0,2.871,6.5,0,6.5,-3.629,50.8231,84.71,15.29,15.934,0.234,
122.0,2.033,SUNLIT,1.0,55.0,2.894,6.5,0,6.5,-3.606,50.8221,84.7,15.3,15.934,0.233,
123.0,2.05,SUNLIT,1.0,55.0,2.918,6.5,0,6.5,-3.582,50.821,84.7,15.3,15.934,0.231,
124.0,2.067,SUNLIT,1.0,55.0,2.942,6.5,0,6.5,-3.558,50.82,84.7,15.3,15.934,0.23,
125.0,2.083,SUNLIT,1.0,55.0,2.965,6.5,0,6.5,-3.535,50.819,84.7,15.3,15.934,0.228,
126.0,2.1,SUNLIT,1.0,55.0,2.989,6.5,0,6.5,-3.511,50.818,84.7,15.3,15.935,0.227,
127.0,2.117,SUNLIT,1.0,55.0,3.012,6.5,0,6.5,-3.488,50.817,84.7,15.3,15.935,0.225,
128.0,2.133,SUNLIT,1.0,55.0,3.036,6.5,0,6.5,-3.464,50.816,84.69,15.31,15.935,0.224,
129.0,2.15,SUNLIT,1.0,55.0,3.06,6.5,0,6.5,-3.44,50.815,84.69,15.31,15.935,0.222,
130.0,2.167,SUNLIT,1.0,55.0,3.083,6.5,0,6.5,-3.417,50.8141,84.69,15.31,15.935,0.221,
131.0,2.183,SUNLIT,1.0,55.0,3.107,6.5,0,6.5,-3.393,50.8131,84.69,15.31,15.935,0.219,
132.0,2.2,SUNLIT,1.0,55.0,3.13,6.5,0,6.5,-3.37,50.8121,84.69,15.31,15.935,0.218,
133.0,2.217,SUNLIT,1.0,55.0,3.154,6.5,0,6.5,-3.346,50.8112,84.69,15.31,15.935,0.216,
134.0,2.233,SUNLIT,1.0,55.0,3.178,6.5,0,6.5,-3.322,50.8102,84.68,15.32,15.935,0.215,
135.0,2.25,SUNLIT,1.0,55.0,3.201,6.5,0,6.5,-3.299,50.8093,84.68,15.32,15.935,0.213,
136.0,2.267,SUNLIT,1.0,55.0,3.225,6.5,0,6.5,-3.275,50.8083,84.68,15.32,15.936,0.212,
137.0,2.283,SUNLIT,1.0,55.0,3.248,6.5,0,6.5,-3.252,50.8074,84.68,15.32,15.936,0.21,
138.0,2.3,SUNLIT,1.0,55.0,3.272,6.5,0,6.5,-3.228,50.8065,84.68,15.32,15.936,0.208,
139.0,2.317,SUNLIT,1.0,55.0,3.296,6.5,0,6.5,-3.204,50.8056,84.68,15.32,15.936,0.207,
140.0,2.333,SUNLIT,1.0,55.0,3.319,6.5,0,6.5,-3.181,50.8046,84.67,15.33,15.936,0.205,
141.0,2.35,SUNLIT,1.0,55.0,3.343,6.5,0,6.5,-3.157,50.8037,84.67,15.33,15.936,0.204,
142.0,2.367,SUNLIT,1.0,55.0,3.366,6.5,0,6.5,-3.134,50.8028,84.67,15.33,15.936,0.202,
143.0,2.383,SUNLIT,1.0,55.0,3.39,6.5,0,6.5,-3.11,50.802,84.67,15.33,15.936,0.201,
144.0,2.4,SUNLIT,1.0,55.0,3.414,6.5,0,6.5,-3.086,50.8011,84.67,15.33,15.936,0.199,
145.0,2.417,SUNLIT,1.0,55.0,3.437,6.5,0,6.5,-3.063,50.8002,84.67,15.33,15.936,0.198,
146.0,2.433,SUNLIT,1.0,55.0,3.461,6.5,0,6.5,-3.039,50.7993,84.67,15.33,15.937,0.196,
147.0,2.45,SUNLIT,1.0,55.0,3.484,6.5,0,6.5,-3.016,50.7985,84.66,15.34,15.937,0.195,
148.0,2.467,SUNLIT,1.0,55.0,3.508,6.5,0,6.5,-2.992,50.7976,84.66,15.34,15.937,0.193,
149.0,2.483,SUNLIT,1.0,55.0,3.531,6.5,0,6.5,-2.969,50.7968,84.66,15.34,15.937,0.192,
150.0,2.5,SUNLIT,1.0,55.0,3.555,6.5,0,6.5,-2.945,50.7959,84.66,15.34,15.937,0.19,
151.0,2.517,SUNLIT,1.0,55.0,3.578,6.5,0,6.5,-2.922,50.7951,84.66,15.34,15.937,0.189,
152.0,2.533,SUNLIT,1.0,55.0,3.602,6.5,0,6.5,-2.898,50.7942,84.66,15.34,15.937,0.187,
153.0,2.55,SUNLIT,1.0,55.0,3.626,6.5,0,6.5,-2.874,50.7934,84.66,15.34,15.937,0.186,
154.0,2.567,SUNLIT,1.0,55.0,3.649,6.5,0,6.5,-2.851,50.7926,84.65,15.35,15.937,0.184,
155.0,2.583,SUNLIT,1.0,55.0,3.673,6.5,0,6.5,-2.827,50.7918,84.65,15.35,15.937,0.183,
156.0,2.6,SUNLIT,1.0,55.0,3.696,6.5,0,6.5,-2.804,50.791,84.65,15.35,15.938,0.181,
157.0,2.617,SUNLIT,1.0,55.0,3.72,6.5,0,6.5,-2.78,50.7902,84.65,15.35,15.938,0.18,
158.0,2.633,SUNLIT,1.0,55.0,3.743,6.5,0,6.5,-2.757,50.7894,84.65,15.35,15.938,0.178,
159.0,2.65,SUNLIT,1.0,55.0,3.767,6.5,0,6.5,-2.733,50.7886,84.65,15.35,15.938,0.177,
160.0,2.667,SUNLIT,1.0,55.0,3.79,6.5,0,6.5,-2.71,50.7878,84.65,15.35,15.938,0.175,
161.0,2.683,SUNLIT,1.0,55.0,3.814,6.5,0,6.5,-2.686,50.7871,84.65,15.35,15.938,0.174,
162.0,2.7,SUNLIT,1.0,55.0,3.837,6.5,0,6.5,-2.663,50.7863,84.64,15.36,15.938,0.172,
163.0,2.717,SUNLIT,1.0,55.0,3.861,6.5,0,6.5,-2.639,50.7856,84.64,15.36,15.938,0.17,
164.0,2.733,SUNLIT,1.0,55.0,3.884,6.5,0,6.5,-2.616,50.7848,84.64,15.36,15.939,0.169,
165.0,2.75,SUNLIT,1.0,55.0,3.908,6.5,0,6.5,-2.592,50.7841,84.64,15.36,15.939,0.167,
166.0,2.767,SUNLIT,1.0,55.0,3.931,6.5,0,6.5,-2.569,50.7833,84.64,15.36,15.939,0.166,
167.0,2.783,SUNLIT,1.0,55.0,3.955,6.5,0,6.5,-2.545,50.7826,84.64,15.36,15.939,0.164,
168.0,2.8,SUNLIT,1.0,55.0,3.978,6.5,0,6.5,-2.522,50.7819,84.64,15.36,15.939,0.163,
169.0,2.817,SUNLIT,1.0,55.0,4.002,6.5,0,6.5,-2.498,50.7812,84.64,15.36,15.939,0.161,
170.0,2.833,SUNLIT,1.0,55.0,4.025,6.5,0,6.5,-2.475,50.7805,84.63,15.37,15.939,0.16,
171.0,2.85,SUNLIT,1.0,55.0,4.049,6.5,0,6.5,-2.451,50.7798,84.63,15.37,15.939,0.158,
172.0,2.867,SUNLIT,1.0,55.0,4.072,6.5,0,6.5,-2.428,50.7791,84.63,15.37,15.939,0.157,
173.0,2.883,SUNLIT,1.0,55.0,4.096,6.5,0,6.5,-2.404,50.7784,84.63,15.37,15.94,0.155,
174.0,2.9,SUNLIT,1.0,55.0,4.119,6.5,0,6.5,-2.381,50.7777,84.63,15.37,15.94,0.154,
175.0,2.917,SUNLIT,1.0,55.0,4.143,6.5,0,6.5,-2.357,50.777,84.63,15.37,15.94,0.152,
176.0,2.933,SUNLIT,1.0,55.0,4.166,6.5,0,6.5,-2.334,50.7763,84.63,15.37,15.94,0.151,
177.0,2.95,SUNLIT,1.0,55.0,4.19,6.5,0,6.5,-2.31,50.7757,84.63,15.37,15.94,0.149,
178.0,2.967,SUNLIT,1.0,55.0,4.213,6.5,0,6.5,-2.287,50.775,84.63,15.37,15.94,0.148,
179.0,2.983,SUNLIT,1.0,55.0,4.237,6.5,0,6.5,-2.263,50.7744,84.62,15.38,15.94,0.146,
180.0,3.0,SUNLIT,1.0,55.0,4.26,6.5,0,6.5,-2.24,50.7737,84.62,15.38,15.94,0.145,
181.0,3.017,SUNLIT,1.0,55.0,4.283,6.5,0,6.5,-2.217,50.7731,84.62,15.38,15.941,0.143,
182.0,3.033,SUNLIT,1.0,55.0,4.307,6.5,0,6.5,-2.193,50.7725,84.62,15.38,15.941,0.142,
183.0,3.05,SUNLIT,1.0,55.0,4.33,6.5,0,6.5,-2.17,50.7719,84.62,15.38,15.941,0.14,
184.0,3.067,SUNLIT,1.0,55.0,4.354,6.5,0,6.5,-2.146,50.7712,84.62,15.38,15.941,0.139,
185.0,3.083,SUNLIT,1.0,55.0,4.377,6.5,0,6.5,-2.123,50.7706,84.62,15.38,15.941,0.137,
186.0,3.1,SUNLIT,1.0,55.0,4.401,6.5,0,6.5,-2.099,50.77,84.62,15.38,15.941,0.136,
187.0,3.117,SUNLIT,1.0,55.0,4.424,6.5,0,6.5,-2.076,50.7694,84.62,15.38,15.941,0.134,
188.0,3.133,SUNLIT,1.0,55.0,4.448,6.5,0,6.5,-2.052,50.7688,84.61,15.39,15.941,0.133,
189.0,3.15,SUNLIT,1.0,55.0,4.471,6.5,0,6.5,-2.029,50.7683,84.61,15.39,15.942,0.131,
190.0,3.167,SUNLIT,1.0,55.0,4.494,6.5,0,6.5,-2.006,50.7677,84.61,15.39,15.942,0.13,
191.0,3.183,SUNLIT,1.0,55.0,4.518,6.5,0,6.5,-1.982,50.7671,84.61,15.39,15.942,0.128,
192.0,3.2,SUNLIT,1.0,55.0,4.541,6.5,0,6.5,-1.959,50.7666,84.61,15.39,15.942,0.127,
193.0,3.217,SUNLIT,1.0,55.0,4.565,6.5,0,6.5,-1.935,50.766,84.61,15.39,15.942,0.125,
194.0,3.233,SUNLIT,1.0,55.0,4.588,6.5,0,6.5,-1.912,50.7655,84.61,15.39,15.942,0.124,
195.0,3.25,SUNLIT,1.0,55.0,4.611,6.5,0,6.5,-1.889,50.7649,84.61,15.39,15.942,0.122,
196.0,3.267,SUNLIT,1.0,55.0,4.635,6.5,0,6.5,-1.865,50.7644,84.61,15.39,15.943,0.121,
197.0,3.283,SUNLIT,1.0,55.0,4.658,6.5,0,6.5,-1.842,50.7639,84.61,15.39,15.943,0.119,
198.0,3.3,SUNLIT,1.0,55.0,4.682,6.5,0,6.5,-1.818,50.7633,84.61,15.39,15.943,0.117,
199.0,3.317,SUNLIT,1.0,55.0,4.705,6.5,0,6.5,-1.795,50.7628,84.6,15.4,15.943,0.116,
200.0,3.333,SUNLIT,1.0,55.0,4.728,6.5,0,6.5,-1.772,50.7623,84.6,15.4,15.943,0.114,
201.0,3.35,SUNLIT,1.0,55.0,4.752,6.5,0,6.5,-1.748,50.7618,84.6,15.4,15.943,0.113,
202.0,3.367,SUNLIT,1.0,55.0,4.775,6.5,0,6.5,-1.725,50.7613,84.6,15.4,15.943,0.111,
203.0,3.383,SUNLIT,1.0,55.0,4.799,6.5,0,6.5,-1.701,50.7608,84.6,15.4,15.943,0.11,
204.0,3.4,SUNLIT,1.0,55.0,4.822,6.5,0,6.5,-1.678,50.7604,84.6,15.4,15.944,0.108,
205.0,3.417,SUNLIT,1.0,55.0,4.845,6.5,0,6.5,-1.655,50.7599,84.6,15.4,15.944,0.107,
206.0,3.433,SUNLIT,1.0,55.0,4.869,6.5,0,6.5,-1.631,50.7594,84.6,15.4,15.944,0.105,
207.0,3.45,SUNLIT,1.0,55.0,4.892,6.5,0,6.5,-1.608,50.759,84.6,15.4,15.944,0.104,
208.0,3.467,SUNLIT,1.0,55.0,4.915,6.5,0,6.5,-1.585,50.7585,84.6,15.4,15.944,0.102,
209.0,3.483,SUNLIT,1.0,55.0,4.939,6.5,0,6.5,-1.561,50.7581,84.6,15.4,15.944,0.101,
210.0,3.5,SUNLIT,1.0,55.0,4.962,6.5,0,6.5,-1.538,50.7576,84.6,15.4,15.944,0.099,
211.0,3.517,SUNLIT,1.0,55.0,4.985,6.5,0,6.5,-1.515,50.7572,84.6,15.4,15.945,0.098,
212.0,3.533,SUNLIT,1.0,55.0,5.009,6.5,0,6.5,-1.491,50.7568,84.59,15.41,15.945,0.096,
213.0,3.55,SUNLIT,1.0,55.0,5.032,6.5,0,6.5,-1.468,50.7563,84.59,15.41,15.945,0.095,
214.0,3.567,SUNLIT,1.0,55.0,5.055,6.5,0,6.5,-1.445,50.7559,84.59,15.41,15.945,0.093,
215.0,3.583,SUNLIT,1.0,55.0,5.079,6.5,0,6.5,-1.421,50.7555,84.59,15.41,15.945,0.092,
216.0,3.6,SUNLIT,1.0,55.0,5.102,6.5,0,6.5,-1.398,50.7551,84.59,15.41,15.945,0.09,
217.0,3.617,SUNLIT,1.0,55.0,5.125,6.5,0,6.5,-1.375,50.7547,84.59,15.41,15.945,0.089,
218.0,3.633,SUNLIT,1.0,55.0,5.149,6.5,0,6.5,-1.351,50.7543,84.59,15.41,15.946,0.087,
219.0,3.65,SUNLIT,1.0,55.0,5.172,6.5,0,6.5,-1.328,50.7539,84.59,15.41,15.946,0.086,
220.0,3.667,SUNLIT,1.0,55.0,5.195,6.5,0,6.5,-1.305,50.7536,84.59,15.41,15.946,0.084,
221.0,3.683,SUNLIT,1.0,55.0,5.219,6.5,0,6.5,-1.281,50.7532,84.59,15.41,15.946,0.083,
222.0,3.7,SUNLIT,1.0,55.0,5.242,6.5,0,6.5,-1.258,50.7528,84.59,15.41,15.946,0.081,
223.0,3.717,SUNLIT,1.0,55.0,5.265,6.5,0,6.5,-1.235,50.7525,84.59,15.41,15.946,0.08,
224.0,3.733,SUNLIT,1.0,55.0,5.288,6.5,0,6.5,-1.212,50.7521,84.59,15.41,15.946,0.078,
225.0,3.75,SUNLIT,1.0,55.0,5.312,6.5,0,6.5,-1.188,50.7518,84.59,15.41,15.947,0.077,
226.0,3.767,SUNLIT,1.0,55.0,5.335,6.5,0,6.5,-1.165,50.7515,84.59,15.41,15.947,0.075,
227.0,3.783,SUNLIT,1.0,55.0,5.358,6.5,0,6.5,-1.142,50.7511,84.59,15.41,15.947,0.074,
228.0,3.8,SUNLIT,1.0,55.0,5.381,6.5,0,6.5,-1.119,50.7508,84.58,15.42,15.947,0.072,
229.0,3.817,SUNLIT,1.0,55.0,5.405,6.5,0,6.5,-1.095,50.7505,84.58,15.42,15.947,0.071,
230.0,3.833,SUNLIT,1.0,55.0,5.428,6.5,0,6.5,-1.072,50.7502,84.58,15.42,15.947,0.069,
231.0,3.85,SUNLIT,1.0,55.0,5.451,6.5,0,6.5,-1.049,50.7499,84.58,15.42,15.948,0.068,
232.0,3.867,SUNLIT,1.0,55.0,5.475,6.5,0,6.5,-1.025,50.7496,84.58,15.42,15.948,0.066,
233.0,3.883,SUNLIT,1.0,55.0,5.498,6.5,0,6.5,-1.002,50.7493,84.58,15.42,15.948,0.065,
234.0,3.9,SUNLIT,1.0,55.0,5.521,6.5,0,6.5,-0.979,50.749,84.58,15.42,15.948,0.063,
235.0,3.917,SUNLIT,1.0,55.0,5.544,6.5,0,6.5,-0.956,50.7488,84.58,15.42,15.948,0.062,
236.0,3.933,SUNLIT,1.0,55.0,5.567,6.5,0,6.5,-0.933,50.7485,84.58,15.42,15.948,0.06,
237.0,3.95,SUNLIT,1.0,55.0,5.591,6.5,0,6.5,-0.909,50.7482,84.58,15.42,15.948,0.059,
238.0,3.967,SUNLIT,1.0,55.0,5.614,6.5,0,6.5,-0.886,50.748,84.58,15.42,15.949,0.057,
239.0,3.983,SUNLIT,1.0,55.0,5.637,6.5,0,6.5,-0.863,50.7477,84.58,15.42,15.949,0.056,
240.0,4.0,SUNLIT,1.0,55.0,5.66,6.5,0,6.5,-0.84,50.7475,84.58,15.42,15.949,0.054,
241.0,4.017,SUNLIT,1.0,55.0,5.684,6.5,0,6.5,-0.816,50.7473,84.58,15.42,15.949,0.053,
242.0,4.033,SUNLIT,1.0,55.0,5.707,6.5,0,6.5,-0.793,50.747,84.58,15.42,15.949,0.051,
243.0,4.05,SUNLIT,1.0,55.0,5.73,6.5,0,6.5,-0.77,50.7468,84.58,15.42,15.949,0.05,
244.0,4.067,SUNLIT,1.0,55.0,5.753,6.5,0,6.5,-0.747,50.7466,84.58,15.42,15.95,0.048,
245.0,4.083,SUNLIT,1.0,55.0,5.776,6.5,0,6.5,-0.724,50.7464,84.58,15.42,15.95,0.047,
246.0,4.1,SUNLIT,1.0,55.0,5.799,6.5,0,6.5,-0.701,50.7462,84.58,15.42,15.95,0.045,
247.0,4.117,SUNLIT,1.0,55.0,5.823,6.5,0,6.5,-0.677,50.746,84.58,15.42,15.95,0.044,
248.0,4.133,SUNLIT,1.0,55.0,5.846,6.5,0,6.5,-0.654,50.7458,84.58,15.42,15.95,0.042,
249.0,4.15,SUNLIT,1.0,55.0,5.869,6.5,0,6.5,-0.631,50.7456,84.58,15.42,15.95,0.041,
250.0,4.167,SUNLIT,1.0,55.0,5.892,6.5,0,6.5,-0.608,50.7455,84.58,15.42,15.951,0.039,
251.0,4.183,SUNLIT,1.0,55.0,5.915,6.5,0,6.5,-0.585,50.7453,84.58,15.42,15.951,0.038,
252.0,4.2,SUNLIT,1.0,55.0,5.938,6.5,0,6.5,-0.562,50.7451,84.58,15.42,15.951,0.036,
253.0,4.217,SUNLIT,1.0,55.0,5.962,6.5,0,6.5,-0.538,50.745,84.57,15.43,15.951,0.035,
254.0,4.233,SUNLIT,1.0,55.0,5.985,6.5,0,6.5,-0.515,50.7448,84.57,15.43,15.951,0.033,
255.0,4.25,SUNLIT,1.0,55.0,6.008,6.5,0,6.5,-0.492,50.7447,84.57,15.43,15.951,0.032,
256.0,4.267,SUNLIT,1.0,55.0,6.031,6.5,0,6.5,-0.469,50.7446,84.57,15.43,15.952,0.03,
257.0,4.283,SUNLIT,1.0,55.0,6.054,6.5,0,6.5,-0.446,50.7444,84.57,15.43,15.952,0.029,
258.0,4.3,SUNLIT,1.0,55.0,6.077,6.5,0,6.5,-0.423,50.7443,84.57,15.43,15.952,0.027,
259.0,4.317,SUNLIT,1.0,55.0,6.1,6.5,0,6.5,-0.4,50.7442,84.57,15.43,15.952,0.026,
260.0,4.333,SUNLIT,1.0,55.0,6.124,6.5,0,6.5,-0.376,50.7441,84.57,15.43,15.952,0.024,
261.0,4.35,SUNLIT,1.0,55.0,6.147,6.5,0,6.5,-0.353,50.744,84.57,15.43,15.952,0.023,
262.0,4.367,SUNLIT,1.0,55.0,6.17,6.5,0,6.5,-0.33,50.7439,84.57,15.43,15.953,0.021,
263.0,4.383,SUNLIT,1.0,55.0,6.193,6.5,0,6.5,-0.307,50.7438,84.57,15.43,15.953,0.02,
264.0,4.4,SUNLIT,1.0,55.0,6.216,6.5,0,6.5,-0.284,50.7437,84.57,15.43,15.953,0.018,
265.0,4.417,SUNLIT,1.0,55.0,6.239,6.5,0,6.5,-0.261,50.7436,84.57,15.43,15.953,0.017,
266.0,4.433,SUNLIT,1.0,55.0,6.262,6.5,0,6.5,-0.238,50.7436,84.57,15.43,15.953,0.015,
267.0,4.45,SUNLIT,1.0,55.0,6.285,6.5,0,6.5,-0.215,50.7435,84.57,15.43,15.953,0.014,
268.0,4.467,SUNLIT,1.0,55.0,6.308,6.5,0,6.5,-0.192,50.7435,84.57,15.43,15.954,0.012,
269.0,4.483,SUNLIT,1.0,55.0,6.331,6.5,0,6.5,-0.169,50.7434,84.57,15.43,15.954,0.011,
270.0,4.5,SUNLIT,1.0,55.0,6.354,6.5,0,6.5,-0.146,50.7434,84.57,15.43,15.954,0.009,
271.0,4.517,SUNLIT,1.0,55.0,6.377,6.5,0,6.5,-0.123,50.7433,84.57,15.43,15.954,0.008,
272.0,4.533,SUNLIT,1.0,55.0,6.401,6.5,0,6.5,-0.099,50.7433,84.57,15.43,15.954,0.006,
273.0,4.55,SUNLIT,1.0,55.0,6.424,6.5,0,6.5,-0.076,50.7433,84.57,15.43,15.954,0.005,
274.0,4.567,SUNLIT,1.0,55.0,6.447,6.5,0,6.5,-0.053,50.7433,84.57,15.43,15.955,0.003,
275.0,4.583,SUNLIT,1.0,55.0,6.47,6.5,0,6.5,-0.03,50.7433,84.57,15.43,15.955,0.002,
276.0,4.6,SUNLIT,1.0,55.0,6.493,6.5,0,6.5,-0.007,50.7433,84.57,15.43,15.955,0.0,
277.0,4.617,SUNLIT,1.0,55.0,6.516,6.5,0,6.5,0.016,50.7433,84.57,15.43,15.955,-0.001,
278.0,4.633,SUNLIT,1.0,55.0,6.539,6.5,0,6.5,0.039,50.7433,84.57,15.43,15.955,-0.002,
279.0,4.65,SUNLIT,1.0,55.0,6.562,6.5,0,6.5,0.062,50.7433,84.57,15.43,15.956,-0.004,
280.0,4.667,SUNLIT,1.0,55.0,6.585,6.5,0,6.5,0.085,50.7433,84.57,15.43,15.956,-0.005,
281.0,4.683,SUNLIT,1.0,55.0,6.608,6.5,0,6.5,0.108,50.7433,84.57,15.43,15.956,-0.006,
282.0,4.7,SUNLIT,1.0,55.0,6.631,6.5,0,6.5,0.131,50.7434,84.57,15.43,15.956,-0.008,
283.0,4.717,SUNLIT,1.0,55.0,6.654,6.5,0,6.5,0.154,50.7434,84.57,15.43,15.956,-0.009,
284.0,4.733,SUNLIT,1.0,55.0,6.677,6.5,0,6.5,0.177,50.7435,84.57,15.43,15.956,-0.01,
285.0,4.75,SUNLIT,1.0,55.0,6.7,6.5,0,6.5,0.2,50.7435,84.57,15.43,15.957,-0.012,
286.0,4.767,SUNLIT,1.0,55.0,6.723,6.5,0,6.5,0.223,50.7436,84.57,15.43,15.957,-0.013,
287.0,4.783,SUNLIT,1.0,55.0,6.746,6.5,0,6.5,0.246,50.7436,84.57,15.43,15.957,-0.014,
288.0,4.8,SUNLIT,1.0,55.0,6.769,6.5,0,6.5,0.269,50.7437,84.57,15.43,15.957,-0.016,
289.0,4.817,SUNLIT,1.0,55.0,6.792,6.5,0,6.5,0.292,50.7438,84.57,15.43,15.957,-0.017,
290.0,4.833,SUNLIT,1.0,55.0,6.815,6.5,0,6.5,0.315,50.7439,84.57,15.43,15.957,-0.019,
291.0,4.85,SUNLIT,1.0,55.0,6.837,6.5,0,6.5,0.337,50.744,84.57,15.43,15.958,-0.02,
292.0,4.867,SUNLIT,1.0,55.0,6.86,6.5,0,6.5,0.36,50.744,84.57,15.43,15.958,-0.021,
293.0,4.883,SUNLIT,1.0,55.0,6.883,6.5,0,6.5,0.383,50.7441,84.57,15.43,15.958,-0.023,
294.0,4.9,SUNLIT,1.0,55.0,6.906,6.5,0,6.5,0.406,50.7443,84.57,15.43,15.958,-0.024,
295.0,4.917,SUNLIT,1.0,55.0,6.929,6.5,0,6.5,0.429,50.7444,84.57,15.43,15.958,-0.025,
296.0,4.933,SUNLIT,1.0,55.0,6.952,6.5,0,6.5,0.452,50.7445,84.57,15.43,15.958,-0.027,
297.0,4.95,SUNLIT,1.0,55.0,6.975,6.5,0,6.5,0.475,50.7446,84.57,15.43,15.959,-0.028,
298.0,4.967,SUNLIT,1.0,55.0,6.998,6.5,0,6.5,0.498,50.7447,84.57,15.43,15.959,-0.029,
299.0,4.983,SUNLIT,1.0,55.0,7.021,6.5,0,6.5,0.521,50.7449,84.57,15.43,15.959,-0.031,
300.0,5.0,SUNLIT,1.0,55.0,7.044,6.5,0,6.5,0.544,50.745,84.58,15.42,15.959,-0.032,
301.0,5.017,SUNLIT,1.0,55.0,7.067,6.5,0,6.5,0.567,50.7452,84.58,15.42,15.959,-0.033,
302.0,5.033,SUNLIT,1.0,55.0,7.09,6.5,0,6.5,0.59,50.7453,84.58,15.42,15.959,-0.035,
303.0,5.05,SUNLIT,1.0,55.0,7.112,6.5,0,6.5,0.612,50.7455,84.58,15.42,15.96,-0.036,
304.0,5.067,SUNLIT,1.0,55.0,7.135,6.5,0,6.5,0.635,50.7456,84.58,15.42,15.96,-0.037,
305.0,5.083,SUNLIT,1.0,55.0,7.158,6.5,0,6.5,0.658,50.7458,84.58,15.42,15.96,-0.039,
306.0,5.1,SUNLIT,1.0,55.0,7.181,6.5,0,6.5,0.681,50.746,84.58,15.42,15.96,-0.04,
307.0,5.117,SUNLIT,1.0,55.0,7.204,6.5,0,6.5,0.704,50.7462,84.58,15.42,15.96,-0.041,
308.0,5.133,SUNLIT,1.0,55.0,7.227,6.5,0,6.5,0.727,50.7464,84.58,15.42,15.96,-0.043,
309.0,5.15,SUNLIT,1.0,55.0,7.25,6.5,0,6.5,0.75,50.7466,84.58,15.42,15.961,-0.044,
310.0,5.167,SUNLIT,1.0,55.0,7.272,6.5,0,6.5,0.772,50.7468,84.58,15.42,15.961,-0.046,
311.0,5.183,SUNLIT,1.0,55.0,7.295,6.5,0,6.5,0.795,50.747,84.58,15.42,15.961,-0.047,
312.0,5.2,SUNLIT,1.0,55.0,7.318,6.5,0,6.5,0.818,50.7472,84.58,15.42,15.961,-0.048,
313.0,5.217,SUNLIT,1.0,55.0,7.341,6.5,0,6.5,0.841,50.7474,84.58,15.42,15.961,-0.05,
314.0,5.233,SUNLIT,1.0,55.0,7.364,6.5,0,6.5,0.864,50.7476,84.58,15.42,15.962,-0.051,
315.0,5.25,SUNLIT,1.0,55.0,7.387,6.5,0,6.5,0.887,50.7479,84.58,15.42,15.962,-0.052,
316.0,5.267,SUNLIT,1.0,55.0,7.409,6.5,0,6.5,0.909,50.7481,84.58,15.42,15.962,-0.054,
317.0,5.283,SUNLIT,1.0,55.0,7.432,6.5,0,6.5,0.932,50.7483,84.58,15.42,15.962,-0.055,
318.0,5.3,SUNLIT,1.0,55.0,7.455,6.5,0,6.5,0.955,50.7486,84.58,15.42,15.962,-0.056,
319.0,5.317,SUNLIT,1.0,55.0,7.478,6.5,0,6.5,0.978,50.7488,84.58,15.42,15.962,-0.058,
320.0,5.333,SUNLIT,1.0,55.0,7.5,6.5,0,6.5,1.0,50.7491,84.58,15.42,15.963,-0.059,
321.0,5.35,SUNLIT,1.0,55.0,7.523,6.5,0,6.5,1.023,50.7494,84.58,15.42,15.963,-0.06,
322.0,5.367,SUNLIT,1.0,55.0,7.546,6.5,0,6.5,1.046,50.7496,84.58,15.42,15.963,-0.062,
323.0,5.383,SUNLIT,1.0,55.0,7.569,6.5,0,6.5,1.069,50.7499,84.58,15.42,15.963,-0.063,
324.0,5.4,SUNLIT,1.0,55.0,7.592,6.5,0,6.5,1.092,50.7502,84.58,15.42,15.963,-0.064,
325.0,5.417,SUNLIT,1.0,55.0,7.614,6.5,0,6.5,1.114,50.7505,84.58,15.42,15.964,-0.066,
326.0,5.433,SUNLIT,1.0,55.0,7.637,6.5,0,6.5,1.137,50.7508,84.58,15.42,15.964,-0.067,
327.0,5.45,SUNLIT,1.0,55.0,7.66,6.5,0,6.5,1.16,50.7511,84.59,15.41,15.964,-0.068,
328.0,5.467,SUNLIT,1.0,55.0,7.682,6.5,0,6.5,1.182,50.7514,84.59,15.41,15.964,-0.07,
329.0,5.483,SUNLIT,1.0,55.0,7.705,6.5,0,6.5,1.205,50.7517,84.59,15.41,15.964,-0.071,
330.0,5.5,SUNLIT,1.0,55.0,7.728,6.5,0,6.5,1.228,50.752,84.59,15.41,15.965,-0.072,
331.0,5.517,SUNLIT,1.0,55.0,7.751,6.5,0,6.5,1.251,50.7524,84.59,15.41,15.965,-0.074,
332.0,5.533,SUNLIT,1.0,55.0,7.773,6.5,0,6.5,1.273,50.7527,84.59,15.41,15.965,-0.075,
333.0,5.55,SUNLIT,1.0,55.0,7.796,6.5,0,6.5,1.296,50.753,84.59,15.41,15.965,-0.076,
334.0,5.567,SUNLIT,1.0,55.0,7.819,6.5,0,6.5,1.319,50.7534,84.59,15.41,15.965,-0.078,
335.0,5.583,SUNLIT,1.0,55.0,7.841,6.5,0,6.5,1.341,50.7537,84.59,15.41,15.965,-0.079,
336.0,5.6,SUNLIT,1.0,55.0,7.864,6.5,0,6.5,1.364,50.7541,84.59,15.41,15.966,-0.08,
337.0,5.617,SUNLIT,1.0,55.0,7.887,6.5,0,6.5,1.387,50.7545,84.59,15.41,15.966,-0.082,
338.0,5.633,SUNLIT,1.0,55.0,7.909,6.5,0,6.5,1.409,50.7548,84.59,15.41,15.966,-0.083,
339.0,5.65,SUNLIT,1.0,55.0,7.932,6.5,0,6.5,1.432,50.7552,84.59,15.41,15.966,-0.084,
340.0,5.667,SUNLIT,1.0,55.0,7.955,6.5,0,6.5,1.455,50.7556,84.59,15.41,15.966,-0.086,
341.0,5.683,SUNLIT,1.0,55.0,7.977,6.5,0,6.5,1.477,50.756,84.59,15.41,15.967,-0.087,
342.0,5.7,SUNLIT,1.0,55.0,8.0,6.5,0,6.5,1.5,50.7564,84.59,15.41,15.967,-0.088,
343.0,5.717,SUNLIT,1.0,55.0,8.023,6.5,0,6.5,1.523,50.7568,84.59,15.41,15.967,-0.09,
344.0,5.733,SUNLIT,1.0,55.0,8.045,6.5,0,6.5,1.545,50.7572,84.6,15.4,15.967,-0.091,
345.0,5.75,SUNLIT,1.0,55.0,8.068,6.5,0,6.5,1.568,50.7576,84.6,15.4,15.967,-0.092,
346.0,5.767,SUNLIT,1.0,55.0,8.09,6.5,0,6.5,1.59,50.758,84.6,15.4,15.968,-0.094,
347.0,5.783,SUNLIT,1.0,55.0,8.113,6.5,0,6.5,1.613,50.7584,84.6,15.4,15.968,-0.095,
348.0,5.8,SUNLIT,1.0,55.0,8.136,6.5,0,6.5,1.636,50.7588,84.6,15.4,15.968,-0.096,
349.0,5.817,SUNLIT,1.0,55.0,8.158,6.5,0,6.5,1.658,50.7593,84.6,15.4,15.968,-0.098,
350.0,5.833,SUNLIT,1.0,55.0,8.181,6.5,0,6.5,1.681,50.7597,84.6,15.4,15.968,-0.099,
351.0,5.85,SUNLIT,1.0,55.0,8.203,6.5,0,6.5,1.703,50.7601,84.6,15.4,15.969,-0.1,
352.0,5.867,SUNLIT,1.0,55.0,8.226,6.5,0,6.5,1.726,50.7606,84.6,15.4,15.969,-0.102,
353.0,5.883,SUNLIT,1.0,55.0,8.249,6.5,0,6.5,1.749,50.7611,84.6,15.4,15.969,-0.103,
354.0,5.9,SUNLIT,1.0,55.0,8.271,6.5,0,6.5,1.771,50.7615,84.6,15.4,15.969,-0.104,
355.0,5.917,SUNLIT,1.0,55.0,8.294,6.5,0,6.5,1.794,50.762,84.6,15.4,15.969,-0.106,
356.0,5.933,SUNLIT,1.0,55.0,8.316,6.5,0,6.5,1.816,50.7625,84.6,15.4,15.97,-0.107,
357.0,5.95,SUNLIT,1.0,55.0,8.339,6.5,0,6.5,1.839,50.7629,84.6,15.4,15.97,-0.108,
358.0,5.967,SUNLIT,1.0,55.0,8.361,6.5,0,6.5,1.861,50.7634,84.61,15.39,15.97,-0.11,
359.0,5.983,SUNLIT,1.0,55.0,8.384,6.5,0,6.5,1.884,50.7639,84.61,15.39,15.97,-0.111,
360.0,6.0,SUNLIT,1.0,55.0,8.406,6.5,0,6.5,1.906,50.7644,84.61,15.39,15.97,-0.112,
361.0,6.017,SUNLIT,1.0,55.0,8.429,6.5,0,6.5,1.929,50.7649,84.61,15.39,15.971,-0.114,
362.0,6.033,SUNLIT,1.0,55.0,8.451,6.5,0,6.5,1.951,50.7654,84.61,15.39,15.971,-0.115,
363.0,6.05,SUNLIT,1.0,55.0,8.474,6.5,0,6.5,1.974,50.7659,84.61,15.39,15.971,-0.116,
364.0,6.067,SUNLIT,1.0,55.0,8.496,6.5,0,6.5,1.996,50.7665,84.61,15.39,15.971,-0.118,
365.0,6.083,SUNLIT,1.0,55.0,8.519,6.5,0,6.5,2.019,50.767,84.61,15.39,15.971,-0.119,
366.0,6.1,SUNLIT,1.0,55.0,8.541,6.5,0,6.5,2.041,50.7675,84.61,15.39,15.972,-0.12,
367.0,6.117,SUNLIT,1.0,55.0,8.564,6.5,0,6.5,2.064,50.7681,84.61,15.39,15.972,-0.122,
368.0,6.133,SUNLIT,1.0,55.0,8.586,6.5,0,6.5,2.086,50.7686,84.61,15.39,15.972,-0.123,
369.0,6.15,SUNLIT,1.0,55.0,8.609,6.5,0,6.5,2.109,50.7692,84.62,15.38,15.972,-0.124,
370.0,6.167,SUNLIT,1.0,55.0,8.631,6.5,0,6.5,2.131,50.7697,84.62,15.38,15.973,-0.126,
371.0,6.183,SUNLIT,1.0,55.0,8.653,6.5,0,6.5,2.153,50.7703,84.62,15.38,15.973,-0.127,
372.0,6.2,SUNLIT,1.0,55.0,8.676,6.5,0,6.5,2.176,50.7708,84.62,15.38,15.973,-0.128,
373.0,6.217,SUNLIT,1.0,55.0,8.698,6.5,0,6.5,2.198,50.7714,84.62,15.38,15.973,-0.129,
374.0,6.233,SUNLIT,1.0,55.0,8.721,6.5,0,6.5,2.221,50.772,84.62,15.38,15.973,-0.131,
375.0,6.25,SUNLIT,1.0,55.0,8.743,6.5,0,6.5,2.243,50.7726,84.62,15.38,15.974,-0.132,
376.0,6.267,SUNLIT,1.0,55.0,8.766,6.5,0,6.5,2.266,50.7732,84.62,15.38,15.974,-0.133,
377.0,6.283,SUNLIT,1.0,55.0,8.788,6.5,0,6.5,2.288,50.7738,84.62,15.38,15.974,-0.135,
378.0,6.3,SUNLIT,1.0,55.0,8.81,6.5,0,6.5,2.31,50.7744,84.62,15.38,15.974,-0.136,
379.0,6.317,SUNLIT,1.0,55.0,8.833,6.5,0,6.5,2.333,50.775,84.62,15.38,15.974,-0.137,
380.0,6.333,SUNLIT,1.0,55.0,8.855,6.5,0,6.5,2.355,50.7756,84.63,15.37,15.975,-0.139,
381.0,6.35,SUNLIT,1.0,55.0,8.877,6.5,0,6.5,2.377,50.7762,84.63,15.37,15.975,-0.14,
382.0,6.367,SUNLIT,1.0,55.0,8.9,6.5,0,6.5,2.4,50.7768,84.63,15.37,15.975,-0.141,
383.0,6.383,SUNLIT,1.0,55.0,8.922,6.5,0,6.5,2.422,50.7775,84.63,15.37,15.975,-0.143,
384.0,6.4,SUNLIT,1.0,55.0,8.945,6.5,0,6.5,2.445,50.7781,84.63,15.37,15.975,-0.144,
385.0,6.417,SUNLIT,1.0,55.0,8.967,6.5,0,6.5,2.467,50.7788,84.63,15.37,15.976,-0.145,
386.0,6.433,SUNLIT,1.0,55.0,8.989,6.5,0,6.5,2.489,50.7794,84.63,15.37,15.976,-0.147,
387.0,6.45,SUNLIT,1.0,55.0,9.011,6.5,0,6.5,2.511,50.7801,84.63,15.37,15.976,-0.148,
388.0,6.467,SUNLIT,1.0,55.0,9.034,6.5,0,6.5,2.534,50.7807,84.63,15.37,15.976,-0.149,
389.0,6.483,SUNLIT,1.0,55.0,9.056,6.5,0,6.5,2.556,50.7814,84.64,15.36,15.977,-0.151,
390.0,6.5,SUNLIT,1.0,55.0,9.078,6.5,0,6.5,2.578,50.7821,84.64,15.36,15.977,-0.152,
391.0,6.517,SUNLIT,1.0,55.0,9.101,6.5,0,6.5,2.601,50.7828,84.64,15.36,15.977,-0.153,
392.0,6.533,SUNLIT,1.0,55.0,9.123,6.5,0,6.5,2.623,50.7834,84.64,15.36,15.977,-0.155,
393.0,6.55,SUNLIT,1.0,55.0,9.145,6.5,0,6.5,2.645,50.7841,84.64,15.36,15.977,-0.156,
394.0,6.567,SUNLIT,1.0,55.0,9.168,6.5,0,6.5,2.668,50.7848,84.64,15.36,15.978,-0.157,
395.0,6.583,SUNLIT,1.0,55.0,9.19,6.5,0,6.5,2.69,50.7855,84.64,15.36,15.978,-0.158,
396.0,6.6,SUNLIT,1.0,55.0,9.212,6.5,0,6.5,2.712,50.7862,84.64,15.36,15.978,-0.16,
397.0,6.617,SUNLIT,1.0,55.0,9.234,6.5,0,6.5,2.734,50.7869,84.64,15.36,15.978,-0.161,
398.0,6.633,SUNLIT,1.0,55.0,9.257,6.5,0,6.5,2.757,50.7877,84.65,15.35,15.979,-0.162,
399.0,6.65,SUNLIT,1.0,55.0,9.279,6.5,0,6.5,2.779,50.7884,84.65,15.35,15.979,-0.164,
400.0,6.667,SUNLIT,1.0,55.0,9.301,6.5,0,6.5,2.801,50.7891,84.65,15.35,15.979,-0.165,
401.0,6.683,SUNLIT,1.0,55.0,9.323,6.5,0,6.5,2.823,50.7899,84.65,15.35,15.979,-0.166,
402.0,6.7,SUNLIT,1.0,55.0,9.345,6.5,0,6.5,2.845,50.7906,84.65,15.35,15.979,-0.168,
403.0,6.717,SUNLIT,1.0,55.0,9.368,6.5,0,6.5,2.868,50.7914,84.65,15.35,15.98,-0.169,
404.0,6.733,SUNLIT,1.0,55.0,9.39,6.5,0,6.5,2.89,50.7921,84.65,15.35,15.98,-0.17,
405.0,6.75,SUNLIT,1.0,55.0,9.412,6.5,0,6.5,2.912,50.7929,84.65,15.35,15.98,-0.172,
406.0,6.767,SUNLIT,1.0,55.0,9.434,6.5,0,6.5,2.934,50.7936,84.66,15.34,15.98,-0.173,
407.0,6.783,SUNLIT,1.0,55.0,9.456,6.5,0,6.5,2.956,50.7944,84.66,15.34,15.981,-0.174,
408.0,6.8,SUNLIT,1.0,55.0,9.478,6.5,0,6.5,2.978,50.7952,84.66,15.34,15.981,-0.175,
409.0,6.817,SUNLIT,1.0,55.0,9.501,6.5,0,6.5,3.001,50.796,84.66,15.34,15.981,-0.177,
410.0,6.833,SUNLIT,1.0,55.0,9.523,6.5,0,6.5,3.023,50.7968,84.66,15.34,15.981,-0.178,
411.0,6.85,SUNLIT,1.0,55.0,9.545,6.5,0,6.5,3.045,50.7976,84.66,15.34,15.981,-0.179,
412.0,6.867,SUNLIT,1.0,55.0,9.567,6.5,0,6.5,3.067,50.7984,84.66,15.34,15.982,-0.181,
413.0,6.883,SUNLIT,1.0,55.0,9.589,6.5,0,6.5,3.089,50.7992,84.67,15.33,15.982,-0.182,
414.0,6.9,SUNLIT,1.0,55.0,9.611,6.5,0,6.5,3.111,50.8,84.67,15.33,15.982,-0.183,
415.0,6.917,SUNLIT,1.0,55.0,9.633,6.5,0,6.5,3.133,50.8008,84.67,15.33,15.982,-0.185,
416.0,6.933,SUNLIT,1.0,55.0,9.655,6.5,0,6.5,3.155,50.8016,84.67,15.33,15.983,-0.186,
417.0,6.95,SUNLIT,1.0,55.0,9.678,6.5,0,6.5,3.178,50.8024,84.67,15.33,15.983,-0.187,
418.0,6.967,SUNLIT,1.0,55.0,9.7,6.5,0,6.5,3.2,50.8033,84.67,15.33,15.983,-0.188,
419.0,6.983,SUNLIT,1.0,55.0,9.722,6.5,0,6.5,3.222,50.8041,84.67,15.33,15.983,-0.19,
420.0,7.0,SUNLIT,1.0,55.0,9.744,6.5,0,6.5,3.244,50.805,84.67,15.33,15.984,-0.191,
421.0,7.017,SUNLIT,1.0,55.0,9.766,6.5,0,6.5,3.266,50.8058,84.68,15.32,15.984,-0.192,
422.0,7.033,SUNLIT,1.0,55.0,9.788,6.5,0,6.5,3.288,50.8067,84.68,15.32,15.984,-0.194,
423.0,7.05,SUNLIT,1.0,55.0,9.81,6.5,0,6.5,3.31,50.8075,84.68,15.32,15.984,-0.195,
424.0,7.067,SUNLIT,1.0,55.0,9.832,6.5,0,6.5,3.332,50.8084,84.68,15.32,15.984,-0.196,
425.0,7.083,SUNLIT,1.0,55.0,9.854,6.5,0,6.5,3.354,50.8093,84.68,15.32,15.985,-0.198,
426.0,7.1,SUNLIT,1.0,55.0,9.876,6.5,0,6.5,3.376,50.8102,84.68,15.32,15.985,-0.199,
427.0,7.117,SUNLIT,1.0,55.0,9.898,6.5,0,6.5,3.398,50.8111,84.69,15.31,15.985,-0.2,
428.0,7.133,SUNLIT,1.0,55.0,9.92,6.5,0,6.5,3.42,50.812,84.69,15.31,15.985,-0.201,
429.0,7.15,SUNLIT,1.0,55.0,9.942,6.5,0,6.5,3.442,50.8128,84.69,15.31,15.986,-0.203,
430.0,7.167,SUNLIT,1.0,55.0,9.964,6.5,0,6.5,3.464,50.8138,84.69,15.31,15.986,-0.204,
431.0,7.183,SUNLIT,1.0,55.0,9.986,6.5,0,6.5,3.486,50.8147,84.69,15.31,15.986,-0.205,
432.0,7.2,SUNLIT,1.0,55.0,10.008,6.5,0,6.5,3.508,50.8156,84.69,15.31,15.986,-0.207,
433.0,7.217,SUNLIT,1.0,55.0,10.03,6.5,0,6.5,3.53,50.8165,84.69,15.31,15.987,-0.208,
434.0,7.233,SUNLIT,1.0,55.0,10.052,6.5,0,6.5,3.552,50.8174,84.7,15.3,15.987,-0.209,
435.0,7.25,SUNLIT,1.0,55.0,10.074,6.5,0,6.5,3.574,50.8184,84.7,15.3,15.987,-0.21,
436.0,7.267,SUNLIT,1.0,55.0,10.096,6.5,0,6.5,3.596,50.8193,84.7,15.3,15.987,-0.212,
437.0,7.283,SUNLIT,1.0,55.0,10.118,6.5,0,6.5,3.618,50.8202,84.7,15.3,15.988,-0.213,
438.0,7.3,SUNLIT,1.0,55.0,10.14,6.5,0,6.5,3.64,50.8212,84.7,15.3,15.988,-0.214,
439.0,7.317,SUNLIT,1.0,55.0,10.161,6.5,0,6.5,3.661,50.8222,84.7,15.3,15.988,-0.216,
440.0,7.333,SUNLIT,1.0,55.0,10.183,6.5,0,6.5,3.683,50.8231,84.71,15.29,15.988,-0.217,
441.0,7.35,SUNLIT,1.0,55.0,10.205,6.5,0,6.5,3.705,50.8241,84.71,15.29,15.988,-0.218,
442.0,7.367,SUNLIT,1.0,55.0,10.227,6.5,0,6.5,3.727,50.8251,84.71,15.29,15.989,-0.219,
443.0,7.383,SUNLIT,1.0,55.0,10.249,6.5,0,6.5,3.749,50.826,84.71,15.29,15.989,-0.221,
444.0,7.4,SUNLIT,1.0,55.0,10.271,6.5,0,6.5,3.771,50.827,84.71,15.29,15.989,-0.222,
445.0,7.417,SUNLIT,1.0,55.0,10.293,6.5,0,6.5,3.793,50.828,84.71,15.29,15.989,-0.223,
446.0,7.433,SUNLIT,1.0,55.0,10.315,6.5,0,6.5,3.815,50.829,84.72,15.28,15.99,-0.225,
447.0,7.45,SUNLIT,1.0,55.0,10.336,6.5,0,6.5,3.836,50.83,84.72,15.28,15.99,-0.226,
448.0,7.467,SUNLIT,1.0,55.0,10.358,6.5,0,6.5,3.858,50.831,84.72,15.28,15.99,-0.227,
449.0,7.483,SUNLIT,1.0,55.0,10.38,6.5,0,6.5,3.88,50.832,84.72,15.28,15.99,-0.228,
450.0,7.5,SUNLIT,1.0,55.0,10.402,6.5,0,6.5,3.902,50.833,84.72,15.28,15.991,-0.23,
451.0,7.517,SUNLIT,1.0,55.0,10.424,6.5,0,6.5,3.924,50.8341,84.72,15.28,15.991,-0.231,
452.0,7.533,SUNLIT,1.0,55.0,10.446,6.5,0,6.5,3.946,50.8351,84.73,15.27,15.991,-0.232,
453.0,7.55,SUNLIT,1.0,55.0,10.467,6.5,0,6.5,3.967,50.8361,84.73,15.27,15.991,-0.234,
454.0,7.567,SUNLIT,1.0,55.0,10.489,6.5,0,6.5,3.989,50.8372,84.73,15.27,15.992,-0.235,
455.0,7.583,SUNLIT,1.0,55.0,10.511,6.5,0,6.5,4.011,50.8382,84.73,15.27,15.992,-0.236,
456.0,7.6,SUNLIT,1.0,55.0,10.533,6.5,0,6.5,4.033,50.8393,84.73,15.27,15.992,-0.237,
457.0,7.617,SUNLIT,1.0,55.0,10.554,6.5,0,6.5,4.054,50.8403,84.73,15.27,15.992,-0.239,
458.0,7.633,SUNLIT,1.0,55.0,10.576,6.5,0,6.5,4.076,50.8414,84.74,15.26,15.993,-0.24,
459.0,7.65,SUNLIT,1.0,55.0,10.598,6.5,0,6.5,4.098,50.8425,84.74,15.26,15.993,-0.241,
460.0,7.667,SUNLIT,1.0,55.0,10.62,6.5,0,6.5,4.12,50.8435,84.74,15.26,15.993,-0.243,
461.0,7.683,SUNLIT,1.0,55.0,10.641,6.5,0,6.5,4.141,50.8446,84.74,15.26,15.993,-0.244,
462.0,7.7,SUNLIT,1.0,55.0,10.663,6.5,0,6.5,4.163,50.8457,84.74,15.26,15.994,-0.245,
463.0,7.717,SUNLIT,1.0,55.0,10.685,6.5,0,6.5,4.185,50.8468,84.74,15.26,15.994,-0.246,
464.0,7.733,SUNLIT,1.0,55.0,10.706,6.5,0,6.5,4.206,50.8479,84.75,15.25,15.994,-0.248,
465.0,7.75,SUNLIT,1.0,55.0,10.728,6.5,0,6.5,4.228,50.849,84.75,15.25,15.994,-0.249,
466.0,7.767,SUNLIT,1.0,55.0,10.75,6.5,0,6.5,4.25,50.8501,84.75,15.25,15.995,-0.25,
467.0,7.783,SUNLIT,1.0,55.0,10.771,6.5,0,6.5,4.271,50.8512,84.75,15.25,15.995,-0.252,
468.0,7.8,SUNLIT,1.0,55.0,10.793,6.5,0,6.5,4.293,50.8524,84.75,15.25,15.995,-0.253,
469.0,7.817,SUNLIT,1.0,55.0,10.815,6.5,0,6.5,4.315,50.8535,84.76,15.24,15.995,-0.254,
470.0,7.833,SUNLIT,1.0,55.0,10.836,6.5,0,6.5,4.336,50.8546,84.76,15.24,15.996,-0.255,
471.0,7.85,SUNLIT,1.0,55.0,10.858,6.5,0,6.5,4.358,50.8558,84.76,15.24,15.996,-0.257,
472.0,7.867,SUNLIT,1.0,55.0,10.88,6.5,0,6.5,4.38,50.8569,84.76,15.24,15.996,-0.258,
473.0,7.883,SUNLIT,1.0,55.0,10.901,6.5,0,6.5,4.401,50.858,84.76,15.24,15.996,-0.259,
474.0,7.9,SUNLIT,1.0,55.0,10.923,6.5,0,6.5,4.423,50.8592,84.77,15.23,15.997,-0.26,
475.0,7.917,SUNLIT,1.0,55.0,10.944,6.5,0,6.5,4.444,50.8604,84.77,15.23,15.997,-0.262,
476.0,7.933,SUNLIT,1.0,55.0,10.966,6.5,0,6.5,4.466,50.8615,84.77,15.23,15.997,-0.263,
477.0,7.95,SUNLIT,1.0,55.0,10.988,6.5,0,6.5,4.488,50.8627,84.77,15.23,15.997,-0.264,
478.0,7.967,SUNLIT,1.0,55.0,11.009,6.5,0,6.5,4.509,50.8639,84.77,15.23,15.998,-0.265,
479.0,7.983,SUNLIT,1.0,55.0,11.031,6.5,0,6.5,4.531,50.8651,84.78,15.22,15.998,-0.267,
480.0,8.0,SUNLIT,1.0,55.0,11.052,6.5,0,6.5,4.552,50.8662,84.78,15.22,15.998,-0.268,
481.0,8.017,SUNLIT,1.0,55.0,11.074,6.5,0,6.5,4.574,50.8674,84.78,15.22,15.998,-0.269,
482.0,8.033,SUNLIT,1.0,55.0,11.095,6.5,0,6.5,4.595,50.8686,84.78,15.22,15.999,-0.271,
483.0,8.05,SUNLIT,1.0,55.0,11.117,6.5,0,6.5,4.617,50.8698,84.78,15.22,15.999,-0.272,
484.0,8.067,SUNLIT,1.0,55.0,11.138,6.5,0,6.5,4.638,50.8711,84.79,15.21,15.999,-0.273,
485.0,8.083,SUNLIT,1.0,55.0,11.16,6.5,0,6.5,4.66,50.8723,84.79,15.21,16.0,-0.274,
486.0,8.1,SUNLIT,1.0,55.0,11.181,6.5,0,6.5,4.681,50.8735,84.79,15.21,16.0,-0.276,
487.0,8.117,SUNLIT,1.0,55.0,11.203,6.5,0,6.5,4.703,50.8747,84.79,15.21,16.0,-0.277,
488.0,8.133,SUNLIT,1.0,55.0,11.224,6.5,0,6.5,4.724,50.876,84.79,15.21,16.0,-0.278,
489.0,8.15,SUNLIT,1.0,55.0,11.246,6.5,0,6.5,4.746,50.8772,84.8,15.2,16.001,-0.279,
490.0,8.167,SUNLIT,1.0,55.0,11.267,6.5,0,6.5,4.767,50.8784,84.8,15.2,16.001,-0.281,
491.0,8.183,SUNLIT,1.0,55.0,11.289,6.5,0,6.5,4.789,50.8797,84.8,15.2,16.001,-0.282,
492.0,8.2,SUNLIT,1.0,55.0,11.31,6.5,0,6.5,4.81,50.881,84.8,15.2,16.001,-0.283,
493.0,8.217,SUNLIT,1.0,55.0,11.332,6.5,0,6.5,4.832,50.8822,84.8,15.2,16.002,-0.284,
494.0,8.233,SUNLIT,1.0,55.0,11.353,6.5,0,6.5,4.853,50.8835,84.81,15.19,16.002,-0.286,
495.0,8.25,SUNLIT,1.0,55.0,11.374,6.5,0,6.5,4.874,50.8848,84.81,15.19,16.002,-0.287,
496.0,8.267,SUNLIT,1.0,55.0,11.396,6.5,0,6.5,4.896,50.886,84.81,15.19,16.002,-0.288,
497.0,8.283,SUNLIT,1.0,55.0,11.417,6.5,0,6.5,4.917,50.8873,84.81,15.19,16.003,-0.289,
498.0,8.3,SUNLIT,1.0,55.0,11.439,6.5,0,6.5,4.939,50.8886,84.81,15.19,16.003,-0.291,
499.0,8.317,SUNLIT,1.0,55.0,11.46,6.5,0,6.5,4.96,50.8899,84.82,15.18,16.003,-0.292,
500.0,8.333,SUNLIT,1.0,55.0,11.481,6.5,0,6.5,4.981,50.8912,84.82,15.18,16.003,-0.293,
501.0,8.35,SUNLIT,1.0,55.0,11.503,6.5,0,6.5,5.003,50.8925,84.82,15.18,16.004,-0.294,
502.0,8.367,SUNLIT,1.0,55.0,11.524,6.5,0,6.5,5.024,50.8938,84.82,15.18,16.004,-0.296,
503.0,8.383,SUNLIT,1.0,55.0,11.545,6.5,0,6.5,5.045,50.8951,84.83,15.17,16.004,-0.297,
504.0,8.4,SUNLIT,1.0,55.0,11.567,6.5,0,6.5,5.067,50.8965,84.83,15.17,16.005,-0.298,
505.0,8.417,SUNLIT,1.0,55.0,11.588,6.5,0,6.5,5.088,50.8978,84.83,15.17,16.005,-0.3,
506.0,8.433,SUNLIT,1.0,55.0,11.609,6.5,0,6.5,5.109,50.8991,84.83,15.17,16.005,-0.301,
507.0,8.45,SUNLIT,1.0,55.0,11.631,6.5,0,6.5,5.131,50.9005,84.83,15.17,16.005,-0.302,
508.0,8.467,SUNLIT,1.0,55.0,11.652,6.5,0,6.5,5.152,50.9018,84.84,15.16,16.006,-0.303,
509.0,8.483,SUNLIT,1.0,55.0,11.673,6.5,0,6.5,5.173,50.9032,84.84,15.16,16.006,-0.305,
510.0,8.5,SUNLIT,1.0,55.0,11.694,6.5,0,6.5,5.194,50.9045,84.84,15.16,16.006,-0.306,
511.0,8.517,SUNLIT,1.0,55.0,11.716,6.5,0,6.5,5.216,50.9059,84.84,15.16,16.006,-0.307,
512.0,8.533,SUNLIT,1.0,55.0,11.737,6.5,0,6.5,5.237,50.9072,84.85,15.15,16.007,-0.308,
513.0,8.55,SUNLIT,1.0,55.0,11.758,6.5,0,6.5,5.258,50.9086,84.85,15.15,16.007,-0.31,
514.0,8.567,SUNLIT,1.0,55.0,11.779,6.5,0,6.5,5.279,50.91,84.85,15.15,16.007,-0.311,
515.0,8.583,SUNLIT,1.0,55.0,11.801,6.5,0,6.5,5.301,50.9114,84.85,15.15,16.008,-0.312,
516.0,8.6,SUNLIT,1.0,55.0,11.822,6.5,0,6.5,5.322,50.9128,84.85,15.15,16.008,-0.313,
517.0,8.617,SUNLIT,1.0,55.0,11.843,6.5,0,6.5,5.343,50.9142,84.86,15.14,16.008,-0.314,
518.0,8.633,SUNLIT,1.0,55.0,11.864,6.5,0,6.5,5.364,50.9156,84.86,15.14,16.008,-0.316,
519.0,8.65,SUNLIT,1.0,55.0,11.885,6.5,0,6.5,5.385,50.917,84.86,15.14,16.009,-0.317,
520.0,8.667,SUNLIT,1.0,55.0,11.907,6.5,0,6.5,5.407,50.9184,84.86,15.14,16.009,-0.318,
521.0,8.683,SUNLIT,1.0,55.0,11.928,6.5,0,6.5,5.428,50.9198,84.87,15.13,16.009,-0.319,
522.0,8.7,SUNLIT,1.0,55.0,11.949,6.5,0,6.5,5.449,50.9212,84.87,15.13,16.009,-0.321,
523.0,8.717,SUNLIT,1.0,55.0,11.97,6.5,0,6.5,5.47,50.9226,84.87,15.13,16.01,-0.322,
524.0,8.733,SUNLIT,1.0,55.0,11.991,6.5,0,6.5,5.491,50.9241,84.87,15.13,16.01,-0.323,
525.0,8.75,SUNLIT,1.0,55.0,12.012,6.5,0,6.5,5.512,50.9255,84.88,15.12,16.01,-0.324,
526.0,8.767,SUNLIT,1.0,55.0,12.033,6.5,0,6.5,5.533,50.927,84.88,15.12,16.011,-0.326,
527.0,8.783,SUNLIT,1.0,55.0,12.055,6.5,0,6.5,5.555,50.9284,84.88,15.12,16.011,-0.327,
528.0,8.8,SUNLIT,1.0,55.0,12.076,6.5,0,6.5,5.576,50.9299,84.88,15.12,16.011,-0.328,
529.0,8.817,SUNLIT,1.0,55.0,12.097,6.5,0,6.5,5.597,50.9313,84.89,15.11,16.011,-0.329,
530.0,8.833,SUNLIT,1.0,55.0,12.118,6.5,0,6.5,5.618,50.9328,84.89,15.11,16.012,-0.331,
531.0,8.85,SUNLIT,1.0,55.0,12.139,6.5,0,6.5,5.639,50.9343,84.89,15.11,16.012,-0.332,
532.0,8.867,SUNLIT,1.0,55.0,12.16,6.5,0,6.5,5.66,50.9358,84.89,15.11,16.012,-0.333,
533.0,8.883,SUNLIT,1.0,55.0,12.181,6.5,0,6.5,5.681,50.9372,84.9,15.1,16.013,-0.334,
534.0,8.9,SUNLIT,1.0,55.0,12.202,6.5,0,6.5,5.702,50.9387,84.9,15.1,16.013,-0.336,
535.0,8.917,SUNLIT,1.0,55.0,12.223,6.5,0,6.5,5.723,50.9402,84.9,15.1,16.013,-0.337,
536.0,8.933,SUNLIT,1.0,55.0,12.244,6.5,0,6.5,5.744,50.9417,84.9,15.1,16.013,-0.338,
537.0,8.95,SUNLIT,1.0,55.0,12.265,6.5,0,6.5,5.765,50.9432,84.91,15.09,16.014,-0.339,
538.0,8.967,SUNLIT,1.0,55.0,12.286,6.5,0,6.5,5.786,50.9447,84.91,15.09,16.014,-0.341,
539.0,8.983,SUNLIT,1.0,55.0,12.307,6.5,0,6.5,5.807,50.9463,84.91,15.09,16.014,-0.342,
540.0,9.0,SUNLIT,1.0,55.0,12.328,6.5,0,6.5,5.828,50.9478,84.91,15.09,16.014,-0.343,
541.0,9.017,SUNLIT,1.0,55.0,12.349,6.5,0,6.5,5.849,50.9493,84.92,15.08,16.015,-0.344,
542.0,9.033,SUNLIT,1.0,55.0,12.37,6.5,0,6.5,5.87,50.9508,84.92,15.08,16.015,-0.345,
543.0,9.05,SUNLIT,1.0,55.0,12.391,6.5,0,6.5,5.891,50.9524,84.92,15.08,16.015,-0.347,
544.0,9.067,SUNLIT,1.0,55.0,12.412,6.5,0,6.5,5.912,50.9539,84.92,15.08,16.016,-0.348,
545.0,9.083,SUNLIT,1.0,55.0,12.433,6.5,0,6.5,5.933,50.9555,84.93,15.07,16.016,-0.349,
546.0,9.1,SUNLIT,1.0,55.0,12.454,6.5,0,6.5,5.954,50.957,84.93,15.07,16.016,-0.35,
547.0,9.117,SUNLIT,1.0,55.0,12.474,6.5,0,6.5,5.974,50.9586,84.93,15.07,16.016,-0.352,
548.0,9.133,SUNLIT,1.0,55.0,12.495,6.5,0,6.5,5.995,50.9601,84.93,15.07,16.017,-0.353,
549.0,9.15,SUNLIT,1.0,55.0,12.516,6.5,0,6.5,6.016,50.9617,84.94,15.06,16.017,-0.354,
550.0,9.167,SUNLIT,1.0,55.0,12.537,6.5,0,6.5,6.037,50.9633,84.94,15.06,16.017,-0.355,
551.0,9.183,SUNLIT,1.0,55.0,12.558,6.5,0,6.5,6.058,50.9649,84.94,15.06,16.018,-0.356,
552.0,9.2,SUNLIT,1.0,55.0,12.579,6.5,0,6.5,6.079,50.9665,84.94,15.06,16.018,-0.358,
553.0,9.217,SUNLIT,1.0,55.0,12.6,6.5,0,6.5,6.1,50.9681,84.95,15.05,16.018,-0.359,
554.0,9.233,SUNLIT,1.0,55.0,12.62,6.5,0,6.5,6.12,50.9697,84.95,15.05,16.019,-0.36,
555.0,9.25,SUNLIT,1.0,55.0,12.641,6.5,0,6.5,6.141,50.9713,84.95,15.05,16.019,-0.361,
556.0,9.267,SUNLIT,1.0,55.0,12.662,6.5,0,6.5,6.162,50.9729,84.95,15.05,16.019,-0.363,
557.0,9.283,SUNLIT,1.0,55.0,12.683,6.5,0,6.5,6.183,50.9745,84.96,15.04,16.019,-0.364,
558.0,9.3,SUNLIT,1.0,55.0,12.704,6.5,0,6.5,6.204,50.9761,84.96,15.04,16.02,-0.365,
559.0,9.317,SUNLIT,1.0,55.0,12.724,6.5,0,6.5,6.224,50.9777,84.96,15.04,16.02,-0.366,
560.0,9.333,SUNLIT,1.0,55.0,12.745,6.5,0,6.5,6.245,50.9794,84.97,15.03,16.02,-0.367,
561.0,9.35,SUNLIT,1.0,55.0,12.766,6.5,0,6.5,6.266,50.981,84.97,15.03,16.021,-0.369,
562.0,9.367,SUNLIT,1.0,55.0,12.787,6.5,0,6.5,6.287,50.9826,84.97,15.03,16.021,-0.37,
563.0,9.383,SUNLIT,1.0,55.0,12.807,6.5,0,6.5,6.307,50.9843,84.97,15.03,16.021,-0.371,
564.0,9.4,SUNLIT,1.0,55.0,12.828,6.5,0,6.5,6.328,50.9859,84.98,15.02,16.021,-0.372,
565.0,9.417,SUNLIT,1.0,55.0,12.849,6.5,0,6.5,6.349,50.9876,84.98,15.02,16.022,-0.374,
566.0,9.433,SUNLIT,1.0,55.0,12.87,6.5,0,6.5,6.37,50.9893,84.98,15.02,16.022,-0.375,
567.0,9.45,SUNLIT,1.0,55.0,12.89,6.5,0,6.5,6.39,50.9909,84.98,15.02,16.022,-0.376,
568.0,9.467,SUNLIT,1.0,55.0,12.911,6.5,0,6.5,6.411,50.9926,84.99,15.01,16.023,-0.377,
569.0,9.483,SUNLIT,1.0,55.0,12.932,6.5,0,6.5,6.432,50.9943,84.99,15.01,16.023,-0.378,
570.0,9.5,SUNLIT,1.0,55.0,12.952,6.5,0,6.5,6.452,50.996,84.99,15.01,16.023,-0.38,
571.0,9.517,SUNLIT,1.0,55.0,12.973,6.5,0,6.5,6.473,50.9976,85.0,15.0,16.023,-0.381,
572.0,9.533,SUNLIT,1.0,55.0,12.994,6.5,0,6.5,6.494,50.9993,85.0,15.0,16.024,-0.382,
573.0,9.55,SUNLIT,1.0,55.0,13.014,6.5,0,6.5,6.514,51.001,85.0,15.0,16.024,-0.383,
574.0,9.567,SUNLIT,1.0,55.0,13.035,6.5,0,6.5,6.535,51.0028,85.0,15.0,16.024,-0.384,
575.0,9.583,SUNLIT,1.0,55.0,13.055,6.5,0,6.5,6.555,51.0045,85.01,14.99,16.025,-0.386,
576.0,9.6,SUNLIT,1.0,55.0,13.076,6.5,0,6.5,6.576,51.0062,85.01,14.99,16.025,-0.387,
577.0,9.617,SUNLIT,1.0,55.0,13.097,6.5,0,6.5,6.597,51.0079,85.01,14.99,16.025,-0.388,
578.0,9.633,SUNLIT,1.0,55.0,13.117,6.5,0,6.5,6.617,51.0096,85.02,14.98,16.026,-0.389,
579.0,9.65,SUNLIT,1.0,55.0,13.138,6.5,0,6.5,6.638,51.0114,85.02,14.98,16.026,-0.39,
580.0,9.667,SUNLIT,1.0,55.0,13.158,6.5,0,6.5,6.658,51.0131,85.02,14.98,16.026,-0.392,
581.0,9.683,SUNLIT,1.0,55.0,13.179,6.5,0,6.5,6.679,51.0148,85.02,14.98,16.026,-0.393,
582.0,9.7,SUNLIT,1.0,55.0,13.199,6.5,0,6.5,6.699,51.0166,85.03,14.97,16.027,-0.394,
583.0,9.717,SUNLIT,1.0,55.0,13.22,6.5,0,6.5,6.72,51.0183,85.03,14.97,16.027,-0.395,
584.0,9.733,SUNLIT,1.0,55.0,13.24,6.5,0,6.5,6.74,51.0201,85.03,14.97,16.027,-0.397,
585.0,9.75,SUNLIT,1.0,55.0,13.261,6.5,0,6.5,6.761,51.0219,85.04,14.96,16.028,-0.398,
586.0,9.767,SUNLIT,1.0,55.0,13.281,6.5,0,6.5,6.781,51.0236,85.04,14.96,16.028,-0.399,
587.0,9.783,SUNLIT,1.0,55.0,13.302,6.5,0,6.5,6.802,51.0254,85.04,14.96,16.028,-0.4,
588.0,9.8,SUNLIT,1.0,55.0,13.322,6.5,0,6.5,6.822,51.0272,85.05,14.95,16.029,-0.401,
589.0,9.817,SUNLIT,1.0,55.0,13.343,6.5,0,6.5,6.843,51.029,85.05,14.95,16.029,-0.403,
590.0,9.833,SUNLIT,1.0,55.0,13.363,6.5,0,6.5,6.863,51.0308,85.05,14.95,16.029,-0.404,
591.0,9.85,SUNLIT,1.0,55.0,13.384,6.5,0,6.5,6.884,51.0326,85.05,14.95,16.029,-0.405,
592.0,9.867,SUNLIT,1.0,55.0,13.404,6.5,0,6.5,6.904,51.0344,85.06,14.94,16.03,-0.406,
593.0,9.883,SUNLIT,1.0,55.0,13.424,6.5,0,6.5,6.924,51.0362,85.06,14.94,16.03,-0.407,
594.0,9.9,SUNLIT,1.0,55.0,13.445,6.5,0,6.5,6.945,51.038,85.06,14.94,16.03,-0.408,
595.0,9.917,SUNLIT,1.0,55.0,13.465,6.5,0,6.5,6.965,51.0398,85.07,14.93,16.031,-0.41,
596.0,9.933,SUNLIT,1.0,55.0,13.486,6.5,0,6.5,6.986,51.0416,85.07,14.93,16.031,-0.411,
597.0,9.95,SUNLIT,1.0,55.0,13.506,6.5,0,6.5,7.006,51.0435,85.07,14.93,16.031,-0.412,
598.0,9.967,SUNLIT,1.0,55.0,13.526,6.5,0,6.5,7.026,51.0453,85.08,14.92,16.032,-0.413,
599.0,9.983,SUNLIT,1.0,55.0,13.547,6.5,0,6.5,7.047,51.0471,85.08,14.92,16.032,-0.414,
600.0,10.0,SUNLIT,1.0,55.0,13.567,6.5,0,6.5,7.067,51.049,85.08,14.92,16.032,-0.416,
601.0,10.017,SUNLIT,1.0,55.0,13.587,6.5,0,6.5,7.087,51.0508,85.08,14.92,16.033,-0.417,
602.0,10.033,SUNLIT,1.0,55.0,13.608,6.5,0,6.5,7.108,51.0527,85.09,14.91,16.033,-0.418,
603.0,10.05,SUNLIT,1.0,55.0,13.628,6.5,0,6.5,7.128,51.0546,85.09,14.91,16.033,-0.419,
604.0,10.067,SUNLIT,1.0,55.0,13.648,6.5,0,6.5,7.148,51.0564,85.09,14.91,16.033,-0.42,
605.0,10.083,SUNLIT,1.0,55.0,13.668,6.5,0,6.5,7.168,51.0583,85.1,14.9,16.034,-0.422,
606.0,10.1,SUNLIT,1.0,55.0,13.689,6.5,0,6.5,7.189,51.0602,85.1,14.9,16.034,-0.423,
607.0,10.117,SUNLIT,1.0,55.0,13.709,6.5,0,6.5,7.209,51.0621,85.1,14.9,16.034,-0.424,
608.0,10.133,SUNLIT,1.0,55.0,13.729,6.5,0,6.5,7.229,51.0639,85.11,14.89,16.035,-0.425,
609.0,10.15,SUNLIT,1.0,55.0,13.749,6.5,0,6.5,7.249,51.0658,85.11,14.89,16.035,-0.426,
610.0,10.167,SUNLIT,1.0,55.0,13.77,6.5,0,6.5,7.27,51.0677,85.11,14.89,16.035,-0.428,
611.0,10.183,SUNLIT,1.0,55.0,13.79,6.5,0,6.5,7.29,51.0696,85.12,14.88,16.036,-0.429,
612.0,10.2,SUNLIT,1.0,55.0,13.81,6.5,0,6.5,7.31,51.0716,85.12,14.88,16.036,-0.43,
613.0,10.217,SUNLIT,1.0,55.0,13.83,6.5,0,6.5,7.33,51.0735,85.12,14.88,16.036,-0.431,
614.0,10.233,SUNLIT,1.0,55.0,13.85,6.5,0,6.5,7.35,51.0754,85.13,14.87,16.037,-0.432,
615.0,10.25,SUNLIT,1.0,55.0,13.871,6.5,0,6.5,7.371,51.0773,85.13,14.87,16.037,-0.433,
616.0,10.267,SUNLIT,1.0,55.0,13.891,6.5,0,6.5,7.391,51.0792,85.13,14.87,16.037,-0.435,
617.0,10.283,SUNLIT,1.0,55.0,13.911,6.5,0,6.5,7.411,51.0812,85.14,14.86,16.038,-0.436,
618.0,10.3,SUNLIT,1.0,55.0,13.931,6.5,0,6.5,7.431,51.0831,85.14,14.86,16.038,-0.437,
619.0,10.317,SUNLIT,1.0,55.0,13.951,6.5,0,6.5,7.451,51.0851,85.14,14.86,16.038,-0.438,
620.0,10.333,SUNLIT,1.0,55.0,13.971,6.5,0,6.5,7.471,51.087,85.15,14.85,16.038,-0.439,
621.0,10.35,SUNLIT,1.0,55.0,13.991,6.5,0,6.5,7.491,51.089,85.15,14.85,16.039,-0.441,
622.0,10.367,SUNLIT,1.0,55.0,14.011,6.5,0,6.5,7.511,51.0909,85.15,14.85,16.039,-0.442,
623.0,10.383,SUNLIT,1.0,55.0,14.031,6.5,0,6.5,7.531,51.0929,85.15,14.85,16.039,-0.443,
624.0,10.4,SUNLIT,1.0,55.0,14.051,6.5,0,6.5,7.551,51.0949,85.16,14.84,16.04,-0.444,
625.0,10.417,SUNLIT,1.0,55.0,14.072,6.5,0,6.5,7.572,51.0968,85.16,14.84,16.04,-0.445,
626.0,10.433,SUNLIT,1.0,55.0,14.092,6.5,0,6.5,7.592,51.0988,85.16,14.84,16.04,-0.446,
627.0,10.45,SUNLIT,1.0,55.0,14.112,6.5,0,6.5,7.612,51.1008,85.17,14.83,16.041,-0.448,
628.0,10.467,SUNLIT,1.0,55.0,14.132,6.5,0,6.5,7.632,51.1028,85.17,14.83,16.041,-0.449,
629.0,10.483,SUNLIT,1.0,55.0,14.152,6.5,0,6.5,7.652,51.1048,85.17,14.83,16.041,-0.45,
630.0,10.5,SUNLIT,1.0,55.0,14.172,6.5,0,6.5,7.672,51.1068,85.18,14.82,16.042,-0.451,
631.0,10.517,SUNLIT,1.0,55.0,14.192,6.5,0,6.5,7.692,51.1088,85.18,14.82,16.042,-0.452,
632.0,10.533,SUNLIT,1.0,55.0,14.211,6.5,0,6.5,7.711,51.1108,85.18,14.82,16.042,-0.453,
633.0,10.55,SUNLIT,1.0,55.0,14.231,6.5,0,6.5,7.731,51.1128,85.19,14.81,16.043,-0.455,
634.0,10.567,SUNLIT,1.0,55.0,14.251,6.5,0,6.5,7.751,51.1149,85.19,14.81,16.043,-0.456,
635.0,10.583,SUNLIT,1.0,55.0,14.271,6.5,0,6.5,7.771,51.1169,85.19,14.81,16.043,-0.457,
636.0,10.6,SUNLIT,1.0,55.0,14.291,6.5,0,6.5,7.791,51.1189,85.2,14.8,16.044,-0.458,
637.0,10.617,SUNLIT,1.0,55.0,14.311,6.5,0,6.5,7.811,51.121,85.2,14.8,16.044,-0.459,
638.0,10.633,SUNLIT,1.0,55.0,14.331,6.5,0,6.5,7.831,51.123,85.21,14.79,16.044,-0.46,
639.0,10.65,SUNLIT,1.0,55.0,14.351,6.5,0,6.5,7.851,51.1251,85.21,14.79,16.045,-0.462,
640.0,10.667,SUNLIT,1.0,55.0,14.371,6.5,0,6.5,7.871,51.1271,85.21,14.79,16.045,-0.463,
641.0,10.683,SUNLIT,1.0,55.0,14.391,6.5,0,6.5,7.891,51.1292,85.22,14.78,16.045,-0.464,
642.0,10.7,SUNLIT,1.0,55.0,14.41,6.5,0,6.5,7.91,51.1312,85.22,14.78,16.046,-0.465,
643.0,10.717,SUNLIT,1.0,55.0,14.43,6.5,0,6.5,7.93,51.1333,85.22,14.78,16.046,-0.466,
644.0,10.733,SUNLIT,1.0,55.0,14.45,6.5,0,6.5,7.95,51.1354,85.23,14.77,16.046,-0.467,
645.0,10.75,SUNLIT,1.0,55.0,14.47,6.5,0,6.5,7.97,51.1375,85.23,14.77,16.047,-0.469,
646.0,10.767,SUNLIT,1.0,55.0,14.49,6.5,0,6.5,7.99,51.1396,85.23,14.77,16.047,-0.47,
647.0,10.783,SUNLIT,1.0,55.0,14.51,6.5,0,6.5,8.01,51.1417,85.24,14.76,16.047,-0.471,
648.0,10.8,SUNLIT,1.0,55.0,14.529,6.5,0,6.5,8.029,51.1438,85.24,14.76,16.047,-0.472,
649.0,10.817,SUNLIT,1.0,55.0,14.549,6.5,0,6.5,8.049,51.1459,85.24,14.76,16.048,-0.473,
650.0,10.833,SUNLIT,1.0,55.0,14.569,6.5,0,6.5,8.069,51.148,85.25,14.75,16.048,-0.474,
651.0,10.85,SUNLIT,1.0,55.0,14.589,6.5,0,6.5,8.089,51.1501,85.25,14.75,16.048,-0.475,
652.0,10.867,SUNLIT,1.0,55.0,14.608,6.5,0,6.5,8.108,51.1522,85.25,14.75,16.049,-0.477,
653.0,10.883,SUNLIT,1.0,55.0,14.628,6.5,0,6.5,8.128,51.1543,85.26,14.74,16.049,-0.478,
654.0,10.9,SUNLIT,1.0,55.0,14.648,6.5,0,6.5,8.148,51.1564,85.26,14.74,16.049,-0.479,
655.0,10.917,SUNLIT,1.0,55.0,14.667,6.5,0,6.5,8.167,51.1586,85.26,14.74,16.05,-0.48,
656.0,10.933,SUNLIT,1.0,55.0,14.687,6.5,0,6.5,8.187,51.1607,85.27,14.73,16.05,-0.481,
657.0,10.95,SUNLIT,1.0,55.0,14.707,6.5,0,6.5,8.207,51.1629,85.27,14.73,16.05,-0.482,
658.0,10.967,SUNLIT,1.0,55.0,14.726,6.5,0,6.5,8.226,51.165,85.27,14.73,16.051,-0.484,
659.0,10.983,SUNLIT,1.0,55.0,14.746,6.5,0,6.5,8.246,51.1672,85.28,14.72,16.051,-0.485,
660.0,11.0,SUNLIT,1.0,55.0,14.766,6.5,0,6.5,8.266,51.1693,85.28,14.72,16.051,-0.486,
661.0,11.017,SUNLIT,1.0,55.0,14.785,6.5,0,6.5,8.285,51.1715,85.29,14.71,16.052,-0.487,
662.0,11.033,SUNLIT,1.0,55.0,14.805,6.5,0,6.5,8.305,51.1736,85.29,14.71,16.052,-0.488,
663.0,11.05,SUNLIT,1.0,55.0,14.824,6.5,0,6.5,8.324,51.1758,85.29,14.71,16.052,-0.489,
664.0,11.067,SUNLIT,1.0,55.0,14.844,6.5,0,6.5,8.344,51.178,85.3,14.7,16.053,-0.49,
665.0,11.083,SUNLIT,1.0,55.0,14.864,6.5,0,6.5,8.364,51.1802,85.3,14.7,16.053,-0.492,
666.0,11.1,SUNLIT,1.0,55.0,14.883,6.5,0,6.5,8.383,51.1824,85.3,14.7,16.053,-0.493,
667.0,11.117,SUNLIT,1.0,55.0,14.903,6.5,0,6.5,8.403,51.1846,85.31,14.69,16.054,-0.494,
668.0,11.133,SUNLIT,1.0,55.0,14.922,6.5,0,6.5,8.422,51.1868,85.31,14.69,16.054,-0.495,
669.0,11.15,SUNLIT,1.0,55.0,14.942,6.5,0,6.5,8.442,51.189,85.31,14.69,16.054,-0.496,
670.0,11.167,SUNLIT,1.0,55.0,14.961,6.5,0,6.5,8.461,51.1912,85.32,14.68,16.055,-0.497,
671.0,11.183,SUNLIT,1.0,55.0,14.981,6.5,0,6.5,8.481,51.1934,85.32,14.68,16.055,-0.498,
672.0,11.2,SUNLIT,1.0,55.0,15.0,6.5,0,6.5,8.5,51.1956,85.33,14.67,16.055,-0.5,
673.0,11.217,SUNLIT,1.0,55.0,15.02,6.5,0,6.5,8.52,51.1978,85.33,14.67,16.056,-0.501,
674.0,11.233,SUNLIT,1.0,55.0,15.039,6.5,0,6.5,8.539,51.2001,85.33,14.67,16.056,-0.502,
675.0,11.25,SUNLIT,1.0,55.0,15.059,6.5,0,6.5,8.559,51.2023,85.34,14.66,16.056,-0.503,
676.0,11.267,SUNLIT,1.0,55.0,15.078,6.5,0,6.5,8.578,51.2045,85.34,14.66,16.057,-0.504,
677.0,11.283,SUNLIT,1.0,55.0,15.097,6.5,0,6.5,8.597,51.2068,85.34,14.66,16.057,-0.505,
678.0,11.3,SUNLIT,1.0,55.0,15.117,6.5,0,6.5,8.617,51.209,85.35,14.65,16.057,-0.506,
679.0,11.317,SUNLIT,1.0,55.0,15.136,6.5,0,6.5,8.636,51.2113,85.35,14.65,16.058,-0.507,
680.0,11.333,SUNLIT,1.0,55.0,15.156,6.5,0,6.5,8.656,51.2135,85.36,14.64,16.058,-0.509,
681.0,11.35,SUNLIT,1.0,55.0,15.175,6.5,0,6.5,8.675,51.2158,85.36,14.64,16.058,-0.51,
682.0,11.367,SUNLIT,1.0,55.0,15.194,6.5,0,6.5,8.694,51.2181,85.36,14.64,16.059,-0.511,
683.0,11.383,SUNLIT,1.0,55.0,15.214,6.5,0,6.5,8.714,51.2204,85.37,14.63,16.059,-0.512,
684.0,11.4,SUNLIT,1.0,55.0,15.233,6.5,0,6.5,8.733,51.2226,85.37,14.63,16.059,-0.513,
685.0,11.417,SUNLIT,1.0,55.0,15.252,6.5,0,6.5,8.752,51.2249,85.37,14.63,16.06,-0.514,
686.0,11.433,SUNLIT,1.0,55.0,15.272,6.5,0,6.5,8.772,51.2272,85.38,14.62,16.06,-0.515,
687.0,11.45,SUNLIT,1.0,55.0,15.291,6.5,0,6.5,8.791,51.2295,85.38,14.62,16.06,-0.517,
688.0,11.467,SUNLIT,1.0,55.0,15.31,6.5,0,6.5,8.81,51.2318,85.39,14.61,16.061,-0.518,
689.0,11.483,SUNLIT,1.0,55.0,15.329,6.5,0,6.5,8.829,51.2341,85.39,14.61,16.061,-0.519,
690.0,11.5,SUNLIT,1.0,55.0,15.349,6.5,0,6.5,8.849,51.2364,85.39,14.61,16.062,-0.52,
691.0,11.517,SUNLIT,1.0,55.0,15.368,6.5,0,6.5,8.868,51.2387,85.4,14.6,16.062,-0.521,
692.0,11.533,SUNLIT,1.0,55.0,15.387,6.5,0,6.5,8.887,51.2411,85.4,14.6,16.062,-0.522,
693.0,11.55,SUNLIT,1.0,55.0,15.406,6.5,0,6.5,8.906,51.2434,85.41,14.59,16.063,-0.523,
694.0,11.567,SUNLIT,1.0,55.0,15.426,6.5,0,6.5,8.926,51.2457,85.41,14.59,16.063,-0.524,
695.0,11.583,SUNLIT,1.0,55.0,15.445,6.5,0,6.5,8.945,51.2481,85.41,14.59,16.063,-0.526,
696.0,11.6,SUNLIT,1.0,55.0,15.464,6.5,0,6.5,8.964,51.2504,85.42,14.58,16.064,-0.527,
697.0,11.617,SUNLIT,1.0,55.0,15.483,6.5,0,6.5,8.983,51.2527,85.42,14.58,16.064,-0.528,
698.0,11.633,SUNLIT,1.0,55.0,15.502,6.5,0,6.5,9.002,51.2551,85.43,14.57,16.064,-0.529,
699.0,11.65,SUNLIT,1.0,55.0,15.521,6.5,0,6.5,9.021,51.2574,85.43,14.57,16.065,-0.53,
700.0,11.667,SUNLIT,1.0,55.0,15.541,6.5,0,6.5,9.041,51.2598,85.43,14.57,16.065,-0.531,
701.0,11.683,SUNLIT,1.0,55.0,15.56,6.5,0,6.5,9.06,51.2622,85.44,14.56,16.065,-0.532,
702.0,11.7,SUNLIT,1.0,55.0,15.579,6.5,0,6.5,9.079,51.2645,85.44,14.56,16.066,-0.533,
703.0,11.717,SUNLIT,1.0,55.0,15.598,6.5,0,6.5,9.098,51.2669,85.44,14.56,16.066,-0.534,
704.0,11.733,SUNLIT,1.0,55.0,15.617,6.5,0,6.5,9.117,51.2693,85.45,14.55,16.066,-0.536,
705.0,11.75,SUNLIT,1.0,55.0,15.636,6.5,0,6.5,9.136,51.2717,85.45,14.55,16.067,-0.537,
706.0,11.767,SUNLIT,1.0,55.0,15.655,6.5,0,6.5,9.155,51.2741,85.46,14.54,16.067,-0.538,
707.0,11.783,SUNLIT,1.0,55.0,15.674,6.5,0,6.5,9.174,51.2765,85.46,14.54,16.067,-0.539,
708.0,11.8,SUNLIT,1.0,55.0,15.693,6.5,0,6.5,9.193,51.2789,85.46,14.54,16.068,-0.54,
709.0,11.817,SUNLIT,1.0,55.0,15.712,6.5,0,6.5,9.212,51.2813,85.47,14.53,16.068,-0.541,
710.0,11.833,SUNLIT,1.0,55.0,15.731,6.5,0,6.5,9.231,51.2837,85.47,14.53,16.068,-0.542,
711.0,11.85,SUNLIT,1.0,55.0,15.75,6.5,0,6.5,9.25,51.2861,85.48,14.52,16.069,-0.543,
712.0,11.867,SUNLIT,1.0,55.0,15.769,6.5,0,6.5,9.269,51.2885,85.48,14.52,16.069,-0.544,
713.0,11.883,SUNLIT,1.0,55.0,15.788,6.5,0,6.5,9.288,51.2909,85.48,14.52,16.069,-0.546,
714.0,11.9,SUNLIT,1.0,55.0,15.807,6.5,0,6.5,9.307,51.2934,85.49,14.51,16.07,-0.547,
715.0,11.917,SUNLIT,1.0,55.0,15.826,6.5,0,6.5,9.326,51.2958,85.49,14.51,16.07,-0.548,
716.0,11.933,SUNLIT,1.0,55.0,15.845,6.5,0,6.5,9.345,51.2983,85.5,14.5,16.071,-0.549,
717.0,11.95,SUNLIT,1.0,55.0,15.864,6.5,0,6.5,9.364,51.3007,85.5,14.5,16.071,-0.55,
718.0,11.967,SUNLIT,1.0,55.0,15.883,6.5,0,6.5,9.383,51.3031,85.51,14.49,16.071,-0.551,
719.0,11.983,SUNLIT,1.0,55.0,15.901,6.5,0,6.5,9.401,51.3056,85.51,14.49,16.072,-0.552,
720.0,12.0,SUNLIT,1.0,55.0,15.92,6.5,0,6.5,9.42,51.3081,85.51,14.49,16.072,-0.553,
721.0,12.017,SUNLIT,1.0,55.0,15.939,6.5,0,6.5,9.439,51.3105,85.52,14.48,16.072,-0.554,
722.0,12.033,SUNLIT,1.0,55.0,15.958,6.5,0,6.5,9.458,51.313,85.52,14.48,16.073,-0.555,
723.0,12.05,SUNLIT,1.0,55.0,15.977,6.5,0,6.5,9.477,51.3155,85.53,14.47,16.073,-0.557,
724.0,12.067,SUNLIT,1.0,55.0,15.996,6.5,0,6.5,9.496,51.3179,85.53,14.47,16.073,-0.558,
725.0,12.083,SUNLIT,1.0,55.0,16.014,6.5,0,6.5,9.514,51.3204,85.53,14.47,16.074,-0.559,
726.0,12.1,SUNLIT,1.0,55.0,16.033,6.5,0,6.5,9.533,51.3229,85.54,14.46,16.074,-0.56,
727.0,12.117,SUNLIT,1.0,55.0,16.052,6.5,0,6.5,9.552,51.3254,85.54,14.46,16.074,-0.561,
728.0,12.133,SUNLIT,1.0,55.0,16.071,6.5,0,6.5,9.571,51.3279,85.55,14.45,16.075,-0.562,
729.0,12.15,SUNLIT,1.0,55.0,16.09,6.5,0,6.5,9.59,51.3304,85.55,14.45,16.075,-0.563,
730.0,12.167,SUNLIT,1.0,55.0,16.108,6.5,0,6.5,9.608,51.3329,85.55,14.45,16.075,-0.564,
731.0,12.183,SUNLIT,1.0,55.0,16.127,6.5,0,6.5,9.627,51.3354,85.56,14.44,16.076,-0.565,
732.0,12.2,SUNLIT,1.0,55.0,16.146,6.5,0,6.5,9.646,51.338,85.56,14.44,16.076,-0.566,
733.0,12.217,SUNLIT,1.0,55.0,16.164,6.5,0,6.5,9.664,51.3405,85.57,14.43,16.077,-0.567,
734.0,12.233,SUNLIT,1.0,55.0,16.183,6.5,0,6.5,9.683,51.343,85.57,14.43,16.077,-0.569,
735.0,12.25,SUNLIT,1.0,55.0,16.202,6.5,0,6.5,9.702,51.3455,85.58,14.42,16.077,-0.57,
736.0,12.267,SUNLIT,1.0,55.0,16.22,6.5,0,6.5,9.72,51.3481,85.58,14.42,16.078,-0.571,
737.0,12.283,SUNLIT,1.0,55.0,16.239,6.5,0,6.5,9.739,51.3506,85.58,14.42,16.078,-0.572,
738.0,12.3,SUNLIT,1.0,55.0,16.258,6.5,0,6.5,9.758,51.3532,85.59,14.41,16.078,-0.573,
739.0,12.317,SUNLIT,1.0,55.0,16.276,6.5,0,6.5,9.776,51.3557,85.59,14.41,16.079,-0.574,
740.0,12.333,SUNLIT,1.0,55.0,16.295,6.5,0,6.5,9.795,51.3583,85.6,14.4,16.079,-0.575,
741.0,12.35,SUNLIT,1.0,55.0,16.313,6.5,0,6.5,9.813,51.3608,85.6,14.4,16.079,-0.576,
742.0,12.367,SUNLIT,1.0,55.0,16.332,6.5,0,6.5,9.832,51.3634,85.61,14.39,16.08,-0.577,
743.0,12.383,SUNLIT,1.0,55.0,16.351,6.5,0,6.5,9.851,51.366,85.61,14.39,16.08,-0.578,
744.0,12.4,SUNLIT,1.0,55.0,16.369,6.5,0,6.5,9.869,51.3686,85.61,14.39,16.08,-0.579,
745.0,12.417,SUNLIT,1.0,55.0,16.388,6.5,0,6.5,9.888,51.3711,85.62,14.38,16.081,-0.581,
746.0,12.433,SUNLIT,1.0,55.0,16.406,6.5,0,6.5,9.906,51.3737,85.62,14.38,16.081,-0.582,
747.0,12.45,SUNLIT,1.0,55.0,16.425,6.5,0,6.5,9.925,51.3763,85.63,14.37,16.082,-0.583,
748.0,12.467,SUNLIT,1.0,55.0,16.443,6.5,0,6.5,9.943,51.3789,85.63,14.37,16.082,-0.584,
749.0,12.483,SUNLIT,1.0,55.0,16.462,6.5,0,6.5,9.962,51.3815,85.64,14.36,16.082,-0.585,
750.0,12.5,SUNLIT,1.0,55.0,16.48,6.5,0,6.5,9.98,51.3841,85.64,14.36,16.083,-0.586,
751.0,12.517,SUNLIT,1.0,55.0,16.499,6.5,0,6.5,9.999,51.3867,85.64,14.36,16.083,-0.587,
752.0,12.533,SUNLIT,1.0,55.0,16.517,6.5,0,6.5,10.017,51.3894,85.65,14.35,16.083,-0.588,
753.0,12.55,SUNLIT,1.0,55.0,16.535,6.5,0,6.5,10.035,51.392,85.65,14.35,16.084,-0.589,
754.0,12.567,SUNLIT,1.0,55.0,16.554,6.5,0,6.5,10.054,51.3946,85.66,14.34,16.084,-0.59,
755.0,12.583,SUNLIT,1.0,55.0,16.572,6.5,0,6.5,10.072,51.3972,85.66,14.34,16.084,-0.591,
756.0,12.6,SUNLIT,1.0,55.0,16.591,6.5,0,6.5,10.091,51.3999,85.67,14.33,16.085,-0.592,
757.0,12.617,SUNLIT,1.0,55.0,16.609,6.5,0,6.5,10.109,51.4025,85.67,14.33,16.085,-0.593,
758.0,12.633,SUNLIT,1.0,55.0,16.627,6.5,0,6.5,10.127,51.4051,85.68,14.32,16.086,-0.594,
759.0,12.65,SUNLIT,1.0,55.0,16.646,6.5,0,6.5,10.146,51.4078,85.68,14.32,16.086,-0.596,
760.0,12.667,SUNLIT,1.0,55.0,16.664,6.5,0,6.5,10.164,51.4105,85.68,14.32,16.086,-0.597,
761.0,12.683,SUNLIT,1.0,55.0,16.682,6.5,0,6.5,10.182,51.4131,85.69,14.31,16.087,-0.598,
762.0,12.7,SUNLIT,1.0,55.0,16.701,6.5,0,6.5,10.201,51.4158,85.69,14.31,16.087,-0.599,
763.0,12.717,SUNLIT,1.0,55.0,16.719,6.5,0,6.5,10.219,51.4184,85.7,14.3,16.087,-0.6,
764.0,12.733,SUNLIT,1.0,55.0,16.737,6.5,0,6.5,10.237,51.4211,85.7,14.3,16.088,-0.601,
765.0,12.75,SUNLIT,1.0,55.0,16.755,6.5,0,6.5,10.255,51.4238,85.71,14.29,16.088,-0.602,
766.0,12.767,SUNLIT,1.0,55.0,16.774,6.5,0,6.5,10.274,51.4265,85.71,14.29,16.088,-0.603,
767.0,12.783,SUNLIT,1.0,55.0,16.792,6.5,0,6.5,10.292,51.4292,85.72,14.28,16.089,-0.604,
768.0,12.8,SUNLIT,1.0,55.0,16.81,6.5,0,6.5,10.31,51.4319,85.72,14.28,16.089,-0.605,
769.0,12.817,SUNLIT,1.0,55.0,16.828,6.5,0,6.5,10.328,51.4346,85.72,14.28,16.09,-0.606,
770.0,12.833,SUNLIT,1.0,55.0,16.847,6.5,0,6.5,10.347,51.4373,85.73,14.27,16.09,-0.607,
771.0,12.85,SUNLIT,1.0,55.0,16.865,6.5,0,6.5,10.365,51.44,85.73,14.27,16.09,-0.608,
772.0,12.867,SUNLIT,1.0,55.0,16.883,6.5,0,6.5,10.383,51.4427,85.74,14.26,16.091,-0.609,
773.0,12.883,SUNLIT,1.0,55.0,16.901,6.5,0,6.5,10.401,51.4454,85.74,14.26,16.091,-0.61,
774.0,12.9,SUNLIT,1.0,55.0,16.919,6.5,0,6.5,10.419,51.4481,85.75,14.25,16.091,-0.611,
775.0,12.917,SUNLIT,1.0,55.0,16.937,6.5,0,6.5,10.437,51.4508,85.75,14.25,16.092,-0.613,
776.0,12.933,SUNLIT,1.0,55.0,16.955,6.5,0,6.5,10.455,51.4536,85.76,14.24,16.092,-0.614,
777.0,12.95,SUNLIT,1.0,55.0,16.974,6.5,0,6.5,10.474,51.4563,85.76,14.24,16.093,-0.615,
778.0,12.967,SUNLIT,1.0,55.0,16.992,6.5,0,6.5,10.492,51.459,85.77,14.23,16.093,-0.616,
779.0,12.983,SUNLIT,1.0,55.0,17.01,6.5,0,6.5,10.51,51.4618,85.77,14.23,16.093,-0.617,
780.0,13.0,SUNLIT,1.0,55.0,17.028,6.5,0,6.5,10.528,51.4645,85.77,14.23,16.094,-0.618,
781.0,13.017,SUNLIT,1.0,55.0,17.046,6.5,0,6.5,10.546,51.4673,85.78,14.22,16.094,-0.619,
782.0,13.033,SUNLIT,1.0,55.0,17.064,6.5,0,6.5,10.564,51.47,85.78,14.22,16.094,-0.62,
783.0,13.05,SUNLIT,1.0,55.0,17.082,6.5,0,6.5,10.582,51.4728,85.79,14.21,16.095,-0.621,
784.0,13.067,SUNLIT,1.0,55.0,17.1,6.5,0,6.5,10.6,51.4756,85.79,14.21,16.095,-0.622,
785.0,13.083,SUNLIT,1.0,55.0,17.118,6.5,0,6.5,10.618,51.4783,85.8,14.2,16.096,-0.623,
786.0,13.1,SUNLIT,1.0,55.0,17.136,6.5,0,6.5,10.636,51.4811,85.8,14.2,16.096,-0.624,
787.0,13.117,SUNLIT,1.0,55.0,17.154,6.5,0,6.5,10.654,51.4839,85.81,14.19,16.096,-0.625,
788.0,13.133,SUNLIT,1.0,55.0,17.172,6.5,0,6.5,10.672,51.4867,85.81,14.19,16.097,-0.626,
789.0,13.15,SUNLIT,1.0,55.0,17.19,6.5,0,6.5,10.69,51.4895,85.82,14.18,16.097,-0.627,
790.0,13.167,SUNLIT,1.0,55.0,17.207,6.5,0,6.5,10.707,51.4923,85.82,14.18,16.097,-0.628,
791.0,13.183,SUNLIT,1.0,55.0,17.225,6.5,0,6.5,10.725,51.4951,85.83,14.17,16.098,-0.629,
792.0,13.2,SUNLIT,1.0,55.0,17.243,6.5,0,6.5,10.743,51.4979,85.83,14.17,16.098,-0.63,
793.0,13.217,SUNLIT,1.0,55.0,17.261,6.5,0,6.5,10.761,51.5007,85.83,14.17,16.099,-0.631,
794.0,13.233,SUNLIT,1.0,55.0,17.279,6.5,0,6.5,10.779,51.5035,85.84,14.16,16.099,-0.632,
795.0,13.25,SUNLIT,1.0,55.0,17.297,6.5,0,6.5,10.797,51.5063,85.84,14.16,16.099,-0.633,
796.0,13.267,SUNLIT,1.0,55.0,17.315,6.5,0,6.5,10.815,51.5091,85.85,14.15,16.1,-0.634,
797.0,13.283,SUNLIT,1.0,55.0,17.332,6.5,0,6.5,10.832,51.512,85.85,14.15,16.1,-0.635,
798.0,13.3,SUNLIT,1.0,55.0,17.35,6.5,0,6.5,10.85,51.5148,85.86,14.14,16.1,-0.637,
799.0,13.317,SUNLIT,1.0,55.0,17.368,6.5,0,6.5,10.868,51.5176,85.86,14.14,16.101,-0.638,
800.0,13.333,SUNLIT,1.0,55.0,17.386,6.5,0,6.5,10.886,51.5205,85.87,14.13,16.101,-0.639,
801.0,13.35,SUNLIT,1.0,55.0,17.403,6.5,0,6.5,10.903,51.5233,85.87,14.13,16.102,-0.64,
802.0,13.367,SUNLIT,1.0,55.0,17.421,6.5,0,6.5,10.921,51.5262,85.88,14.12,16.102,-0.641,
803.0,13.383,SUNLIT,1.0,55.0,17.439,6.5,0,6.5,10.939,51.529,85.88,14.12,16.102,-0.642,
804.0,13.4,SUNLIT,1.0,55.0,17.457,6.5,0,6.5,10.957,51.5319,85.89,14.11,16.103,-0.643,
805.0,13.417,SUNLIT,1.0,55.0,17.474,6.5,0,6.5,10.974,51.5348,85.89,14.11,16.103,-0.644,
806.0,13.433,SUNLIT,1.0,55.0,17.492,6.5,0,6.5,10.992,51.5376,85.9,14.1,16.103,-0.645,
807.0,13.45,SUNLIT,1.0,55.0,17.51,6.5,0,6.5,11.01,51.5405,85.9,14.1,16.104,-0.646,
808.0,13.467,SUNLIT,1.0,55.0,17.527,6.5,0,6.5,11.027,51.5434,85.91,14.09,16.104,-0.647,
809.0,13.483,SUNLIT,1.0,55.0,17.545,6.5,0,6.5,11.045,51.5463,85.91,14.09,16.105,-0.648,
810.0,13.5,SUNLIT,1.0,55.0,17.563,6.5,0,6.5,11.063,51.5492,85.92,14.08,16.105,-0.649,
811.0,13.517,SUNLIT,1.0,55.0,17.58,6.5,0,6.5,11.08,51.5521,85.92,14.08,16.105,-0.65,
812.0,13.533,SUNLIT,1.0,55.0,17.598,6.5,0,6.5,11.098,51.555,85.92,14.08,16.106,-0.651,
813.0,13.55,SUNLIT,1.0,55.0,17.615,6.5,0,6.5,11.115,51.5579,85.93,14.07,16.106,-0.652,
814.0,13.567,SUNLIT,1.0,55.0,17.633,6.5,0,6.5,11.133,51.5608,85.93,14.07,16.107,-0.653,
815.0,13.583,SUNLIT,1.0,55.0,17.651,6.5,0,6.5,11.151,51.5637,85.94,14.06,16.107,-0.654,
816.0,13.6,SUNLIT,1.0,55.0,17.668,6.5,0,6.5,11.168,51.5666,85.94,14.06,16.107,-0.655,
817.0,13.617,SUNLIT,1.0,55.0,17.686,6.5,0,6.5,11.186,51.5695,85.95,14.05,16.108,-0.656,
818.0,13.633,SUNLIT,1.0,55.0,17.703,6.5,0,6.5,11.203,51.5724,85.95,14.05,16.108,-0.657,
819.0,13.65,SUNLIT,1.0,55.0,17.721,6.5,0,6.5,11.221,51.5754,85.96,14.04,16.108,-0.658,
820.0,13.667,SUNLIT,1.0,55.0,17.738,6.5,0,6.5,11.238,51.5783,85.96,14.04,16.109,-0.659,
821.0,13.683,SUNLIT,1.0,55.0,17.755,6.5,0,6.5,11.255,51.5812,85.97,14.03,16.109,-0.66,
822.0,13.7,SUNLIT,1.0,55.0,17.773,6.5,0,6.5,11.273,51.5842,85.97,14.03,16.11,-0.661,
823.0,13.717,SUNLIT,1.0,55.0,17.79,6.5,0,6.5,11.29,51.5871,85.98,14.02,16.11,-0.662,
824.0,13.733,SUNLIT,1.0,55.0,17.808,6.5,0,6.5,11.308,51.5901,85.98,14.02,16.11,-0.663,
825.0,13.75,SUNLIT,1.0,55.0,17.825,6.5,0,6.5,11.325,51.593,85.99,14.01,16.111,-0.664,
826.0,13.767,SUNLIT,1.0,55.0,17.843,6.5,0,6.5,11.343,51.596,85.99,14.01,16.111,-0.665,
827.0,13.783,SUNLIT,1.0,55.0,17.86,6.5,0,6.5,11.36,51.599,86.0,14.0,16.112,-0.666,
828.0,13.8,SUNLIT,1.0,55.0,17.877,6.5,0,6.5,11.377,51.6019,86.0,14.0,16.112,-0.667,
829.0,13.817,SUNLIT,1.0,55.0,17.895,6.5,0,6.5,11.395,51.6049,86.01,13.99,16.112,-0.668,
830.0,13.833,SUNLIT,1.0,55.0,17.912,6.5,0,6.5,11.412,51.6079,86.01,13.99,16.113,-0.669,
831.0,13.85,SUNLIT,1.0,55.0,17.929,6.5,0,6.5,11.429,51.6109,86.02,13.98,16.113,-0.67,
832.0,13.867,SUNLIT,1.0,55.0,17.947,6.5,0,6.5,11.447,51.6139,86.02,13.98,16.113,-0.671,
833.0,13.883,SUNLIT,1.0,55.0,17.964,6.5,0,6.5,11.464,51.6169,86.03,13.97,16.114,-0.672,
834.0,13.9,SUNLIT,1.0,55.0,17.981,6.5,0,6.5,11.481,51.6199,86.03,13.97,16.114,-0.673,
835.0,13.917,SUNLIT,1.0,55.0,17.998,6.5,0,6.5,11.498,51.6229,86.04,13.96,16.115,-0.674,
836.0,13.933,SUNLIT,1.0,55.0,18.016,6.5,0,6.5,11.516,51.6259,86.04,13.96,16.115,-0.675,
837.0,13.95,SUNLIT,1.0,55.0,18.033,6.5,0,6.5,11.533,51.6289,86.05,13.95,16.115,-0.676,
838.0,13.967,SUNLIT,1.0,55.0,18.05,6.5,0,6.5,11.55,51.6319,86.05,13.95,16.116,-0.677,
839.0,13.983,SUNLIT,1.0,55.0,18.067,6.5,0,6.5,11.567,51.6349,86.06,13.94,16.116,-0.678,
840.0,14.0,SUNLIT,1.0,55.0,18.084,6.5,0,6.5,11.584,51.6379,86.06,13.94,16.117,-0.679,
841.0,14.017,SUNLIT,1.0,55.0,18.102,6.5,0,6.5,11.602,51.641,86.07,13.93,16.117,-0.68,
842.0,14.033,SUNLIT,1.0,55.0,18.119,6.5,0,6.5,11.619,51.644,86.07,13.93,16.117,-0.681,
843.0,14.05,SUNLIT,1.0,55.0,18.136,6.5,0,6.5,11.636,51.647,86.08,13.92,16.118,-0.682,
844.0,14.067,SUNLIT,1.0,55.0,18.153,6.5,0,6.5,11.653,51.6501,86.08,13.92,16.118,-0.683,
845.0,14.083,SUNLIT,1.0,55.0,18.17,6.5,0,6.5,11.67,51.6531,86.09,13.91,16.119,-0.684,
846.0,14.1,SUNLIT,1.0,55.0,18.187,6.5,0,6.5,11.687,51.6562,86.09,13.91,16.119,-0.685,
847.0,14.117,SUNLIT,1.0,55.0,18.204,6.5,0,6.5,11.704,51.6592,86.1,13.9,16.119,-0.686,
848.0,14.133,SUNLIT,1.0,55.0,18.221,6.5,0,6.5,11.721,51.6623,86.1,13.9,16.12,-0.687,
849.0,14.15,SUNLIT,1.0,55.0,18.238,6.5,0,6.5,11.738,51.6654,86.11,13.89,16.12,-0.688,
850.0,14.167,SUNLIT,1.0,55.0,18.255,6.5,0,6.5,11.755,51.6684,86.11,13.89,16.12,-0.689,
851.0,14.183,SUNLIT,1.0,55.0,18.272,6.5,0,6.5,11.772,51.6715,86.12,13.88,16.121,-0.69,
852.0,14.2,SUNLIT,1.0,55.0,18.289,6.5,0,6.5,11.789,51.6746,86.12,13.88,16.121,-0.691,
853.0,14.217,SUNLIT,1.0,55.0,18.306,6.5,0,6.5,11.806,51.6777,86.13,13.87,16.122,-0.692,
854.0,14.233,SUNLIT,1.0,55.0,18.323,6.5,0,6.5,11.823,51.6808,86.13,13.87,16.122,-0.693,
855.0,14.25,SUNLIT,1.0,55.0,18.34,6.5,0,6.5,11.84,51.6839,86.14,13.86,16.122,-0.694,
856.0,14.267,SUNLIT,1.0,55.0,18.357,6.5,0,6.5,11.857,51.687,86.14,13.86,16.123,-0.695,
857.0,14.283,SUNLIT,1.0,55.0,18.374,6.5,0,6.5,11.874,51.6901,86.15,13.85,16.123,-0.696,
858.0,14.3,SUNLIT,1.0,55.0,18.391,6.5,0,6.5,11.891,51.6932,86.16,13.84,16.124,-0.697,
859.0,14.317,SUNLIT,1.0,55.0,18.408,6.5,0,6.5,11.908,51.6963,86.16,13.84,16.124,-0.698,
860.0,14.333,SUNLIT,1.0,55.0,18.425,6.5,0,6.5,11.925,51.6994,86.17,13.83,16.124,-0.699,
861.0,14.35,SUNLIT,1.0,55.0,18.442,6.5,0,6.5,11.942,51.7025,86.17,13.83,16.125,-0.7,
862.0,14.367,SUNLIT,1.0,55.0,18.459,6.5,0,6.5,11.959,51.7056,86.18,13.82,16.125,-0.701,
863.0,14.383,SUNLIT,1.0,55.0,18.475,6.5,0,6.5,11.975,51.7087,86.18,13.82,16.126,-0.702,
864.0,14.4,SUNLIT,1.0,55.0,18.492,6.5,0,6.5,11.992,51.7119,86.19,13.81,16.126,-0.703,
865.0,14.417,SUNLIT,1.0,55.0,18.509,6.5,0,6.5,12.009,51.715,86.19,13.81,16.126,-0.704,
866.0,14.433,SUNLIT,1.0,55.0,18.526,6.5,0,6.5,12.026,51.7182,86.2,13.8,16.127,-0.705,
867.0,14.45,SUNLIT,1.0,55.0,18.543,6.5,0,6.5,12.043,51.7213,86.2,13.8,16.127,-0.706,
868.0,14.467,SUNLIT,1.0,55.0,18.559,6.5,0,6.5,12.059,51.7244,86.21,13.79,16.128,-0.707,
869.0,14.483,SUNLIT,1.0,55.0,18.576,6.5,0,6.5,12.076,51.7276,86.21,13.79,16.128,-0.708,
870.0,14.5,SUNLIT,1.0,55.0,18.593,6.5,0,6.5,12.093,51.7308,86.22,13.78,16.128,-0.709,
871.0,14.517,SUNLIT,1.0,55.0,18.61,6.5,0,6.5,12.11,51.7339,86.22,13.78,16.129,-0.71,
872.0,14.533,SUNLIT,1.0,55.0,18.626,6.5,0,6.5,12.126,51.7371,86.23,13.77,16.129,-0.71,
873.0,14.55,SUNLIT,1.0,55.0,18.643,6.5,0,6.5,12.143,51.7403,86.23,13.77,16.13,-0.711,
874.0,14.567,SUNLIT,1.0,55.0,18.66,6.5,0,6.5,12.16,51.7434,86.24,13.76,16.13,-0.712,
875.0,14.583,SUNLIT,1.0,55.0,18.676,6.5,0,6.5,12.176,51.7466,86.24,13.76,16.13,-0.713,
876.0,14.6,SUNLIT,1.0,55.0,18.693,6.5,0,6.5,12.193,51.7498,86.25,13.75,16.131,-0.714,
877.0,14.617,SUNLIT,1.0,55.0,18.709,6.5,0,6.5,12.209,51.753,86.25,13.75,16.131,-0.715,
878.0,14.633,SUNLIT,1.0,55.0,18.726,6.5,0,6.5,12.226,51.7562,86.26,13.74,16.132,-0.716,
879.0,14.65,SUNLIT,1.0,55.0,18.743,6.5,0,6.5,12.243,51.7594,86.27,13.73,16.132,-0.717,
880.0,14.667,SUNLIT,1.0,55.0,18.759,6.5,0,6.5,12.259,51.7626,86.27,13.73,16.132,-0.718,
881.0,14.683,SUNLIT,1.0,55.0,18.776,6.5,0,6.5,12.276,51.7658,86.28,13.72,16.133,-0.719,
882.0,14.7,SUNLIT,1.0,55.0,18.792,6.5,0,6.5,12.292,51.769,86.28,13.72,16.133,-0.72,
883.0,14.717,SUNLIT,1.0,55.0,18.809,6.5,0,6.5,12.309,51.7722,86.29,13.71,16.134,-0.721,
884.0,14.733,SUNLIT,1.0,55.0,18.825,6.5,0,6.5,12.325,51.7754,86.29,13.71,16.134,-0.722,
885.0,14.75,SUNLIT,1.0,55.0,18.842,6.5,0,6.5,12.342,51.7786,86.3,13.7,16.134,-0.723,
886.0,14.767,SUNLIT,1.0,55.0,18.858,6.5,0,6.5,12.358,51.7819,86.3,13.7,16.135,-0.724,
887.0,14.783,SUNLIT,1.0,55.0,18.875,6.5,0,6.5,12.375,51.7851,86.31,13.69,16.135,-0.725,
888.0,14.8,SUNLIT,1.0,55.0,18.891,6.5,0,6.5,12.391,51.7883,86.31,13.69,16.136,-0.726,
889.0,14.817,SUNLIT,1.0,55.0,18.908,6.5,0,6.5,12.408,51.7916,86.32,13.68,16.136,-0.727,
890.0,14.833,SUNLIT,1.0,55.0,18.924,6.5,0,6.5,12.424,51.7948,86.32,13.68,16.136,-0.728,
891.0,14.85,SUNLIT,1.0,55.0,18.941,6.5,0,6.5,12.441,51.7981,86.33,13.67,16.137,-0.729,
892.0,14.867,SUNLIT,1.0,55.0,18.957,6.5,0,6.5,12.457,51.8013,86.34,13.66,16.137,-0.73,
893.0,14.883,SUNLIT,1.0,55.0,18.973,6.5,0,6.5,12.473,51.8046,86.34,13.66,16.138,-0.731,
894.0,14.9,SUNLIT,1.0,55.0,18.99,6.5,0,6.5,12.49,51.8078,86.35,13.65,16.138,-0.731,
895.0,14.917,SUNLIT,1.0,55.0,19.006,6.5,0,6.5,12.506,51.8111,86.35,13.65,16.138,-0.732,
896.0,14.933,SUNLIT,1.0,55.0,19.022,6.5,0,6.5,12.522,51.8144,86.36,13.64,16.139,-0.733,
897.0,14.95,SUNLIT,1.0,55.0,19.039,6.5,0,6.5,12.539,51.8176,86.36,13.64,16.139,-0.734,
898.0,14.967,SUNLIT,1.0,55.0,19.055,6.5,0,6.5,12.555,51.8209,86.37,13.63,16.14,-0.735,
899.0,14.983,SUNLIT,1.0,55.0,19.071,6.5,0,6.5,12.571,51.8242,86.37,13.63,16.14,-0.736,
900.0,15.0,SUNLIT,1.0,55.0,19.087,6.5,4.0,10.5,8.587,51.8265,86.38,13.62,16.112,-0.503,CLM_RETRIEVAL_BURST
901.0,15.017,SUNLIT,1.0,55.0,19.104,6.5,4.0,10.5,8.604,51.8287,86.38,13.62,16.113,-0.504,CLM_RETRIEVAL_BURST
902.0,15.033,SUNLIT,1.0,55.0,19.12,6.5,4.0,10.5,8.62,51.8309,86.38,13.62,16.113,-0.505,CLM_RETRIEVAL_BURST
903.0,15.05,SUNLIT,1.0,55.0,19.136,6.5,4.0,10.5,8.636,51.8332,86.39,13.61,16.113,-0.506,CLM_RETRIEVAL_BURST
904.0,15.067,SUNLIT,1.0,55.0,19.152,6.5,4.0,10.5,8.652,51.8355,86.39,13.61,16.114,-0.507,CLM_RETRIEVAL_BURST
905.0,15.083,SUNLIT,1.0,55.0,19.168,6.5,4.0,10.5,8.668,51.8377,86.4,13.6,16.114,-0.508,CLM_RETRIEVAL_BURST
906.0,15.1,SUNLIT,1.0,55.0,19.185,6.5,4.0,10.5,8.685,51.84,86.4,13.6,16.114,-0.509,CLM_RETRIEVAL_BURST
907.0,15.117,SUNLIT,1.0,55.0,19.201,6.5,4.0,10.5,8.701,51.8423,86.4,13.6,16.115,-0.509,CLM_RETRIEVAL_BURST
908.0,15.133,SUNLIT,1.0,55.0,19.217,6.5,4.0,10.5,8.717,51.8445,86.41,13.59,16.115,-0.51,CLM_RETRIEVAL_BURST
909.0,15.15,SUNLIT,1.0,55.0,19.233,6.5,4.0,10.5,8.733,51.8468,86.41,13.59,16.115,-0.511,CLM_RETRIEVAL_BURST
910.0,15.167,SUNLIT,1.0,55.0,19.249,6.5,4.0,10.5,8.749,51.8491,86.42,13.58,16.115,-0.512,CLM_RETRIEVAL_BURST
911.0,15.183,SUNLIT,1.0,55.0,19.265,6.5,4.0,10.5,8.765,51.8514,86.42,13.58,16.116,-0.513,CLM_RETRIEVAL_BURST
912.0,15.2,SUNLIT,1.0,55.0,19.281,6.5,4.0,10.5,8.781,51.8537,86.42,13.58,16.116,-0.514,CLM_RETRIEVAL_BURST
913.0,15.217,SUNLIT,1.0,55.0,19.297,6.5,4.0,10.5,8.797,51.856,86.43,13.57,16.116,-0.515,CLM_RETRIEVAL_BURST
914.0,15.233,SUNLIT,1.0,55.0,19.313,6.5,4.0,10.5,8.813,51.8583,86.43,13.57,16.117,-0.516,CLM_RETRIEVAL_BURST
915.0,15.25,SUNLIT,1.0,55.0,19.329,6.5,4.0,10.5,8.829,51.8606,86.43,13.57,16.117,-0.517,CLM_RETRIEVAL_BURST
916.0,15.267,SUNLIT,1.0,55.0,19.345,6.5,4.0,10.5,8.845,51.8629,86.44,13.56,16.117,-0.518,CLM_RETRIEVAL_BURST
917.0,15.283,SUNLIT,1.0,55.0,19.361,6.5,4.0,10.5,8.861,51.8652,86.44,13.56,16.118,-0.519,CLM_RETRIEVAL_BURST
918.0,15.3,SUNLIT,1.0,55.0,19.377,6.5,4.0,10.5,8.877,51.8675,86.45,13.55,16.118,-0.52,CLM_RETRIEVAL_BURST
919.0,15.317,SUNLIT,1.0,55.0,19.393,6.5,4.0,10.5,8.893,51.8699,86.45,13.55,16.118,-0.521,CLM_RETRIEVAL_BURST
920.0,15.333,SUNLIT,1.0,55.0,19.409,6.5,4.0,10.5,8.909,51.8722,86.45,13.55,16.119,-0.522,CLM_RETRIEVAL_BURST
921.0,15.35,SUNLIT,1.0,55.0,19.425,6.5,4.0,10.5,8.925,51.8745,86.46,13.54,16.119,-0.523,CLM_RETRIEVAL_BURST
922.0,15.367,SUNLIT,1.0,55.0,19.441,6.5,4.0,10.5,8.941,51.8768,86.46,13.54,16.119,-0.523,CLM_RETRIEVAL_BURST
923.0,15.383,SUNLIT,1.0,55.0,19.457,6.5,4.0,10.5,8.957,51.8792,86.47,13.53,16.12,-0.524,CLM_RETRIEVAL_BURST
924.0,15.4,SUNLIT,1.0,55.0,19.473,6.5,4.0,10.5,8.973,51.8815,86.47,13.53,16.12,-0.525,CLM_RETRIEVAL_BURST
925.0,15.417,SUNLIT,1.0,55.0,19.489,6.5,4.0,10.5,8.989,51.8839,86.47,13.53,16.12,-0.526,CLM_RETRIEVAL_BURST
926.0,15.433,SUNLIT,1.0,55.0,19.505,6.5,4.0,10.5,9.005,51.8862,86.48,13.52,16.121,-0.527,CLM_RETRIEVAL_BURST
927.0,15.45,SUNLIT,1.0,55.0,19.52,6.5,4.0,10.5,9.02,51.8886,86.48,13.52,16.121,-0.528,CLM_RETRIEVAL_BURST
928.0,15.467,SUNLIT,1.0,55.0,19.536,6.5,4.0,10.5,9.036,51.8909,86.48,13.52,16.121,-0.529,CLM_RETRIEVAL_BURST
929.0,15.483,SUNLIT,1.0,55.0,19.552,6.5,4.0,10.5,9.052,51.8933,86.49,13.51,16.122,-0.53,CLM_RETRIEVAL_BURST
930.0,15.5,SUNLIT,1.0,55.0,19.568,6.5,4.0,10.5,9.068,51.8957,86.49,13.51,16.122,-0.531,CLM_RETRIEVAL_BURST
931.0,15.517,SUNLIT,1.0,55.0,19.584,6.5,4.0,10.5,9.084,51.898,86.5,13.5,16.122,-0.532,CLM_RETRIEVAL_BURST
932.0,15.533,SUNLIT,1.0,55.0,19.599,6.5,4.0,10.5,9.099,51.9004,86.5,13.5,16.123,-0.533,CLM_RETRIEVAL_BURST
933.0,15.55,SUNLIT,1.0,55.0,19.615,6.5,4.0,10.5,9.115,51.9028,86.5,13.5,16.123,-0.534,CLM_RETRIEVAL_BURST
934.0,15.567,SUNLIT,1.0,55.0,19.631,6.5,4.0,10.5,9.131,51.9052,86.51,13.49,16.123,-0.534,CLM_RETRIEVAL_BURST
935.0,15.583,SUNLIT,1.0,55.0,19.646,6.5,4.0,10.5,9.146,51.9076,86.51,13.49,16.124,-0.535,CLM_RETRIEVAL_BURST
936.0,15.6,SUNLIT,1.0,55.0,19.662,6.5,4.0,10.5,9.162,51.91,86.52,13.48,16.124,-0.536,CLM_RETRIEVAL_BURST
937.0,15.617,SUNLIT,1.0,55.0,19.678,6.5,4.0,10.5,9.178,51.9124,86.52,13.48,16.124,-0.537,CLM_RETRIEVAL_BURST
938.0,15.633,SUNLIT,1.0,55.0,19.693,6.5,4.0,10.5,9.193,51.9148,86.52,13.48,16.124,-0.538,CLM_RETRIEVAL_BURST
939.0,15.65,SUNLIT,1.0,55.0,19.709,6.5,4.0,10.5,9.209,51.9172,86.53,13.47,16.125,-0.539,CLM_RETRIEVAL_BURST
940.0,15.667,SUNLIT,1.0,55.0,19.725,6.5,4.0,10.5,9.225,51.9196,86.53,13.47,16.125,-0.54,CLM_RETRIEVAL_BURST
941.0,15.683,SUNLIT,1.0,55.0,19.74,6.5,4.0,10.5,9.24,51.922,86.54,13.46,16.125,-0.541,CLM_RETRIEVAL_BURST
942.0,15.7,SUNLIT,1.0,55.0,19.756,6.5,4.0,10.5,9.256,51.9244,86.54,13.46,16.126,-0.542,CLM_RETRIEVAL_BURST
943.0,15.717,SUNLIT,1.0,55.0,19.771,6.5,4.0,10.5,9.271,51.9268,86.54,13.46,16.126,-0.543,CLM_RETRIEVAL_BURST
944.0,15.733,SUNLIT,1.0,55.0,19.787,6.5,4.0,10.5,9.287,51.9293,86.55,13.45,16.126,-0.544,CLM_RETRIEVAL_BURST
945.0,15.75,SUNLIT,1.0,55.0,19.803,6.5,0,6.5,13.303,51.9327,86.55,13.45,16.155,-0.779,
946.0,15.767,SUNLIT,1.0,55.0,19.818,6.5,0,6.5,13.318,51.9362,86.56,13.44,16.155,-0.779,
947.0,15.783,SUNLIT,1.0,55.0,19.834,6.5,0,6.5,13.334,51.9397,86.57,13.43,16.156,-0.78,
948.0,15.8,SUNLIT,1.0,55.0,19.849,6.5,0,6.5,13.349,51.9432,86.57,13.43,16.156,-0.781,
949.0,15.817,SUNLIT,1.0,55.0,19.865,6.5,0,6.5,13.365,51.9467,86.58,13.42,16.157,-0.782,
950.0,15.833,SUNLIT,1.0,55.0,19.88,6.5,0,6.5,13.38,51.9502,86.58,13.42,16.157,-0.783,
951.0,15.85,SUNLIT,1.0,55.0,19.895,6.5,0,6.5,13.395,51.9537,86.59,13.41,16.157,-0.784,
952.0,15.867,SUNLIT,1.0,55.0,19.911,6.5,0,6.5,13.411,51.9572,86.6,13.4,16.158,-0.785,
953.0,15.883,SUNLIT,1.0,55.0,19.926,6.5,0,6.5,13.426,51.9607,86.6,13.4,16.158,-0.786,
954.0,15.9,SUNLIT,1.0,55.0,19.942,6.5,0,6.5,13.442,51.9642,86.61,13.39,16.159,-0.787,
955.0,15.917,SUNLIT,1.0,55.0,19.957,6.5,0,6.5,13.457,51.9677,86.61,13.39,16.159,-0.787,
956.0,15.933,SUNLIT,1.0,55.0,19.972,6.5,0,6.5,13.472,51.9712,86.62,13.38,16.16,-0.788,
957.0,15.95,SUNLIT,1.0,55.0,19.988,6.5,0,6.5,13.488,51.9747,86.62,13.38,16.16,-0.789,
958.0,15.967,SUNLIT,1.0,55.0,20.003,6.5,0,6.5,13.503,51.9782,86.63,13.37,16.16,-0.79,
959.0,15.983,SUNLIT,1.0,55.0,20.018,6.5,0,6.5,13.518,51.9818,86.64,13.36,16.161,-0.791,
960.0,16.0,SUNLIT,1.0,55.0,20.034,6.5,0,6.5,13.534,51.9853,86.64,13.36,16.161,-0.792,
961.0,16.017,SUNLIT,1.0,55.0,20.049,6.5,0,6.5,13.549,51.9888,86.65,13.35,16.162,-0.793,
962.0,16.033,SUNLIT,1.0,55.0,20.064,6.5,0,6.5,13.564,51.9924,86.65,13.35,16.162,-0.794,
963.0,16.05,SUNLIT,1.0,55.0,20.079,6.5,0,6.5,13.579,51.9959,86.66,13.34,16.163,-0.794,
964.0,16.067,SUNLIT,1.0,55.0,20.095,6.5,0,6.5,13.595,51.9995,86.67,13.33,16.163,-0.795,
965.0,16.083,SUNLIT,1.0,55.0,20.11,6.5,0,6.5,13.61,52.003,86.67,13.33,16.163,-0.796,
966.0,16.1,SUNLIT,1.0,55.0,20.125,6.5,0,6.5,13.625,52.0066,86.68,13.32,16.164,-0.797,
967.0,16.117,SUNLIT,1.0,55.0,20.14,6.5,0,6.5,13.64,52.0102,86.68,13.32,16.164,-0.798,
968.0,16.133,SUNLIT,1.0,55.0,20.155,6.5,0,6.5,13.655,52.0137,86.69,13.31,16.165,-0.799,
969.0,16.15,SUNLIT,1.0,55.0,20.17,6.5,0,6.5,13.67,52.0173,86.7,13.3,16.165,-0.8,
970.0,16.167,SUNLIT,1.0,55.0,20.186,6.5,0,6.5,13.686,52.0209,86.7,13.3,16.165,-0.801,
971.0,16.183,SUNLIT,1.0,55.0,20.201,6.5,0,6.5,13.701,52.0244,86.71,13.29,16.166,-0.801,
972.0,16.2,SUNLIT,1.0,55.0,20.216,6.5,0,6.5,13.716,52.028,86.71,13.29,16.166,-0.802,
973.0,16.217,SUNLIT,1.0,55.0,20.231,6.5,0,6.5,13.731,52.0316,86.72,13.28,16.167,-0.803,
974.0,16.233,SUNLIT,1.0,55.0,20.246,6.5,0,6.5,13.746,52.0352,86.73,13.27,16.167,-0.804,
975.0,16.25,SUNLIT,1.0,55.0,20.261,6.5,0,6.5,13.761,52.0388,86.73,13.27,16.168,-0.805,
976.0,16.267,SUNLIT,1.0,55.0,20.276,6.5,0,6.5,13.776,52.0424,86.74,13.26,16.168,-0.806,
977.0,16.283,SUNLIT,1.0,55.0,20.291,6.5,0,6.5,13.791,52.046,86.74,13.26,16.168,-0.807,
978.0,16.3,SUNLIT,1.0,55.0,20.306,6.5,0,6.5,13.806,52.0496,86.75,13.25,16.169,-0.807,
979.0,16.317,SUNLIT,1.0,55.0,20.321,6.5,0,6.5,13.821,52.0532,86.76,13.24,16.169,-0.808,
980.0,16.333,SUNLIT,1.0,55.0,20.336,6.5,0,6.5,13.836,52.0568,86.76,13.24,16.17,-0.809,
981.0,16.35,SUNLIT,1.0,55.0,20.351,6.5,0,6.5,13.851,52.0604,86.77,13.23,16.17,-0.81,
982.0,16.367,SUNLIT,1.0,55.0,20.366,6.5,0,6.5,13.866,52.0641,86.77,13.23,16.171,-0.811,
983.0,16.383,SUNLIT,1.0,55.0,20.381,6.5,0,6.5,13.881,52.0677,86.78,13.22,16.171,-0.812,
984.0,16.4,SUNLIT,1.0,55.0,20.396,6.5,0,6.5,13.896,52.0713,86.79,13.21,16.171,-0.813,
985.0,16.417,SUNLIT,1.0,55.0,20.41,6.5,0,6.5,13.91,52.0749,86.79,13.21,16.172,-0.813,
986.0,16.433,SUNLIT,1.0,55.0,20.425,6.5,0,6.5,13.925,52.0786,86.8,13.2,16.172,-0.814,
987.0,16.45,SUNLIT,1.0,55.0,20.44,6.5,0,6.5,13.94,52.0822,86.8,13.2,16.173,-0.815,
988.0,16.467,SUNLIT,1.0,55.0,20.455,6.5,0,6.5,13.955,52.0859,86.81,13.19,16.173,-0.816,
989.0,16.483,SUNLIT,1.0,55.0,20.47,6.5,0,6.5,13.97,52.0895,86.82,13.18,16.174,-0.817,
990.0,16.5,SUNLIT,1.0,55.0,20.485,6.5,0,6.5,13.985,52.0932,86.82,13.18,16.174,-0.818,
991.0,16.517,SUNLIT,1.0,55.0,20.499,6.5,0,6.5,13.999,52.0968,86.83,13.17,16.174,-0.819,
992.0,16.533,SUNLIT,1.0,55.0,20.514,6.5,0,6.5,14.014,52.1005,86.83,13.17,16.175,-0.819,
993.0,16.55,SUNLIT,1.0,55.0,20.529,6.5,0,6.5,14.029,52.1041,86.84,13.16,16.175,-0.82,
994.0,16.567,SUNLIT,1.0,55.0,20.543,6.5,0,6.5,14.043,52.1078,86.85,13.15,16.176,-0.821,
995.0,16.583,SUNLIT,1.0,55.0,20.558,6.5,0,6.5,14.058,52.1115,86.85,13.15,16.176,-0.822,
996.0,16.6,SUNLIT,1.0,55.0,20.573,6.5,0,6.5,14.073,52.1151,86.86,13.14,16.177,-0.823,
997.0,16.617,SUNLIT,1.0,55.0,20.588,6.5,0,6.5,14.088,52.1188,86.86,13.14,16.177,-0.824,
998.0,16.633,SUNLIT,1.0,55.0,20.602,6.5,0,6.5,14.102,52.1225,86.87,13.13,16.177,-0.824,
999.0,16.65,SUNLIT,1.0,55.0,20.617,6.5,0,6.5,14.117,52.1262,86.88,13.12,16.178,-0.825,
1000.0,16.667,SUNLIT,1.0,55.0,20.631,6.5,0,6.5,14.131,52.1299,86.88,13.12,16.178,-0.826,
1001.0,16.683,SUNLIT,1.0,55.0,20.646,6.5,0,6.5,14.146,52.1336,86.89,13.11,16.179,-0.827,
1002.0,16.7,SUNLIT,1.0,55.0,20.661,6.5,0,6.5,14.161,52.1373,86.9,13.1,16.179,-0.828,
1003.0,16.717,SUNLIT,1.0,55.0,20.675,6.5,0,6.5,14.175,52.141,86.9,13.1,16.18,-0.829,
1004.0,16.733,SUNLIT,1.0,55.0,20.69,6.5,0,6.5,14.19,52.1447,86.91,13.09,16.18,-0.829,
1005.0,16.75,SUNLIT,1.0,55.0,20.704,6.5,0,6.5,14.204,52.1484,86.91,13.09,16.181,-0.83,
1006.0,16.767,SUNLIT,1.0,55.0,20.719,6.5,0,6.5,14.219,52.1521,86.92,13.08,16.181,-0.831,
1007.0,16.783,SUNLIT,1.0,55.0,20.733,6.5,0,6.5,14.233,52.1558,86.93,13.07,16.181,-0.832,
1008.0,16.8,SUNLIT,1.0,55.0,20.748,6.5,0,6.5,14.248,52.1595,86.93,13.07,16.182,-0.833,
1009.0,16.817,SUNLIT,1.0,55.0,20.762,6.5,0,6.5,14.262,52.1633,86.94,13.06,16.182,-0.834,
1010.0,16.833,SUNLIT,1.0,55.0,20.777,6.5,0,6.5,14.277,52.167,86.94,13.06,16.183,-0.834,
1011.0,16.85,SUNLIT,1.0,55.0,20.791,6.5,0,6.5,14.291,52.1707,86.95,13.05,16.183,-0.835,
1012.0,16.867,SUNLIT,1.0,55.0,20.806,6.5,0,6.5,14.306,52.1745,86.96,13.04,16.184,-0.836,
1013.0,16.883,SUNLIT,1.0,55.0,20.82,6.5,0,6.5,14.32,52.1782,86.96,13.04,16.184,-0.837,
1014.0,16.9,SUNLIT,1.0,55.0,20.834,6.5,0,6.5,14.334,52.1819,86.97,13.03,16.184,-0.838,
1015.0,16.917,SUNLIT,1.0,55.0,20.849,6.5,0,6.5,14.349,52.1857,86.98,13.02,16.185,-0.839,
1016.0,16.933,SUNLIT,1.0,55.0,20.863,6.5,0,6.5,14.363,52.1894,86.98,13.02,16.185,-0.839,
1017.0,16.95,SUNLIT,1.0,55.0,20.877,6.5,0,6.5,14.377,52.1932,86.99,13.01,16.186,-0.84,
1018.0,16.967,SUNLIT,1.0,55.0,20.892,6.5,0,6.5,14.392,52.197,86.99,13.01,16.186,-0.841,
1019.0,16.983,SUNLIT,1.0,55.0,20.906,6.5,0,6.5,14.406,52.2007,87.0,13.0,16.187,-0.842,
1020.0,17.0,SUNLIT,1.0,55.0,20.92,6.5,0,6.5,14.42,52.2045,87.01,12.99,16.187,-0.843,
1021.0,17.017,SUNLIT,1.0,55.0,20.934,6.5,0,6.5,14.434,52.2082,87.01,12.99,16.187,-0.843,
1022.0,17.033,SUNLIT,1.0,55.0,20.949,6.5,0,6.5,14.449,52.212,87.02,12.98,16.188,-0.844,
1023.0,17.05,SUNLIT,1.0,55.0,20.963,6.5,0,6.5,14.463,52.2158,87.03,12.97,16.188,-0.845,
1024.0,17.067,SUNLIT,1.0,55.0,20.977,6.5,0,6.5,14.477,52.2196,87.03,12.97,16.189,-0.846,
1025.0,17.083,SUNLIT,1.0,55.0,20.991,6.5,0,6.5,14.491,52.2234,87.04,12.96,16.189,-0.847,
1026.0,17.1,SUNLIT,1.0,55.0,21.005,6.5,0,6.5,14.505,52.2271,87.05,12.95,16.19,-0.848,
1027.0,17.117,SUNLIT,1.0,55.0,21.02,6.5,0,6.5,14.52,52.2309,87.05,12.95,16.19,-0.848,
1028.0,17.133,SUNLIT,1.0,55.0,21.034,6.5,0,6.5,14.534,52.2347,87.06,12.94,16.191,-0.849,
1029.0,17.15,SUNLIT,1.0,55.0,21.048,6.5,0,6.5,14.548,52.2385,87.06,12.94,16.191,-0.85,
1030.0,17.167,SUNLIT,1.0,55.0,21.062,6.5,0,6.5,14.562,52.2423,87.07,12.93,16.191,-0.851,
1031.0,17.183,SUNLIT,1.0,55.0,21.076,6.5,0,6.5,14.576,52.2461,87.08,12.92,16.192,-0.852,
1032.0,17.2,SUNLIT,1.0,55.0,21.09,6.5,0,6.5,14.59,52.2499,87.08,12.92,16.192,-0.852,
1033.0,17.217,SUNLIT,1.0,55.0,21.104,6.5,0,6.5,14.604,52.2538,87.09,12.91,16.193,-0.853,
1034.0,17.233,SUNLIT,1.0,55.0,21.118,6.5,0,6.5,14.618,52.2576,87.1,12.9,16.193,-0.854,
1035.0,17.25,SUNLIT,1.0,55.0,21.132,6.5,0,6.5,14.632,52.2614,87.1,12.9,16.194,-0.855,
1036.0,17.267,SUNLIT,1.0,55.0,21.146,6.5,0,6.5,14.646,52.2652,87.11,12.89,16.194,-0.856,
1037.0,17.283,SUNLIT,1.0,55.0,21.16,6.5,0,6.5,14.66,52.2691,87.12,12.88,16.194,-0.856,
1038.0,17.3,SUNLIT,1.0,55.0,21.174,6.5,0,6.5,14.674,52.2729,87.12,12.88,16.195,-0.857,
1039.0,17.317,SUNLIT,1.0,55.0,21.188,6.5,0,6.5,14.688,52.2767,87.13,12.87,16.195,-0.858,
1040.0,17.333,SUNLIT,1.0,55.0,21.202,6.5,0,6.5,14.702,52.2806,87.13,12.87,16.196,-0.859,
1041.0,17.35,SUNLIT,1.0,55.0,21.216,6.5,0,6.5,14.716,52.2844,87.14,12.86,16.196,-0.86,
1042.0,17.367,SUNLIT,1.0,55.0,21.23,6.5,0,6.5,14.73,52.2882,87.15,12.85,16.197,-0.86,
1043.0,17.383,SUNLIT,1.0,55.0,21.244,6.5,0,6.5,14.744,52.2921,87.15,12.85,16.197,-0.861,
1044.0,17.4,SUNLIT,1.0,55.0,21.258,6.5,0,6.5,14.758,52.296,87.16,12.84,16.198,-0.862,
1045.0,17.417,SUNLIT,1.0,55.0,21.271,6.5,0,6.5,14.771,52.2998,87.17,12.83,16.198,-0.863,
1046.0,17.433,SUNLIT,1.0,55.0,21.285,6.5,0,6.5,14.785,52.3037,87.17,12.83,16.198,-0.864,
1047.0,17.45,SUNLIT,1.0,55.0,21.299,6.5,0,6.5,14.799,52.3075,87.18,12.82,16.199,-0.864,
1048.0,17.467,SUNLIT,1.0,55.0,21.313,6.5,0,6.5,14.813,52.3114,87.19,12.81,16.199,-0.865,
1049.0,17.483,SUNLIT,1.0,55.0,21.327,6.5,0,6.5,14.827,52.3153,87.19,12.81,16.2,-0.866,
1050.0,17.5,SUNLIT,1.0,55.0,21.34,6.5,0,6.5,14.84,52.3191,87.2,12.8,16.2,-0.867,
1051.0,17.517,SUNLIT,1.0,55.0,21.354,6.5,0,6.5,14.854,52.323,87.21,12.79,16.201,-0.867,
1052.0,17.533,SUNLIT,1.0,55.0,21.368,6.5,0,6.5,14.868,52.3269,87.21,12.79,16.201,-0.868,
1053.0,17.55,SUNLIT,1.0,55.0,21.381,6.5,0,6.5,14.881,52.3308,87.22,12.78,16.202,-0.869,
1054.0,17.567,SUNLIT,1.0,55.0,21.395,6.5,0,6.5,14.895,52.3347,87.22,12.78,16.202,-0.87,
1055.0,17.583,SUNLIT,1.0,55.0,21.409,6.5,0,6.5,14.909,52.3386,87.23,12.77,16.202,-0.871,
1056.0,17.6,SUNLIT,1.0,55.0,21.422,6.5,0,6.5,14.922,52.3425,87.24,12.76,16.203,-0.871,
1057.0,17.617,SUNLIT,1.0,55.0,21.436,6.5,0,6.5,14.936,52.3464,87.24,12.76,16.203,-0.872,
1058.0,17.633,SUNLIT,1.0,55.0,21.45,6.5,0,6.5,14.95,52.3503,87.25,12.75,16.204,-0.873,
1059.0,17.65,SUNLIT,1.0,55.0,21.463,6.5,0,6.5,14.963,52.3542,87.26,12.74,16.204,-0.874,
1060.0,17.667,SUNLIT,1.0,55.0,21.477,6.5,0,6.5,14.977,52.3581,87.26,12.74,16.205,-0.874,
1061.0,17.683,SUNLIT,1.0,55.0,21.49,6.5,0,6.5,14.99,52.362,87.27,12.73,16.205,-0.875,
1062.0,17.7,SUNLIT,1.0,55.0,21.504,6.5,0,6.5,15.004,52.3659,87.28,12.72,16.206,-0.876,
1063.0,17.717,SUNLIT,1.0,55.0,21.517,6.5,0,6.5,15.017,52.3698,87.28,12.72,16.206,-0.877,
1064.0,17.733,SUNLIT,1.0,55.0,21.531,6.5,0,6.5,15.031,52.3738,87.29,12.71,16.206,-0.878,
1065.0,17.75,SUNLIT,1.0,55.0,21.544,6.5,0,6.5,15.044,52.3777,87.3,12.7,16.207,-0.878,
1066.0,17.767,SUNLIT,1.0,55.0,21.558,6.5,0,6.5,15.058,52.3816,87.3,12.7,16.207,-0.879,
1067.0,17.783,SUNLIT,1.0,55.0,21.571,6.5,0,6.5,15.071,52.3856,87.31,12.69,16.208,-0.88,
1068.0,17.8,SUNLIT,1.0,55.0,21.585,6.5,0,6.5,15.085,52.3895,87.32,12.68,16.208,-0.881,
1069.0,17.817,SUNLIT,1.0,55.0,21.598,6.5,0,6.5,15.098,52.3934,87.32,12.68,16.209,-0.881,
1070.0,17.833,SUNLIT,1.0,55.0,21.612,6.5,0,6.5,15.112,52.3974,87.33,12.67,16.209,-0.882,
1071.0,17.85,SUNLIT,1.0,55.0,21.625,6.5,0,6.5,15.125,52.4013,87.34,12.66,16.21,-0.883,
1072.0,17.867,SUNLIT,1.0,55.0,21.638,6.5,0,6.5,15.138,52.4053,87.34,12.66,16.21,-0.884,
1073.0,17.883,SUNLIT,1.0,55.0,21.652,6.5,0,6.5,15.152,52.4093,87.35,12.65,16.21,-0.884,
1074.0,17.9,SUNLIT,1.0,55.0,21.665,6.5,0,6.5,15.165,52.4132,87.36,12.64,16.211,-0.885,
1075.0,17.917,SUNLIT,1.0,55.0,21.678,6.5,0,6.5,15.178,52.4172,87.36,12.64,16.211,-0.886,
1076.0,17.933,SUNLIT,1.0,55.0,21.692,6.5,0,6.5,15.192,52.4211,87.37,12.63,16.212,-0.887,
1077.0,17.95,SUNLIT,1.0,55.0,21.705,6.5,0,6.5,15.205,52.4251,87.38,12.62,16.212,-0.887,
1078.0,17.967,SUNLIT,1.0,55.0,21.718,6.5,0,6.5,15.218,52.4291,87.38,12.62,16.213,-0.888,
1079.0,17.983,SUNLIT,1.0,55.0,21.731,6.5,0,6.5,15.231,52.4331,87.39,12.61,16.213,-0.889,
1080.0,18.0,SUNLIT,1.0,55.0,21.745,6.5,0,6.5,15.245,52.437,87.4,12.6,16.214,-0.89,
1081.0,18.017,SUNLIT,1.0,55.0,21.758,6.5,0,6.5,15.258,52.441,87.4,12.6,16.214,-0.89,
1082.0,18.033,SUNLIT,1.0,55.0,21.771,6.5,0,6.5,15.271,52.445,87.41,12.59,16.214,-0.891,
1083.0,18.05,SUNLIT,1.0,55.0,21.784,6.5,0,6.5,15.284,52.449,87.42,12.58,16.215,-0.892,
1084.0,18.067,SUNLIT,1.0,55.0,21.797,6.5,0,6.5,15.297,52.453,87.42,12.58,16.215,-0.893,
1085.0,18.083,SUNLIT,1.0,55.0,21.81,6.5,0,6.5,15.31,52.457,87.43,12.57,16.216,-0.893,
1086.0,18.1,SUNLIT,1.0,55.0,21.824,6.5,0,6.5,15.324,52.461,87.43,12.57,16.216,-0.894,
1087.0,18.117,SUNLIT,1.0,55.0,21.837,6.5,0,6.5,15.337,52.465,87.44,12.56,16.217,-0.895,
1088.0,18.133,SUNLIT,1.0,55.0,21.85,6.5,0,6.5,15.35,52.469,87.45,12.55,16.217,-0.896,
1089.0,18.15,SUNLIT,1.0,55.0,21.863,6.5,0,6.5,15.363,52.473,87.46,12.54,16.218,-0.896,
1090.0,18.167,SUNLIT,1.0,55.0,21.876,6.5,0,6.5,15.376,52.477,87.46,12.54,16.218,-0.897,
1091.0,18.183,SUNLIT,1.0,55.0,21.889,6.5,0,6.5,15.389,52.4811,87.47,12.53,16.219,-0.898,
1092.0,18.2,SUNLIT,1.0,55.0,21.902,6.5,0,6.5,15.402,52.4851,87.48,12.52,16.219,-0.899,
1093.0,18.217,SUNLIT,1.0,55.0,21.915,6.5,0,6.5,15.415,52.4891,87.48,12.52,16.219,-0.899,
1094.0,18.233,SUNLIT,1.0,55.0,21.928,6.5,0,6.5,15.428,52.4931,87.49,12.51,16.22,-0.9,
1095.0,18.25,SUNLIT,1.0,55.0,21.941,6.5,0,6.5,15.441,52.4972,87.5,12.5,16.22,-0.901,
1096.0,18.267,SUNLIT,1.0,55.0,21.954,6.5,0,6.5,15.454,52.5012,87.5,12.5,16.221,-0.902,
1097.0,18.283,SUNLIT,1.0,55.0,21.967,6.5,0,6.5,15.467,52.5052,87.51,12.49,16.221,-0.902,
1098.0,18.3,SUNLIT,1.0,55.0,21.979,6.5,0,6.5,15.479,52.5093,87.52,12.48,16.222,-0.903,
1099.0,18.317,SUNLIT,1.0,55.0,21.992,6.5,0,6.5,15.492,52.5133,87.52,12.48,16.222,-0.904,
1100.0,18.333,SUNLIT,1.0,55.0,22.005,6.5,0,6.5,15.505,52.5174,87.53,12.47,16.223,-0.904,
1101.0,18.35,SUNLIT,1.0,55.0,22.018,6.5,0,6.5,15.518,52.5214,87.54,12.46,16.223,-0.905,
1102.0,18.367,SUNLIT,1.0,55.0,22.031,6.5,0,6.5,15.531,52.5255,87.54,12.46,16.224,-0.906,
1103.0,18.383,SUNLIT,1.0,55.0,22.044,6.5,0,6.5,15.544,52.5295,87.55,12.45,16.224,-0.907,
1104.0,18.4,SUNLIT,1.0,55.0,22.056,6.5,0,6.5,15.556,52.5336,87.56,12.44,16.224,-0.907,
1105.0,18.417,SUNLIT,1.0,55.0,22.069,6.5,0,6.5,15.569,52.5377,87.56,12.44,16.225,-0.908,
1106.0,18.433,SUNLIT,1.0,55.0,22.082,6.5,0,6.5,15.582,52.5417,87.57,12.43,16.225,-0.909,
1107.0,18.45,SUNLIT,1.0,55.0,22.095,6.5,0,6.5,15.595,52.5458,87.58,12.42,16.226,-0.91,
1108.0,18.467,SUNLIT,1.0,55.0,22.107,6.5,0,6.5,15.607,52.5499,87.58,12.42,16.226,-0.91,
1109.0,18.483,SUNLIT,1.0,55.0,22.12,6.5,0,6.5,15.62,52.554,87.59,12.41,16.227,-0.911,
1110.0,18.5,SUNLIT,1.0,55.0,22.133,6.5,0,6.5,15.633,52.558,87.6,12.4,16.227,-0.912,
1111.0,18.517,SUNLIT,1.0,55.0,22.145,6.5,0,6.5,15.645,52.5621,87.6,12.4,16.228,-0.912,
1112.0,18.533,SUNLIT,1.0,55.0,22.158,6.5,0,6.5,15.658,52.5662,87.61,12.39,16.228,-0.913,
1113.0,18.55,SUNLIT,1.0,55.0,22.171,6.5,0,6.5,15.671,52.5703,87.62,12.38,16.228,-0.914,
1114.0,18.567,SUNLIT,1.0,55.0,22.183,6.5,0,6.5,15.683,52.5744,87.62,12.38,16.229,-0.915,
1115.0,18.583,SUNLIT,1.0,55.0,22.196,6.5,0,6.5,15.696,52.5785,87.63,12.37,16.229,-0.915,
1116.0,18.6,SUNLIT,1.0,55.0,22.208,6.5,0,6.5,15.708,52.5826,87.64,12.36,16.23,-0.916,
1117.0,18.617,SUNLIT,1.0,55.0,22.221,6.5,0,6.5,15.721,52.5867,87.64,12.36,16.23,-0.917,
1118.0,18.633,SUNLIT,1.0,55.0,22.233,6.5,0,6.5,15.733,52.5908,87.65,12.35,16.231,-0.917,
1119.0,18.65,SUNLIT,1.0,55.0,22.246,6.5,0,6.5,15.746,52.5949,87.66,12.34,16.231,-0.918,
1120.0,18.667,SUNLIT,1.0,55.0,22.258,6.5,0,6.5,15.758,52.599,87.67,12.33,16.232,-0.919,
1121.0,18.683,SUNLIT,1.0,55.0,22.271,6.5,0,6.5,15.771,52.6032,87.67,12.33,16.232,-0.92,
1122.0,18.7,SUNLIT,1.0,55.0,22.283,6.5,0,6.5,15.783,52.6073,87.68,12.32,16.233,-0.92,
1123.0,18.717,SUNLIT,1.0,55.0,22.296,6.5,0,6.5,15.796,52.6114,87.69,12.31,16.233,-0.921,
1124.0,18.733,SUNLIT,1.0,55.0,22.308,6.5,0,6.5,15.808,52.6155,87.69,12.31,16.234,-0.922,
1125.0,18.75,SUNLIT,1.0,55.0,22.321,6.5,0,6.5,15.821,52.6197,87.7,12.3,16.234,-0.922,
1126.0,18.767,SUNLIT,1.0,55.0,22.333,6.5,0,6.5,15.833,52.6238,87.71,12.29,16.234,-0.923,
1127.0,18.783,SUNLIT,1.0,55.0,22.345,6.5,0,6.5,15.845,52.6279,87.71,12.29,16.235,-0.924,
1128.0,18.8,SUNLIT,1.0,55.0,22.358,6.5,0,6.5,15.858,52.6321,87.72,12.28,16.235,-0.924,
1129.0,18.817,SUNLIT,1.0,55.0,22.37,6.5,0,6.5,15.87,52.6362,87.73,12.27,16.236,-0.925,
1130.0,18.833,SUNLIT,1.0,55.0,22.382,6.5,0,6.5,15.882,52.6404,87.73,12.27,16.236,-0.926,
1131.0,18.85,SUNLIT,1.0,55.0,22.395,6.5,0,6.5,15.895,52.6445,87.74,12.26,16.237,-0.927,
1132.0,18.867,SUNLIT,1.0,55.0,22.407,6.5,0,6.5,15.907,52.6487,87.75,12.25,16.237,-0.927,
1133.0,18.883,SUNLIT,1.0,55.0,22.419,6.5,0,6.5,15.919,52.6528,87.75,12.25,16.238,-0.928,
1134.0,18.9,SUNLIT,1.0,55.0,22.431,6.5,0,6.5,15.931,52.657,87.76,12.24,16.238,-0.929,
1135.0,18.917,SUNLIT,1.0,55.0,22.444,6.5,0,6.5,15.944,52.6611,87.77,12.23,16.239,-0.929,
1136.0,18.933,SUNLIT,1.0,55.0,22.456,6.5,0,6.5,15.956,52.6653,87.78,12.22,16.239,-0.93,
1137.0,18.95,SUNLIT,1.0,55.0,22.468,6.5,0,6.5,15.968,52.6695,87.78,12.22,16.239,-0.931,
1138.0,18.967,SUNLIT,1.0,55.0,22.48,6.5,0,6.5,15.98,52.6737,87.79,12.21,16.24,-0.931,
1139.0,18.983,SUNLIT,1.0,55.0,22.492,6.5,0,6.5,15.992,52.6778,87.8,12.2,16.24,-0.932,
1140.0,19.0,SUNLIT,1.0,55.0,22.504,6.5,0,6.5,16.004,52.682,87.8,12.2,16.241,-0.933,
1141.0,19.017,SUNLIT,1.0,55.0,22.516,6.5,0,6.5,16.016,52.6862,87.81,12.19,16.241,-0.933,
1142.0,19.033,SUNLIT,1.0,55.0,22.528,6.5,0,6.5,16.028,52.6904,87.82,12.18,16.242,-0.934,
1143.0,19.05,SUNLIT,1.0,55.0,22.541,6.5,0,6.5,16.041,52.6946,87.82,12.18,16.242,-0.935,
1144.0,19.067,SUNLIT,1.0,55.0,22.553,6.5,0,6.5,16.053,52.6988,87.83,12.17,16.243,-0.935,
1145.0,19.083,SUNLIT,1.0,55.0,22.565,6.5,0,6.5,16.065,52.703,87.84,12.16,16.243,-0.936,
1146.0,19.1,SUNLIT,1.0,55.0,22.577,6.5,0,6.5,16.077,52.7072,87.85,12.15,16.244,-0.937,
1147.0,19.117,SUNLIT,1.0,55.0,22.589,6.5,0,6.5,16.089,52.7114,87.85,12.15,16.244,-0.938,
1148.0,19.133,SUNLIT,1.0,55.0,22.601,6.5,0,6.5,16.101,52.7156,87.86,12.14,16.244,-0.938,
1149.0,19.15,SUNLIT,1.0,55.0,22.613,6.5,0,6.5,16.113,52.7198,87.87,12.13,16.245,-0.939,
1150.0,19.167,SUNLIT,1.0,55.0,22.624,6.5,0,6.5,16.124,52.724,87.87,12.13,16.245,-0.94,
1151.0,19.183,SUNLIT,1.0,55.0,22.636,6.5,0,6.5,16.136,52.7282,87.88,12.12,16.246,-0.94,
1152.0,19.2,SUNLIT,1.0,55.0,22.648,6.5,0,6.5,16.148,52.7324,87.89,12.11,16.246,-0.941,
1153.0,19.217,SUNLIT,1.0,55.0,22.66,6.5,0,6.5,16.16,52.7366,87.89,12.11,16.247,-0.942,
1154.0,19.233,SUNLIT,1.0,55.0,22.672,6.5,0,6.5,16.172,52.7408,87.9,12.1,16.247,-0.942,
1155.0,19.25,SUNLIT,1.0,55.0,22.684,6.5,0,6.5,16.184,52.7451,87.91,12.09,16.248,-0.943,
1156.0,19.267,SUNLIT,1.0,55.0,22.696,6.5,0,6.5,16.196,52.7493,87.92,12.08,16.248,-0.944,
1157.0,19.283,SUNLIT,1.0,55.0,22.707,6.5,0,6.5,16.207,52.7535,87.92,12.08,16.249,-0.944,
1158.0,19.3,SUNLIT,1.0,55.0,22.719,6.5,0,6.5,16.219,52.7578,87.93,12.07,16.249,-0.945,
1159.0,19.317,SUNLIT,1.0,55.0,22.731,6.5,0,6.5,16.231,52.762,87.94,12.06,16.25,-0.946,
1160.0,19.333,SUNLIT,1.0,55.0,22.743,6.5,0,6.5,16.243,52.7662,87.94,12.06,16.25,-0.946,
1161.0,19.35,SUNLIT,1.0,55.0,22.755,6.5,0,6.5,16.255,52.7705,87.95,12.05,16.25,-0.947,
1162.0,19.367,SUNLIT,1.0,55.0,22.766,6.5,0,6.5,16.266,52.7747,87.96,12.04,16.251,-0.948,
1163.0,19.383,SUNLIT,1.0,55.0,22.778,6.5,0,6.5,16.278,52.779,87.96,12.04,16.251,-0.948,
1164.0,19.4,SUNLIT,1.0,55.0,22.79,6.5,0,6.5,16.29,52.7832,87.97,12.03,16.252,-0.949,
1165.0,19.417,SUNLIT,1.0,55.0,22.801,6.5,0,6.5,16.301,52.7875,87.98,12.02,16.252,-0.95,
1166.0,19.433,SUNLIT,1.0,55.0,22.813,6.5,0,6.5,16.313,52.7918,87.99,12.01,16.253,-0.95,
1167.0,19.45,SUNLIT,1.0,55.0,22.824,6.5,0,6.5,16.324,52.796,87.99,12.01,16.253,-0.951,
1168.0,19.467,SUNLIT,1.0,55.0,22.836,6.5,0,6.5,16.336,52.8003,88.0,12.0,16.254,-0.951,
1169.0,19.483,SUNLIT,1.0,55.0,22.848,6.5,0,6.5,16.348,52.8046,88.01,11.99,16.254,-0.952,
1170.0,19.5,SUNLIT,1.0,55.0,22.859,6.5,0,6.5,16.359,52.8088,88.01,11.99,16.255,-0.953,
1171.0,19.517,SUNLIT,1.0,55.0,22.871,6.5,0,6.5,16.371,52.8131,88.02,11.98,16.255,-0.953,
1172.0,19.533,SUNLIT,1.0,55.0,22.882,6.5,0,6.5,16.382,52.8174,88.03,11.97,16.256,-0.954,
1173.0,19.55,SUNLIT,1.0,55.0,22.894,6.5,0,6.5,16.394,52.8217,88.04,11.96,16.256,-0.955,
1174.0,19.567,SUNLIT,1.0,55.0,22.905,6.5,0,6.5,16.405,52.8259,88.04,11.96,16.257,-0.955,
1175.0,19.583,SUNLIT,1.0,55.0,22.917,6.5,0,6.5,16.417,52.8302,88.05,11.95,16.257,-0.956,
1176.0,19.6,SUNLIT,1.0,55.0,22.928,6.5,0,6.5,16.428,52.8345,88.06,11.94,16.257,-0.957,
1177.0,19.617,SUNLIT,1.0,55.0,22.94,6.5,0,6.5,16.44,52.8388,88.06,11.94,16.258,-0.957,
1178.0,19.633,SUNLIT,1.0,55.0,22.951,6.5,0,6.5,16.451,52.8431,88.07,11.93,16.258,-0.958,
1179.0,19.65,SUNLIT,1.0,55.0,22.962,6.5,0,6.5,16.462,52.8474,88.08,11.92,16.259,-0.959,
1180.0,19.667,SUNLIT,1.0,55.0,22.974,6.5,0,6.5,16.474,52.8517,88.09,11.91,16.259,-0.959,
1181.0,19.683,SUNLIT,1.0,55.0,22.985,6.5,0,6.5,16.485,52.856,88.09,11.91,16.26,-0.96,
1182.0,19.7,SUNLIT,1.0,55.0,22.996,6.5,0,6.5,16.496,52.8603,88.1,11.9,16.26,-0.96,
1183.0,19.717,SUNLIT,1.0,55.0,23.008,6.5,0,6.5,16.508,52.8646,88.11,11.89,16.261,-0.961,
1184.0,19.733,SUNLIT,1.0,55.0,23.019,6.5,0,6.5,16.519,52.8689,88.11,11.89,16.261,-0.962,
1185.0,19.75,SUNLIT,1.0,55.0,23.03,6.5,0,6.5,16.53,52.8733,88.12,11.88,16.262,-0.962,
1186.0,19.767,SUNLIT,1.0,55.0,23.042,6.5,0,6.5,16.542,52.8776,88.13,11.87,16.262,-0.963,
1187.0,19.783,SUNLIT,1.0,55.0,23.053,6.5,0,6.5,16.553,52.8819,88.14,11.86,16.263,-0.964,
1188.0,19.8,SUNLIT,1.0,55.0,23.064,6.5,0,6.5,16.564,52.8862,88.14,11.86,16.263,-0.964,
1189.0,19.817,SUNLIT,1.0,55.0,23.075,6.5,0,6.5,16.575,52.8906,88.15,11.85,16.263,-0.965,
1190.0,19.833,SUNLIT,1.0,55.0,23.086,6.5,0,6.5,16.586,52.8949,88.16,11.84,16.264,-0.966,
1191.0,19.85,SUNLIT,1.0,55.0,23.098,6.5,0,6.5,16.598,52.8992,88.17,11.83,16.264,-0.966,
1192.0,19.867,SUNLIT,1.0,55.0,23.109,6.5,0,6.5,16.609,52.9036,88.17,11.83,16.265,-0.967,
1193.0,19.883,SUNLIT,1.0,55.0,23.12,6.5,0,6.5,16.62,52.9079,88.18,11.82,16.265,-0.967,
1194.0,19.9,SUNLIT,1.0,55.0,23.131,6.5,0,6.5,16.631,52.9122,88.19,11.81,16.266,-0.968,
1195.0,19.917,SUNLIT,1.0,55.0,23.142,6.5,0,6.5,16.642,52.9166,88.19,11.81,16.266,-0.969,
1196.0,19.933,SUNLIT,1.0,55.0,23.153,6.5,0,6.5,16.653,52.9209,88.2,11.8,16.267,-0.969,
1197.0,19.95,SUNLIT,1.0,55.0,23.164,6.5,0,6.5,16.664,52.9253,88.21,11.79,16.267,-0.97,
1198.0,19.967,SUNLIT,1.0,55.0,23.175,6.5,0,6.5,16.675,52.9296,88.22,11.78,16.268,-0.971,
1199.0,19.983,SUNLIT,1.0,55.0,23.186,6.5,0,6.5,16.686,52.934,88.22,11.78,16.268,-0.971,
1200.0,20.0,SUNLIT,1.0,55.0,23.197,6.5,0,6.5,16.697,52.9384,88.23,11.77,16.269,-0.972,
1201.0,20.017,SUNLIT,1.0,55.0,23.208,6.5,0,6.5,16.708,52.9427,88.24,11.76,16.269,-0.972,
1202.0,20.033,SUNLIT,1.0,55.0,23.219,6.5,0,6.5,16.719,52.9471,88.25,11.75,16.27,-0.973,
1203.0,20.05,SUNLIT,1.0,55.0,23.23,6.5,0,6.5,16.73,52.9514,88.25,11.75,16.27,-0.974,
1204.0,20.067,SUNLIT,1.0,55.0,23.241,6.5,0,6.5,16.741,52.9558,88.26,11.74,16.27,-0.974,
1205.0,20.083,SUNLIT,1.0,55.0,23.252,6.5,0,6.5,16.752,52.9602,88.27,11.73,16.271,-0.975,
1206.0,20.1,SUNLIT,1.0,55.0,23.263,6.5,0,6.5,16.763,52.9646,88.27,11.73,16.271,-0.975,
1207.0,20.117,SUNLIT,1.0,55.0,23.273,6.5,0,6.5,16.773,52.9689,88.28,11.72,16.272,-0.976,
1208.0,20.133,SUNLIT,1.0,55.0,23.284,6.5,0,6.5,16.784,52.9733,88.29,11.71,16.272,-0.977,
1209.0,20.15,SUNLIT,1.0,55.0,23.295,6.5,0,6.5,16.795,52.9777,88.3,11.7,16.273,-0.977,
1210.0,20.167,SUNLIT,1.0,55.0,23.306,6.5,0,6.5,16.806,52.9821,88.3,11.7,16.273,-0.978,
1211.0,20.183,SUNLIT,1.0,55.0,23.317,6.5,0,6.5,16.817,52.9865,88.31,11.69,16.274,-0.978,
1212.0,20.2,SUNLIT,1.0,55.0,23.327,6.5,0,6.5,16.827,52.9909,88.32,11.68,16.274,-0.979,
1213.0,20.217,SUNLIT,1.0,55.0,23.338,6.5,0,6.5,16.838,52.9953,88.33,11.67,16.275,-0.98,
1214.0,20.233,SUNLIT,1.0,55.0,23.349,6.5,0,6.5,16.849,52.9997,88.33,11.67,16.275,-0.98,
1215.0,20.25,SUNLIT,1.0,55.0,23.36,6.5,0,6.5,16.86,53.0041,88.34,11.66,16.276,-0.981,
1216.0,20.267,SUNLIT,1.0,55.0,23.37,6.5,0,6.5,16.87,53.0085,88.35,11.65,16.276,-0.981,
1217.0,20.283,SUNLIT,1.0,55.0,23.381,6.5,0,6.5,16.881,53.0129,88.35,11.65,16.277,-0.982,
1218.0,20.3,SUNLIT,1.0,55.0,23.392,6.5,0,6.5,16.892,53.0173,88.36,11.64,16.277,-0.983,
1219.0,20.317,SUNLIT,1.0,55.0,23.402,6.5,0,6.5,16.902,53.0217,88.37,11.63,16.278,-0.983,
1220.0,20.333,SUNLIT,1.0,55.0,23.413,6.5,0,6.5,16.913,53.0261,88.38,11.62,16.278,-0.984,
1221.0,20.35,SUNLIT,1.0,55.0,23.423,6.5,0,6.5,16.923,53.0306,88.38,11.62,16.278,-0.984,
1222.0,20.367,SUNLIT,1.0,55.0,23.434,6.5,0,6.5,16.934,53.035,88.39,11.61,16.279,-0.985,
1223.0,20.383,SUNLIT,1.0,55.0,23.444,6.5,0,6.5,16.944,53.0394,88.4,11.6,16.279,-0.986,
1224.0,20.4,SUNLIT,1.0,55.0,23.455,6.5,0,6.5,16.955,53.0438,88.41,11.59,16.28,-0.986,
1225.0,20.417,SUNLIT,1.0,55.0,23.466,6.5,0,6.5,16.966,53.0483,88.41,11.59,16.28,-0.987,
1226.0,20.433,SUNLIT,1.0,55.0,23.476,6.5,0,6.5,16.976,53.0527,88.42,11.58,16.281,-0.987,
1227.0,20.45,SUNLIT,1.0,55.0,23.486,6.5,0,6.5,16.986,53.0571,88.43,11.57,16.281,-0.988,
1228.0,20.467,SUNLIT,1.0,55.0,23.497,6.5,0,6.5,16.997,53.0616,88.44,11.56,16.282,-0.989,
1229.0,20.483,SUNLIT,1.0,55.0,23.507,6.5,0,6.5,17.007,53.066,88.44,11.56,16.282,-0.989,
1230.0,20.5,SUNLIT,1.0,55.0,23.518,6.5,0,6.5,17.018,53.0705,88.45,11.55,16.283,-0.99,
1231.0,20.517,SUNLIT,1.0,55.0,23.528,6.5,0,6.5,17.028,53.0749,88.46,11.54,16.283,-0.99,
1232.0,20.533,SUNLIT,1.0,55.0,23.539,6.5,0,6.5,17.039,53.0793,88.47,11.53,16.284,-0.991,
1233.0,20.55,SUNLIT,1.0,55.0,23.549,6.5,0,6.5,17.049,53.0838,88.47,11.53,16.284,-0.991,
1234.0,20.567,SUNLIT,1.0,55.0,23.559,6.5,0,6.5,17.059,53.0883,88.48,11.52,16.285,-0.992,
1235.0,20.583,SUNLIT,1.0,55.0,23.57,6.5,0,6.5,17.07,53.0927,88.49,11.51,16.285,-0.993,
1236.0,20.6,SUNLIT,1.0,55.0,23.58,6.5,0,6.5,17.08,53.0972,88.5,11.5,16.286,-0.993,
1237.0,20.617,SUNLIT,1.0,55.0,23.59,6.5,0,6.5,17.09,53.1016,88.5,11.5,16.286,-0.994,
1238.0,20.633,SUNLIT,1.0,55.0,23.6,6.5,0,6.5,17.1,53.1061,88.51,11.49,16.286,-0.994,
1239.0,20.65,SUNLIT,1.0,55.0,23.611,6.5,0,6.5,17.111,53.1106,88.52,11.48,16.287,-0.995,
1240.0,20.667,SUNLIT,1.0,55.0,23.621,6.5,0,6.5,17.121,53.115,88.53,11.47,16.287,-0.995,
1241.0,20.683,SUNLIT,1.0,55.0,23.631,6.5,0,6.5,17.131,53.1195,88.53,11.47,16.288,-0.996,
1242.0,20.7,SUNLIT,1.0,55.0,23.641,6.5,0,6.5,17.141,53.124,88.54,11.46,16.288,-0.997,
1243.0,20.717,SUNLIT,1.0,55.0,23.651,6.5,0,6.5,17.151,53.1285,88.55,11.45,16.289,-0.997,
1244.0,20.733,SUNLIT,1.0,55.0,23.661,6.5,0,6.5,17.161,53.1329,88.55,11.45,16.289,-0.998,
1245.0,20.75,SUNLIT,1.0,55.0,23.672,6.5,0,6.5,17.172,53.1374,88.56,11.44,16.29,-0.998,
1246.0,20.767,SUNLIT,1.0,55.0,23.682,6.5,0,6.5,17.182,53.1419,88.57,11.43,16.29,-0.999,
1247.0,20.783,SUNLIT,1.0,55.0,23.692,6.5,0,6.5,17.192,53.1464,88.58,11.42,16.291,-0.999,
1248.0,20.8,SUNLIT,1.0,55.0,23.702,6.5,0,6.5,17.202,53.1509,88.58,11.42,16.291,-1.0,
1249.0,20.817,SUNLIT,1.0,55.0,23.712,6.5,0,6.5,17.212,53.1554,88.59,11.41,16.292,-1.0,
1250.0,20.833,SUNLIT,1.0,55.0,23.722,6.5,0,6.5,17.222,53.1599,88.6,11.4,16.292,-1.001,
1251.0,20.85,SUNLIT,1.0,55.0,23.732,6.5,0,6.5,17.232,53.1644,88.61,11.39,16.293,-1.002,
1252.0,20.867,SUNLIT,1.0,55.0,23.742,6.5,0,6.5,17.242,53.1689,88.61,11.39,16.293,-1.002,
1253.0,20.883,SUNLIT,1.0,55.0,23.752,6.5,0,6.5,17.252,53.1734,88.62,11.38,16.294,-1.003,
1254.0,20.9,SUNLIT,1.0,55.0,23.762,6.5,0,6.5,17.262,53.1779,88.63,11.37,16.294,-1.003,
1255.0,20.917,SUNLIT,1.0,55.0,23.772,6.5,0,6.5,17.272,53.1824,88.64,11.36,16.294,-1.004,
1256.0,20.933,SUNLIT,1.0,55.0,23.782,6.5,0,6.5,17.282,53.1869,88.64,11.36,16.295,-1.004,
1257.0,20.95,SUNLIT,1.0,55.0,23.791,6.5,0,6.5,17.291,53.1914,88.65,11.35,16.295,-1.005,
1258.0,20.967,SUNLIT,1.0,55.0,23.801,6.5,0,6.5,17.301,53.196,88.66,11.34,16.296,-1.005,
1259.0,20.983,SUNLIT,1.0,55.0,23.811,6.5,0,6.5,17.311,53.2005,88.67,11.33,16.296,-1.006,
1260.0,21.0,SUNLIT,1.0,55.0,23.821,6.5,0,6.5,17.321,53.205,88.67,11.33,16.297,-1.007,
1261.0,21.017,SUNLIT,1.0,55.0,23.831,6.5,0,6.5,17.331,53.2095,88.68,11.32,16.297,-1.007,
1262.0,21.033,SUNLIT,1.0,55.0,23.84,6.5,0,6.5,17.34,53.2141,88.69,11.31,16.298,-1.008,
1263.0,21.05,SUNLIT,1.0,55.0,23.85,6.5,0,6.5,17.35,53.2186,88.7,11.3,16.298,-1.008,
1264.0,21.067,SUNLIT,1.0,55.0,23.86,6.5,0,6.5,17.36,53.2231,88.71,11.29,16.299,-1.009,
1265.0,21.083,SUNLIT,1.0,55.0,23.87,6.5,0,6.5,17.37,53.2276,88.71,11.29,16.299,-1.009,
1266.0,21.1,SUNLIT,1.0,55.0,23.879,6.5,0,6.5,17.379,53.2322,88.72,11.28,16.3,-1.01,
1267.0,21.117,SUNLIT,1.0,55.0,23.889,6.5,0,6.5,17.389,53.2367,88.73,11.27,16.3,-1.01,
1268.0,21.133,SUNLIT,1.0,55.0,23.899,6.5,0,6.5,17.399,53.2413,88.74,11.26,16.301,-1.011,
1269.0,21.15,SUNLIT,1.0,55.0,23.908,6.5,0,6.5,17.408,53.2458,88.74,11.26,16.301,-1.011,
1270.0,21.167,SUNLIT,1.0,55.0,23.918,6.5,0,6.5,17.418,53.2504,88.75,11.25,16.302,-1.012,
1271.0,21.183,SUNLIT,1.0,55.0,23.928,6.5,0,6.5,17.428,53.2549,88.76,11.24,16.302,-1.012,
1272.0,21.2,SUNLIT,1.0,55.0,23.937,6.5,0,6.5,17.437,53.2595,88.77,11.23,16.303,-1.013,
1273.0,21.217,SUNLIT,1.0,55.0,23.947,6.5,0,6.5,17.447,53.264,88.77,11.23,16.303,-1.014,
1274.0,21.233,SUNLIT,1.0,55.0,23.956,6.5,0,6.5,17.456,53.2686,88.78,11.22,16.303,-1.014,
1275.0,21.25,SUNLIT,1.0,55.0,23.966,6.5,0,6.5,17.466,53.2731,88.79,11.21,16.304,-1.015,
1276.0,21.267,SUNLIT,1.0,55.0,23.975,6.5,0,6.5,17.475,53.2777,88.8,11.2,16.304,-1.015,
1277.0,21.283,SUNLIT,1.0,55.0,23.985,6.5,0,6.5,17.485,53.2823,88.8,11.2,16.305,-1.016,
1278.0,21.3,SUNLIT,1.0,55.0,23.994,6.5,0,6.5,17.494,53.2868,88.81,11.19,16.305,-1.016,
1279.0,21.317,SUNLIT,1.0,55.0,24.004,6.5,0,6.5,17.504,53.2914,88.82,11.18,16.306,-1.017,
1280.0,21.333,SUNLIT,1.0,55.0,24.013,6.5,0,6.5,17.513,53.296,88.83,11.17,16.306,-1.017,
1281.0,21.35,SUNLIT,1.0,55.0,24.023,6.5,0,6.5,17.523,53.3006,88.83,11.17,16.307,-1.018,
1282.0,21.367,SUNLIT,1.0,55.0,24.032,6.5,0,6.5,17.532,53.3051,88.84,11.16,16.307,-1.018,
1283.0,21.383,SUNLIT,1.0,55.0,24.041,6.5,0,6.5,17.541,53.3097,88.85,11.15,16.308,-1.019,
1284.0,21.4,SUNLIT,1.0,55.0,24.051,6.5,0,6.5,17.551,53.3143,88.86,11.14,16.308,-1.019,
1285.0,21.417,SUNLIT,1.0,55.0,24.06,6.5,0,6.5,17.56,53.3189,88.86,11.14,16.309,-1.02,
1286.0,21.433,SUNLIT,1.0,55.0,24.069,6.5,0,6.5,17.569,53.3235,88.87,11.13,16.309,-1.02,
1287.0,21.45,SUNLIT,1.0,55.0,24.079,6.5,0,6.5,17.579,53.3281,88.88,11.12,16.31,-1.021,
1288.0,21.467,SUNLIT,1.0,55.0,24.088,6.5,0,6.5,17.588,53.3327,88.89,11.11,16.31,-1.021,
1289.0,21.483,SUNLIT,1.0,55.0,24.097,6.5,0,6.5,17.597,53.3372,88.9,11.1,16.311,-1.022,
1290.0,21.5,SUNLIT,1.0,55.0,24.106,6.5,0,6.5,17.606,53.3418,88.9,11.1,16.311,-1.022,
1291.0,21.517,SUNLIT,1.0,55.0,24.116,6.5,0,6.5,17.616,53.3464,88.91,11.09,16.312,-1.023,
1292.0,21.533,SUNLIT,1.0,55.0,24.125,6.5,0,6.5,17.625,53.351,88.92,11.08,16.312,-1.023,
1293.0,21.55,SUNLIT,1.0,55.0,24.134,6.5,0,6.5,17.634,53.3557,88.93,11.07,16.313,-1.024,
1294.0,21.567,SUNLIT,1.0,55.0,24.143,6.5,0,6.5,17.643,53.3603,88.93,11.07,16.313,-1.024,
1295.0,21.583,SUNLIT,1.0,55.0,24.152,6.5,0,6.5,17.652,53.3649,88.94,11.06,16.313,-1.025,
1296.0,21.6,SUNLIT,1.0,55.0,24.161,6.5,0,6.5,17.661,53.3695,88.95,11.05,16.314,-1.025,
1297.0,21.617,SUNLIT,1.0,55.0,24.17,6.5,0,6.5,17.67,53.3741,88.96,11.04,16.314,-1.026,
1298.0,21.633,SUNLIT,1.0,55.0,24.179,6.5,0,6.5,17.679,53.3787,88.96,11.04,16.315,-1.026,
1299.0,21.65,SUNLIT,1.0,55.0,24.189,6.5,0,6.5,17.689,53.3833,88.97,11.03,16.315,-1.027,
1300.0,21.667,SUNLIT,1.0,55.0,24.198,6.5,0,6.5,17.698,53.3879,88.98,11.02,16.316,-1.027,
1301.0,21.683,SUNLIT,1.0,55.0,24.207,6.5,0,6.5,17.707,53.3926,88.99,11.01,16.316,-1.028,
1302.0,21.7,SUNLIT,1.0,55.0,24.216,6.5,0,6.5,17.716,53.3972,89.0,11.0,16.317,-1.028,
1303.0,21.717,SUNLIT,1.0,55.0,24.224,6.5,0,6.5,17.724,53.4018,89.0,11.0,16.317,-1.029,
1304.0,21.733,SUNLIT,1.0,55.0,24.233,6.5,0,6.5,17.733,53.4065,89.01,10.99,16.318,-1.029,
1305.0,21.75,SUNLIT,1.0,55.0,24.242,6.5,0,6.5,17.742,53.4111,89.02,10.98,16.318,-1.03,
1306.0,21.767,SUNLIT,1.0,55.0,24.251,6.5,0,6.5,17.751,53.4157,89.03,10.97,16.319,-1.03,
1307.0,21.783,SUNLIT,1.0,55.0,24.26,6.5,0,6.5,17.76,53.4204,89.03,10.97,16.319,-1.031,
1308.0,21.8,SUNLIT,1.0,55.0,24.269,6.5,0,6.5,17.769,53.425,89.04,10.96,16.32,-1.031,
1309.0,21.817,SUNLIT,1.0,55.0,24.278,6.5,0,6.5,17.778,53.4296,89.05,10.95,16.32,-1.032,
1310.0,21.833,SUNLIT,1.0,55.0,24.287,6.5,0,6.5,17.787,53.4343,89.06,10.94,16.321,-1.032,
1311.0,21.85,SUNLIT,1.0,55.0,24.296,6.5,0,6.5,17.796,53.4389,89.06,10.94,16.321,-1.033,
1312.0,21.867,SUNLIT,1.0,55.0,24.304,6.5,0,6.5,17.804,53.4436,89.07,10.93,16.322,-1.033,
1313.0,21.883,SUNLIT,1.0,55.0,24.313,6.5,0,6.5,17.813,53.4482,89.08,10.92,16.322,-1.034,
1314.0,21.9,SUNLIT,1.0,55.0,24.322,6.5,0,6.5,17.822,53.4529,89.09,10.91,16.323,-1.034,
1315.0,21.917,SUNLIT,1.0,55.0,24.331,6.5,0,6.5,17.831,53.4575,89.1,10.9,16.323,-1.035,
1316.0,21.933,SUNLIT,1.0,55.0,24.339,6.5,0,6.5,17.839,53.4622,89.1,10.9,16.324,-1.035,
1317.0,21.95,SUNLIT,1.0,55.0,24.348,6.5,0,6.5,17.848,53.4669,89.11,10.89,16.324,-1.036,
1318.0,21.967,SUNLIT,1.0,55.0,24.357,6.5,0,6.5,17.857,53.4715,89.12,10.88,16.324,-1.036,
1319.0,21.983,SUNLIT,1.0,55.0,24.365,6.5,0,6.5,17.865,53.4762,89.13,10.87,16.325,-1.037,
1320.0,22.0,SUNLIT,1.0,55.0,24.374,6.5,0,6.5,17.874,53.4809,89.13,10.87,16.325,-1.037,
1321.0,22.017,SUNLIT,1.0,55.0,24.382,6.5,0,6.5,17.882,53.4855,89.14,10.86,16.326,-1.038,
1322.0,22.033,SUNLIT,1.0,55.0,24.391,6.5,0,6.5,17.891,53.4902,89.15,10.85,16.326,-1.038,
1323.0,22.05,SUNLIT,1.0,55.0,24.4,6.5,0,6.5,17.9,53.4949,89.16,10.84,16.327,-1.039,
1324.0,22.067,SUNLIT,1.0,55.0,24.408,6.5,0,6.5,17.908,53.4995,89.17,10.83,16.327,-1.039,
1325.0,22.083,SUNLIT,1.0,55.0,24.417,6.5,0,6.5,17.917,53.5042,89.17,10.83,16.328,-1.039,
1326.0,22.1,SUNLIT,1.0,55.0,24.425,6.5,0,6.5,17.925,53.5089,89.18,10.82,16.328,-1.04,
1327.0,22.117,SUNLIT,1.0,55.0,24.434,6.5,0,6.5,17.934,53.5136,89.19,10.81,16.329,-1.04,
1328.0,22.133,SUNLIT,1.0,55.0,24.442,6.5,0,6.5,17.942,53.5183,89.2,10.8,16.329,-1.041,
1329.0,22.15,SUNLIT,1.0,55.0,24.451,6.5,0,6.5,17.951,53.523,89.2,10.8,16.33,-1.041,
1330.0,22.167,SUNLIT,1.0,55.0,24.459,6.5,0,6.5,17.959,53.5276,89.21,10.79,16.33,-1.042,
1331.0,22.183,SUNLIT,1.0,55.0,24.467,6.5,0,6.5,17.967,53.5323,89.22,10.78,16.331,-1.042,
1332.0,22.2,SUNLIT,1.0,55.0,24.476,6.5,0,6.5,17.976,53.537,89.23,10.77,16.331,-1.043,
1333.0,22.217,SUNLIT,1.0,55.0,24.484,6.5,0,6.5,17.984,53.5417,89.24,10.76,16.332,-1.043,
1334.0,22.233,SUNLIT,1.0,55.0,24.493,6.5,0,6.5,17.993,53.5464,89.24,10.76,16.332,-1.044,
1335.0,22.25,SUNLIT,1.0,55.0,24.501,6.5,0,6.5,18.001,53.5511,89.25,10.75,16.333,-1.044,
1336.0,22.267,SUNLIT,1.0,55.0,24.509,6.5,0,6.5,18.009,53.5558,89.26,10.74,16.333,-1.045,
1337.0,22.283,SUNLIT,1.0,55.0,24.517,6.5,0,6.5,18.017,53.5605,89.27,10.73,16.334,-1.045,
1338.0,22.3,SUNLIT,1.0,55.0,24.526,6.5,0,6.5,18.026,53.5652,89.28,10.72,16.334,-1.045,
1339.0,22.317,SUNLIT,1.0,55.0,24.534,6.5,0,6.5,18.034,53.57,89.28,10.72,16.335,-1.046,
1340.0,22.333,SUNLIT,1.0,55.0,24.542,6.5,0,6.5,18.042,53.5747,89.29,10.71,16.335,-1.046,
1341.0,22.35,SUNLIT,1.0,55.0,24.55,6.5,0,6.5,18.05,53.5794,89.3,10.7,16.336,-1.047,
1342.0,22.367,SUNLIT,1.0,55.0,24.559,6.5,0,6.5,18.059,53.5841,89.31,10.69,16.336,-1.047,
1343.0,22.383,SUNLIT,1.0,55.0,24.567,6.5,0,6.5,18.067,53.5888,89.31,10.69,16.336,-1.048,
1344.0,22.4,SUNLIT,1.0,55.0,24.575,6.5,0,6.5,18.075,53.5935,89.32,10.68,16.337,-1.048,
1345.0,22.417,SUNLIT,1.0,55.0,24.583,6.5,0,6.5,18.083,53.5982,89.33,10.67,16.337,-1.049,
1346.0,22.433,SUNLIT,1.0,55.0,24.591,6.5,0,6.5,18.091,53.603,89.34,10.66,16.338,-1.049,
1347.0,22.45,SUNLIT,1.0,55.0,24.599,6.5,0,6.5,18.099,53.6077,89.35,10.65,16.338,-1.049,
1348.0,22.467,SUNLIT,1.0,55.0,24.607,6.5,0,6.5,18.107,53.6124,89.35,10.65,16.339,-1.05,
1349.0,22.483,SUNLIT,1.0,55.0,24.615,6.5,0,6.5,18.115,53.6172,89.36,10.64,16.339,-1.05,
1350.0,22.5,SUNLIT,1.0,55.0,24.623,6.5,0,6.5,18.123,53.6219,89.37,10.63,16.34,-1.051,
1351.0,22.517,SUNLIT,1.0,55.0,24.631,6.5,0,6.5,18.131,53.6266,89.38,10.62,16.34,-1.051,
1352.0,22.533,SUNLIT,1.0,55.0,24.639,6.5,0,6.5,18.139,53.6314,89.39,10.61,16.341,-1.052,
1353.0,22.55,SUNLIT,1.0,55.0,24.647,6.5,0,6.5,18.147,53.6361,89.39,10.61,16.341,-1.052,
1354.0,22.567,SUNLIT,1.0,55.0,24.655,6.5,0,6.5,18.155,53.6408,89.4,10.6,16.342,-1.052,
1355.0,22.583,SUNLIT,1.0,55.0,24.663,6.5,0,6.5,18.163,53.6456,89.41,10.59,16.342,-1.053,
1356.0,22.6,SUNLIT,1.0,55.0,24.671,6.5,0,6.5,18.171,53.6503,89.42,10.58,16.343,-1.053,
1357.0,22.617,SUNLIT,1.0,55.0,24.679,6.5,0,6.5,18.179,53.6551,89.43,10.57,16.343,-1.054,
1358.0,22.633,SUNLIT,1.0,55.0,24.687,6.5,0,6.5,18.187,53.6598,89.43,10.57,16.344,-1.054,
1359.0,22.65,SUNLIT,1.0,55.0,24.695,6.5,0,6.5,18.195,53.6646,89.44,10.56,16.344,-1.055,
1360.0,22.667,SUNLIT,1.0,55.0,24.702,6.5,0,6.5,18.202,53.6693,89.45,10.55,16.345,-1.055,
1361.0,22.683,SUNLIT,1.0,55.0,24.71,6.5,0,6.5,18.21,53.6741,89.46,10.54,16.345,-1.055,
1362.0,22.7,SUNLIT,1.0,55.0,24.718,6.5,0,6.5,18.218,53.6788,89.46,10.54,16.346,-1.056,
1363.0,22.717,SUNLIT,1.0,55.0,24.726,6.5,0,6.5,18.226,53.6836,89.47,10.53,16.346,-1.056,
1364.0,22.733,SUNLIT,1.0,55.0,24.733,6.5,0,6.5,18.233,53.6884,89.48,10.52,16.347,-1.057,
1365.0,22.75,SUNLIT,1.0,55.0,24.741,6.5,0,6.5,18.241,53.6931,89.49,10.51,16.347,-1.057,
1366.0,22.767,SUNLIT,1.0,55.0,24.749,6.5,0,6.5,18.249,53.6979,89.5,10.5,16.348,-1.058,
1367.0,22.783,SUNLIT,1.0,55.0,24.756,6.5,0,6.5,18.256,53.7027,89.5,10.5,16.348,-1.058,
1368.0,22.8,SUNLIT,1.0,55.0,24.764,6.5,0,6.5,18.264,53.7074,89.51,10.49,16.348,-1.058,
1369.0,22.817,SUNLIT,1.0,55.0,24.772,6.5,0,6.5,18.272,53.7122,89.52,10.48,16.349,-1.059,
1370.0,22.833,SUNLIT,1.0,55.0,24.779,6.5,0,6.5,18.279,53.717,89.53,10.47,16.349,-1.059,
1371.0,22.85,SUNLIT,1.0,55.0,24.787,6.5,0,6.5,18.287,53.7217,89.54,10.46,16.35,-1.06,
1372.0,22.867,SUNLIT,1.0,55.0,24.795,6.5,0,6.5,18.295,53.7265,89.54,10.46,16.35,-1.06,
1373.0,22.883,SUNLIT,1.0,55.0,24.802,6.5,0,6.5,18.302,53.7313,89.55,10.45,16.351,-1.06,
1374.0,22.9,SUNLIT,1.0,55.0,24.81,6.5,0,6.5,18.31,53.7361,89.56,10.44,16.351,-1.061,
1375.0,22.917,SUNLIT,1.0,55.0,24.817,6.5,0,6.5,18.317,53.7409,89.57,10.43,16.352,-1.061,
1376.0,22.933,SUNLIT,1.0,55.0,24.825,6.5,0,6.5,18.325,53.7456,89.58,10.42,16.352,-1.062,
1377.0,22.95,SUNLIT,1.0,55.0,24.832,6.5,0,6.5,18.332,53.7504,89.58,10.42,16.353,-1.062,
1378.0,22.967,SUNLIT,1.0,55.0,24.84,6.5,0,6.5,18.34,53.7552,89.59,10.41,16.353,-1.062,
1379.0,22.983,SUNLIT,1.0,55.0,24.847,6.5,0,6.5,18.347,53.76,89.6,10.4,16.354,-1.063,
1380.0,23.0,SUNLIT,1.0,55.0,24.854,6.5,0,6.5,18.354,53.7648,89.61,10.39,16.354,-1.063,
1381.0,23.017,SUNLIT,1.0,55.0,24.862,6.5,0,6.5,18.362,53.7696,89.62,10.38,16.355,-1.064,
1382.0,23.033,SUNLIT,1.0,55.0,24.869,6.5,0,6.5,18.369,53.7744,89.62,10.38,16.355,-1.064,
1383.0,23.05,SUNLIT,1.0,55.0,24.876,6.5,0,6.5,18.376,53.7792,89.63,10.37,16.356,-1.064,
1384.0,23.067,SUNLIT,1.0,55.0,24.884,6.5,0,6.5,18.384,53.784,89.64,10.36,16.356,-1.065,
1385.0,23.083,SUNLIT,1.0,55.0,24.891,6.5,0,6.5,18.391,53.7888,89.65,10.35,16.357,-1.065,
1386.0,23.1,SUNLIT,1.0,55.0,24.898,6.5,0,6.5,18.398,53.7936,89.66,10.34,16.357,-1.066,
1387.0,23.117,SUNLIT,1.0,55.0,24.906,6.5,0,6.5,18.406,53.7984,89.66,10.34,16.358,-1.066,
1388.0,23.133,SUNLIT,1.0,55.0,24.913,6.5,0,6.5,18.413,53.8032,89.67,10.33,16.358,-1.066,
1389.0,23.15,SUNLIT,1.0,55.0,24.92,6.5,0,6.5,18.42,53.808,89.68,10.32,16.359,-1.067,
1390.0,23.167,SUNLIT,1.0,55.0,24.927,6.5,0,6.5,18.427,53.8128,89.69,10.31,16.359,-1.067,
1391.0,23.183,SUNLIT,1.0,55.0,24.934,6.5,0,6.5,18.434,53.8176,89.7,10.3,16.36,-1.068,
1392.0,23.2,SUNLIT,1.0,55.0,24.942,6.5,0,6.5,18.442,53.8225,89.7,10.3,16.36,-1.068,
1393.0,23.217,SUNLIT,1.0,55.0,24.949,6.5,0,6.5,18.449,53.8273,89.71,10.29,16.361,-1.068,
1394.0,23.233,SUNLIT,1.0,55.0,24.956,6.5,0,6.5,18.456,53.8321,89.72,10.28,16.361,-1.069,
1395.0,23.25,SUNLIT,1.0,55.0,24.963,6.5,0,6.5,18.463,53.8369,89.73,10.27,16.362,-1.069,
1396.0,23.267,SUNLIT,1.0,55.0,24.97,6.5,0,6.5,18.47,53.8417,89.74,10.26,16.362,-1.07,
1397.0,23.283,SUNLIT,1.0,55.0,24.977,6.5,0,6.5,18.477,53.8466,89.74,10.26,16.362,-1.07,
1398.0,23.3,SUNLIT,1.0,55.0,24.984,6.5,0,6.5,18.484,53.8514,89.75,10.25,16.363,-1.07,
1399.0,23.317,SUNLIT,1.0,55.0,24.991,6.5,0,6.5,18.491,53.8562,89.76,10.24,16.363,-1.071,
1400.0,23.333,SUNLIT,1.0,55.0,24.998,6.5,0,6.5,18.498,53.8611,89.77,10.23,16.364,-1.071,
1401.0,23.35,SUNLIT,1.0,55.0,25.005,6.5,0,6.5,18.505,53.8659,89.78,10.22,16.364,-1.071,
1402.0,23.367,SUNLIT,1.0,55.0,25.012,6.5,0,6.5,18.512,53.8707,89.78,10.22,16.365,-1.072,
1403.0,23.383,SUNLIT,1.0,55.0,25.019,6.5,0,6.5,18.519,53.8756,89.79,10.21,16.365,-1.072,
1404.0,23.4,SUNLIT,1.0,55.0,25.026,6.5,0,6.5,18.526,53.8804,89.8,10.2,16.366,-1.073,
1405.0,23.417,SUNLIT,1.0,55.0,25.033,6.5,0,6.5,18.533,53.8852,89.81,10.19,16.366,-1.073,
1406.0,23.433,SUNLIT,1.0,55.0,25.04,6.5,0,6.5,18.54,53.8901,89.82,10.18,16.367,-1.073,
1407.0,23.45,SUNLIT,1.0,55.0,25.047,6.5,0,6.5,18.547,53.8949,89.82,10.18,16.367,-1.074,
1408.0,23.467,SUNLIT,1.0,55.0,25.053,6.5,0,6.5,18.553,53.8998,89.83,10.17,16.368,-1.074,
1409.0,23.483,SUNLIT,1.0,55.0,25.06,6.5,0,6.5,18.56,53.9046,89.84,10.16,16.368,-1.074,
1410.0,23.5,SUNLIT,1.0,55.0,25.067,6.5,0,6.5,18.567,53.9095,89.85,10.15,16.369,-1.075,
1411.0,23.517,SUNLIT,1.0,55.0,25.074,6.5,0,6.5,18.574,53.9143,89.86,10.14,16.369,-1.075,
1412.0,23.533,SUNLIT,1.0,55.0,25.08,6.5,0,6.5,18.58,53.9192,89.87,10.13,16.37,-1.075,
1413.0,23.55,SUNLIT,1.0,55.0,25.087,6.5,0,6.5,18.587,53.924,89.87,10.13,16.37,-1.076,
1414.0,23.567,SUNLIT,1.0,55.0,25.094,6.5,0,6.5,18.594,53.9289,89.88,10.12,16.371,-1.076,
1415.0,23.583,SUNLIT,1.0,55.0,25.101,6.5,0,6.5,18.601,53.9337,89.89,10.11,16.371,-1.077,
1416.0,23.6,SUNLIT,1.0,55.0,25.107,6.5,0,6.5,18.607,53.9386,89.9,10.1,16.372,-1.077,
1417.0,23.617,SUNLIT,1.0,55.0,25.114,6.5,0,6.5,18.614,53.9434,89.91,10.09,16.372,-1.077,
1418.0,23.633,SUNLIT,1.0,55.0,25.12,6.5,0,6.5,18.62,53.9483,89.91,10.09,16.373,-1.078,
1419.0,23.65,SUNLIT,1.0,55.0,25.127,6.5,0,6.5,18.627,53.9532,89.92,10.08,16.373,-1.078,
1420.0,23.667,SUNLIT,1.0,55.0,25.134,6.5,0,6.5,18.634,53.958,89.93,10.07,16.374,-1.078,
1421.0,23.683,SUNLIT,1.0,55.0,25.14,6.5,0,6.5,18.64,53.9629,89.94,10.06,16.374,-1.079,
1422.0,23.7,SUNLIT,1.0,55.0,25.147,6.5,0,6.5,18.647,53.9678,89.95,10.05,16.375,-1.079,
1423.0,23.717,SUNLIT,1.0,55.0,25.153,6.5,0,6.5,18.653,53.9726,89.95,10.05,16.375,-1.079,
1424.0,23.733,SUNLIT,1.0,55.0,25.16,6.5,0,6.5,18.66,53.9775,89.96,10.04,16.376,-1.08,
1425.0,23.75,SUNLIT,1.0,55.0,25.166,6.5,0,6.5,18.666,53.9824,89.97,10.03,16.376,-1.08,
1426.0,23.767,SUNLIT,1.0,55.0,25.173,6.5,0,6.5,18.673,53.9873,89.98,10.02,16.376,-1.08,
1427.0,23.783,SUNLIT,1.0,55.0,25.179,6.5,0,6.5,18.679,53.9921,89.99,10.01,16.377,-1.081,
1428.0,23.8,SUNLIT,1.0,55.0,25.186,6.5,0,6.5,18.686,53.997,90.0,10.0,16.377,-1.081,
1429.0,23.817,SUNLIT,1.0,55.0,25.192,6.5,0,6.5,18.692,54.0019,90.0,10.0,16.378,-1.081,
1430.0,23.833,SUNLIT,1.0,55.0,25.198,6.5,0,6.5,18.698,54.0068,90.01,9.99,16.378,-1.082,
1431.0,23.85,SUNLIT,1.0,55.0,25.205,6.5,0,6.5,18.705,54.0117,90.02,9.98,16.379,-1.082,
1432.0,23.867,SUNLIT,1.0,55.0,25.211,6.5,0,6.5,18.711,54.0165,90.03,9.97,16.379,-1.082,
1433.0,23.883,SUNLIT,1.0,55.0,25.217,6.5,0,6.5,18.717,54.0214,90.04,9.96,16.38,-1.083,
1434.0,23.9,SUNLIT,1.0,55.0,25.224,6.5,0,6.5,18.724,54.0263,90.04,9.96,16.38,-1.083,
1435.0,23.917,SUNLIT,1.0,55.0,25.23,6.5,0,6.5,18.73,54.0312,90.05,9.95,16.381,-1.083,
1436.0,23.933,SUNLIT,1.0,55.0,25.236,6.5,0,6.5,18.736,54.0361,90.06,9.94,16.381,-1.084,
1437.0,23.95,SUNLIT,1.0,55.0,25.242,6.5,0,6.5,18.742,54.041,90.07,9.93,16.382,-1.084,
1438.0,23.967,SUNLIT,1.0,55.0,25.249,6.5,0,6.5,18.749,54.0459,90.08,9.92,16.382,-1.084,
1439.0,23.983,SUNLIT,1.0,55.0,25.255,6.5,0,6.5,18.755,54.0508,90.08,9.92,16.383,-1.085,
1440.0,24.0,SUNLIT,1.0,55.0,25.261,6.5,0,6.5,18.761,54.0557,90.09,9.91,16.383,-1.085,
1441.0,24.017,SUNLIT,1.0,55.0,25.267,6.5,0,6.5,18.767,54.0606,90.1,9.9,16.384,-1.085,
1442.0,24.033,SUNLIT,1.0,55.0,25.273,6.5,0,6.5,18.773,54.0655,90.11,9.89,16.384,-1.086,
1443.0,24.05,SUNLIT,1.0,55.0,25.279,6.5,0,6.5,18.779,54.0704,90.12,9.88,16.385,-1.086,
1444.0,24.067,SUNLIT,1.0,55.0,25.285,6.5,0,6.5,18.785,54.0753,90.13,9.87,16.385,-1.086,
1445.0,24.083,SUNLIT,1.0,55.0,25.291,6.5,0,6.5,18.791,54.0802,90.13,9.87,16.386,-1.087,
1446.0,24.1,SUNLIT,1.0,55.0,25.297,6.5,0,6.5,18.797,54.0851,90.14,9.86,16.386,-1.087,
1447.0,24.117,SUNLIT,1.0,55.0,25.303,6.5,0,6.5,18.803,54.09,90.15,9.85,16.387,-1.087,
1448.0,24.133,SUNLIT,1.0,55.0,25.309,6.5,0,6.5,18.809,54.0949,90.16,9.84,16.387,-1.088,
1449.0,24.15,SUNLIT,1.0,55.0,25.315,6.5,0,6.5,18.815,54.0998,90.17,9.83,16.388,-1.088,
1450.0,24.167,SUNLIT,1.0,55.0,25.321,6.5,0,6.5,18.821,54.1048,90.17,9.83,16.388,-1.088,
1451.0,24.183,SUNLIT,1.0,55.0,25.327,6.5,0,6.5,18.827,54.1097,90.18,9.82,16.389,-1.089,
1452.0,24.2,SUNLIT,1.0,55.0,25.333,6.5,0,6.5,18.833,54.1146,90.19,9.81,16.389,-1.089,
1453.0,24.217,SUNLIT,1.0,55.0,25.339,6.5,0,6.5,18.839,54.1195,90.2,9.8,16.39,-1.089,
1454.0,24.233,SUNLIT,1.0,55.0,25.345,6.5,0,6.5,18.845,54.1244,90.21,9.79,16.39,-1.09,
1455.0,24.25,SUNLIT,1.0,55.0,25.351,6.5,0,6.5,18.851,54.1294,90.22,9.78,16.391,-1.09,
1456.0,24.267,SUNLIT,1.0,55.0,25.357,6.5,0,6.5,18.857,54.1343,90.22,9.78,16.391,-1.09,
1457.0,24.283,SUNLIT,1.0,55.0,25.362,6.5,0,6.5,18.862,54.1392,90.23,9.77,16.391,-1.09,
1458.0,24.3,SUNLIT,1.0,55.0,25.368,6.5,0,6.5,18.868,54.1441,90.24,9.76,16.392,-1.091,
1459.0,24.317,SUNLIT,1.0,55.0,25.374,6.5,0,6.5,18.874,54.1491,90.25,9.75,16.392,-1.091,
1460.0,24.333,SUNLIT,1.0,55.0,25.38,6.5,0,6.5,18.88,54.154,90.26,9.74,16.393,-1.091,
1461.0,24.35,SUNLIT,1.0,55.0,25.385,6.5,0,6.5,18.885,54.1589,90.26,9.74,16.393,-1.092,
1462.0,24.367,SUNLIT,1.0,55.0,25.391,6.5,0,6.5,18.891,54.1639,90.27,9.73,16.394,-1.092,
1463.0,24.383,SUNLIT,1.0,55.0,25.397,6.5,0,6.5,18.897,54.1688,90.28,9.72,16.394,-1.092,
1464.0,24.4,SUNLIT,1.0,55.0,25.403,6.5,0,6.5,18.903,54.1737,90.29,9.71,16.395,-1.093,
1465.0,24.417,SUNLIT,1.0,55.0,25.408,6.5,0,6.5,18.908,54.1787,90.3,9.7,16.395,-1.093,
1466.0,24.433,SUNLIT,1.0,55.0,25.414,6.5,0,6.5,18.914,54.1836,90.31,9.69,16.396,-1.093,
1467.0,24.45,SUNLIT,1.0,55.0,25.419,6.5,0,6.5,18.919,54.1885,90.31,9.69,16.396,-1.093,
1468.0,24.467,SUNLIT,1.0,55.0,25.425,6.5,0,6.5,18.925,54.1935,90.32,9.68,16.397,-1.094,
1469.0,24.483,SUNLIT,1.0,55.0,25.431,6.5,0,6.5,18.931,54.1984,90.33,9.67,16.397,-1.094,
1470.0,24.5,SUNLIT,1.0,55.0,25.436,6.5,0,6.5,18.936,54.2034,90.34,9.66,16.398,-1.094,
1471.0,24.517,SUNLIT,1.0,55.0,25.442,6.5,0,6.5,18.942,54.2083,90.35,9.65,16.398,-1.095,
1472.0,24.533,SUNLIT,1.0,55.0,25.447,6.5,0,6.5,18.947,54.2133,90.36,9.64,16.399,-1.095,
1473.0,24.55,SUNLIT,1.0,55.0,25.453,6.5,0,6.5,18.953,54.2182,90.36,9.64,16.399,-1.095,
1474.0,24.567,SUNLIT,1.0,55.0,25.458,6.5,0,6.5,18.958,54.2232,90.37,9.63,16.4,-1.095,
1475.0,24.583,SUNLIT,1.0,55.0,25.463,6.5,0,6.5,18.963,54.2281,90.38,9.62,16.4,-1.096,
1476.0,24.6,SUNLIT,1.0,55.0,25.469,6.5,0,6.5,18.969,54.2331,90.39,9.61,16.401,-1.096,
1477.0,24.617,SUNLIT,1.0,55.0,25.474,6.5,0,6.5,18.974,54.238,90.4,9.6,16.401,-1.096,
1478.0,24.633,SUNLIT,1.0,55.0,25.48,6.5,0,6.5,18.98,54.243,90.4,9.6,16.402,-1.097,
1479.0,24.65,SUNLIT,1.0,55.0,25.485,6.5,0,6.5,18.985,54.2479,90.41,9.59,16.402,-1.097,
1480.0,24.667,SUNLIT,1.0,55.0,25.49,6.5,0,6.5,18.99,54.2529,90.42,9.58,16.403,-1.097,
1481.0,24.683,SUNLIT,1.0,55.0,25.496,6.5,0,6.5,18.996,54.2579,90.43,9.57,16.403,-1.097,
1482.0,24.7,SUNLIT,1.0,55.0,25.501,6.5,0,6.5,19.001,54.2628,90.44,9.56,16.404,-1.098,
1483.0,24.717,SUNLIT,1.0,55.0,25.506,6.5,0,6.5,19.006,54.2678,90.45,9.55,16.404,-1.098,
1484.0,24.733,SUNLIT,1.0,55.0,25.511,6.5,0,6.5,19.011,54.2727,90.45,9.55,16.405,-1.098,
1485.0,24.75,SUNLIT,1.0,55.0,25.517,6.5,0,6.5,19.017,54.2777,90.46,9.54,16.405,-1.098,
1486.0,24.767,SUNLIT,1.0,55.0,25.522,6.5,0,6.5,19.022,54.2827,90.47,9.53,16.405,-1.099,
1487.0,24.783,SUNLIT,1.0,55.0,25.527,6.5,0,6.5,19.027,54.2876,90.48,9.52,16.406,-1.099,
1488.0,24.8,SUNLIT,1.0,55.0,25.532,6.5,0,6.5,19.032,54.2926,90.49,9.51,16.406,-1.099,
1489.0,24.817,SUNLIT,1.0,55.0,25.537,6.5,0,6.5,19.037,54.2976,90.5,9.5,16.407,-1.1,
1490.0,24.833,SUNLIT,1.0,55.0,25.542,6.5,0,6.5,19.042,54.3026,90.5,9.5,16.407,-1.1,
1491.0,24.85,SUNLIT,1.0,55.0,25.547,6.5,0,6.5,19.047,54.3075,90.51,9.49,16.408,-1.1,
1492.0,24.867,SUNLIT,1.0,55.0,25.553,6.5,0,6.5,19.053,54.3125,90.52,9.48,16.408,-1.1,
1493.0,24.883,SUNLIT,1.0,55.0,25.558,6.5,0,6.5,19.058,54.3175,90.53,9.47,16.409,-1.101,
1494.0,24.9,SUNLIT,1.0,55.0,25.563,6.5,0,6.5,19.063,54.3225,90.54,9.46,16.409,-1.101,
1495.0,24.917,SUNLIT,1.0,55.0,25.568,6.5,0,6.5,19.068,54.3274,90.55,9.45,16.41,-1.101,
1496.0,24.933,SUNLIT,1.0,55.0,25.573,6.5,0,6.5,19.073,54.3324,90.55,9.45,16.41,-1.101,
1497.0,24.95,SUNLIT,1.0,55.0,25.578,6.5,0,6.5,19.078,54.3374,90.56,9.44,16.411,-1.102,
1498.0,24.967,SUNLIT,1.0,55.0,25.582,6.5,0,6.5,19.082,54.3424,90.57,9.43,16.411,-1.102,
1499.0,24.983,SUNLIT,1.0,55.0,25.587,6.5,0,6.5,19.087,54.3474,90.58,9.42,16.412,-1.102,
1500.0,25.0,SUNLIT,1.0,55.0,25.592,6.5,0,6.5,19.092,54.3523,90.59,9.41,16.412,-1.102,
1501.0,25.017,SUNLIT,1.0,55.0,25.597,6.5,0,6.5,19.097,54.3573,90.6,9.4,16.413,-1.103,
1502.0,25.033,SUNLIT,1.0,55.0,25.602,6.5,0,6.5,19.102,54.3623,90.6,9.4,16.413,-1.103,
1503.0,25.05,SUNLIT,1.0,55.0,25.607,6.5,0,6.5,19.107,54.3673,90.61,9.39,16.414,-1.103,
1504.0,25.067,SUNLIT,1.0,55.0,25.612,6.5,0,6.5,19.112,54.3723,90.62,9.38,16.414,-1.103,
1505.0,25.083,SUNLIT,1.0,55.0,25.617,6.5,0,6.5,19.117,54.3773,90.63,9.37,16.415,-1.104,
1506.0,25.1,SUNLIT,1.0,55.0,25.621,6.5,0,6.5,19.121,54.3823,90.64,9.36,16.415,-1.104,
1507.0,25.117,SUNLIT,1.0,55.0,25.626,6.5,0,6.5,19.126,54.3873,90.65,9.35,16.416,-1.104,
1508.0,25.133,SUNLIT,1.0,55.0,25.631,6.5,0,6.5,19.131,54.3923,90.65,9.35,16.416,-1.104,
1509.0,25.15,SUNLIT,1.0,55.0,25.635,6.5,0,6.5,19.135,54.3973,90.66,9.34,16.417,-1.105,
1510.0,25.167,SUNLIT,1.0,55.0,25.64,6.5,0,6.5,19.14,54.4023,90.67,9.33,16.417,-1.105,
1511.0,25.183,SUNLIT,1.0,55.0,25.645,6.5,0,6.5,19.145,54.4073,90.68,9.32,16.418,-1.105,
1512.0,25.2,SUNLIT,1.0,55.0,25.649,6.5,0,6.5,19.149,54.4123,90.69,9.31,16.418,-1.105,
1513.0,25.217,SUNLIT,1.0,55.0,25.654,6.5,0,6.5,19.154,54.4173,90.7,9.3,16.419,-1.106,
1514.0,25.233,SUNLIT,1.0,55.0,25.659,6.5,0,6.5,19.159,54.4223,90.7,9.3,16.419,-1.106,
1515.0,25.25,SUNLIT,1.0,55.0,25.663,6.5,0,6.5,19.163,54.4273,90.71,9.29,16.42,-1.106,
1516.0,25.267,SUNLIT,1.0,55.0,25.668,6.5,0,6.5,19.168,54.4323,90.72,9.28,16.42,-1.106,
1517.0,25.283,SUNLIT,1.0,55.0,25.672,6.5,0,6.5,19.172,54.4373,90.73,9.27,16.42,-1.107,
1518.0,25.3,SUNLIT,1.0,55.0,25.677,6.5,0,6.5,19.177,54.4423,90.74,9.26,16.421,-1.107,
1519.0,25.317,SUNLIT,1.0,55.0,25.681,6.5,0,6.5,19.181,54.4473,90.75,9.25,16.421,-1.107,
1520.0,25.333,SUNLIT,1.0,55.0,25.686,6.5,0,6.5,19.186,54.4523,90.75,9.25,16.422,-1.107,
1521.0,25.35,SUNLIT,1.0,55.0,25.69,6.5,0,6.5,19.19,54.4573,90.76,9.24,16.422,-1.107,
1522.0,25.367,SUNLIT,1.0,55.0,25.695,6.5,0,6.5,19.195,54.4623,90.77,9.23,16.423,-1.108,
1523.0,25.383,SUNLIT,1.0,55.0,25.699,6.5,0,6.5,19.199,54.4673,90.78,9.22,16.423,-1.108,
1524.0,25.4,SUNLIT,1.0,55.0,25.704,6.5,0,6.5,19.204,54.4724,90.79,9.21,16.424,-1.108,
1525.0,25.417,SUNLIT,1.0,55.0,25.708,6.5,0,6.5,19.208,54.4774,90.8,9.2,16.424,-1.108,
1526.0,25.433,SUNLIT,1.0,55.0,25.712,6.5,0,6.5,19.212,54.4824,90.8,9.2,16.425,-1.109,
1527.0,25.45,SUNLIT,1.0,55.0,25.717,6.5,0,6.5,19.217,54.4874,90.81,9.19,16.425,-1.109,
1528.0,25.467,SUNLIT,1.0,55.0,25.721,6.5,0,6.5,19.221,54.4924,90.82,9.18,16.426,-1.109,
1529.0,25.483,SUNLIT,1.0,55.0,25.725,6.5,0,6.5,19.225,54.4975,90.83,9.17,16.426,-1.109,
1530.0,25.5,SUNLIT,1.0,55.0,25.73,6.5,0,6.5,19.23,54.5025,90.84,9.16,16.427,-1.109,
1531.0,25.517,SUNLIT,1.0,55.0,25.734,6.5,0,6.5,19.234,54.5075,90.85,9.15,16.427,-1.11,
1532.0,25.533,SUNLIT,1.0,55.0,25.738,6.5,0,6.5,19.238,54.5125,90.85,9.15,16.428,-1.11,
1533.0,25.55,SUNLIT,1.0,55.0,25.742,6.5,0,6.5,19.242,54.5175,90.86,9.14,16.428,-1.11,
1534.0,25.567,SUNLIT,1.0,55.0,25.746,6.5,0,6.5,19.246,54.5226,90.87,9.13,16.429,-1.11,
1535.0,25.583,SUNLIT,1.0,55.0,25.751,6.5,0,6.5,19.251,54.5276,90.88,9.12,16.429,-1.11,
1536.0,25.6,SUNLIT,1.0,55.0,25.755,6.5,0,6.5,19.255,54.5326,90.89,9.11,16.43,-1.111,
1537.0,25.617,SUNLIT,1.0,55.0,25.759,6.5,0,6.5,19.259,54.5376,90.9,9.1,16.43,-1.111,
1538.0,25.633,SUNLIT,1.0,55.0,25.763,6.5,0,6.5,19.263,54.5427,90.9,9.1,16.431,-1.111,
1539.0,25.65,SUNLIT,1.0,55.0,25.767,6.5,0,6.5,19.267,54.5477,90.91,9.09,16.431,-1.111,
1540.0,25.667,SUNLIT,1.0,55.0,25.771,6.5,0,6.5,19.271,54.5527,90.92,9.08,16.432,-1.111,
1541.0,25.683,SUNLIT,1.0,55.0,25.775,6.5,0,6.5,19.275,54.5578,90.93,9.07,16.432,-1.112,
1542.0,25.7,SUNLIT,1.0,55.0,25.779,6.5,0,6.5,19.279,54.5628,90.94,9.06,16.433,-1.112,
1543.0,25.717,SUNLIT,1.0,55.0,25.783,6.5,0,6.5,19.283,54.5678,90.95,9.05,16.433,-1.112,
1544.0,25.733,SUNLIT,1.0,55.0,25.787,6.5,0,6.5,19.287,54.5729,90.95,9.05,16.433,-1.112,
1545.0,25.75,SUNLIT,1.0,55.0,25.791,6.5,0,6.5,19.291,54.5779,90.96,9.04,16.434,-1.112,
1546.0,25.767,SUNLIT,1.0,55.0,25.795,6.5,0,6.5,19.295,54.583,90.97,9.03,16.434,-1.113,
1547.0,25.783,SUNLIT,1.0,55.0,25.799,6.5,0,6.5,19.299,54.588,90.98,9.02,16.435,-1.113,
1548.0,25.8,SUNLIT,1.0,55.0,25.803,6.5,0,6.5,19.303,54.593,90.99,9.01,16.435,-1.113,
1549.0,25.817,SUNLIT,1.0,55.0,25.807,6.5,0,6.5,19.307,54.5981,91.0,9.0,16.436,-1.113,
1550.0,25.833,SUNLIT,1.0,55.0,25.81,6.5,0,6.5,19.31,54.6031,91.01,8.99,16.436,-1.113,
1551.0,25.85,SUNLIT,1.0,55.0,25.814,6.5,0,6.5,19.314,54.6082,91.01,8.99,16.437,-1.114,
1552.0,25.867,SUNLIT,1.0,55.0,25.818,6.5,0,6.5,19.318,54.6132,91.02,8.98,16.437,-1.114,
1553.0,25.883,SUNLIT,1.0,55.0,25.822,6.5,0,6.5,19.322,54.6183,91.03,8.97,16.438,-1.114,
1554.0,25.9,SUNLIT,1.0,55.0,25.826,6.5,0,6.5,19.326,54.6233,91.04,8.96,16.438,-1.114,
1555.0,25.917,SUNLIT,1.0,55.0,25.829,6.5,0,6.5,19.329,54.6283,91.05,8.95,16.439,-1.114,
1556.0,25.933,SUNLIT,1.0,55.0,25.833,6.5,0,6.5,19.333,54.6334,91.06,8.94,16.439,-1.115,
1557.0,25.95,SUNLIT,1.0,55.0,25.837,6.5,0,6.5,19.337,54.6384,91.06,8.94,16.44,-1.115,
1558.0,25.967,SUNLIT,1.0,55.0,25.84,6.5,0,6.5,19.34,54.6435,91.07,8.93,16.44,-1.115,
1559.0,25.983,SUNLIT,1.0,55.0,25.844,6.5,0,6.5,19.344,54.6485,91.08,8.92,16.441,-1.115,
1560.0,26.0,SUNLIT,1.0,55.0,25.848,6.5,0,6.5,19.348,54.6536,91.09,8.91,16.441,-1.115,
1561.0,26.017,SUNLIT,1.0,55.0,25.851,6.5,0,6.5,19.351,54.6586,91.1,8.9,16.442,-1.115,
1562.0,26.033,SUNLIT,1.0,55.0,25.855,6.5,0,6.5,19.355,54.6637,91.11,8.89,16.442,-1.116,
1563.0,26.05,SUNLIT,1.0,55.0,25.858,6.5,0,6.5,19.358,54.6688,91.11,8.89,16.443,-1.116,
1564.0,26.067,SUNLIT,1.0,55.0,25.862,6.5,0,6.5,19.362,54.6738,91.12,8.88,16.443,-1.116,
1565.0,26.083,SUNLIT,1.0,55.0,25.865,6.5,0,6.5,19.365,54.6789,91.13,8.87,16.444,-1.116,
1566.0,26.1,SUNLIT,1.0,55.0,25.869,6.5,0,6.5,19.369,54.6839,91.14,8.86,16.444,-1.116,
1567.0,26.117,SUNLIT,1.0,55.0,25.872,6.5,0,6.5,19.372,54.689,91.15,8.85,16.445,-1.116,
1568.0,26.133,SUNLIT,1.0,55.0,25.876,6.5,0,6.5,19.376,54.694,91.16,8.84,16.445,-1.117,
1569.0,26.15,SUNLIT,1.0,55.0,25.879,6.5,0,6.5,19.379,54.6991,91.17,8.83,16.446,-1.117,
1570.0,26.167,SUNLIT,1.0,55.0,25.883,6.5,0,6.5,19.383,54.7042,91.17,8.83,16.446,-1.117,
1571.0,26.183,SUNLIT,1.0,55.0,25.886,6.5,0,6.5,19.386,54.7092,91.18,8.82,16.446,-1.117,
1572.0,26.2,SUNLIT,1.0,55.0,25.889,6.5,0,6.5,19.389,54.7143,91.19,8.81,16.447,-1.117,
1573.0,26.217,SUNLIT,1.0,55.0,25.893,6.5,0,6.5,19.393,54.7194,91.2,8.8,16.447,-1.117,
1574.0,26.233,SUNLIT,1.0,55.0,25.896,6.5,0,6.5,19.396,54.7244,91.21,8.79,16.448,-1.118,
1575.0,26.25,SUNLIT,1.0,55.0,25.899,6.5,0,6.5,19.399,54.7295,91.22,8.78,16.448,-1.118,
1576.0,26.267,SUNLIT,1.0,55.0,25.903,6.5,0,6.5,19.403,54.7345,91.22,8.78,16.449,-1.118,
1577.0,26.283,SUNLIT,1.0,55.0,25.906,6.5,0,6.5,19.406,54.7396,91.23,8.77,16.449,-1.118,
1578.0,26.3,SUNLIT,1.0,55.0,25.909,6.5,0,6.5,19.409,54.7447,91.24,8.76,16.45,-1.118,
1579.0,26.317,SUNLIT,1.0,55.0,25.912,6.5,0,6.5,19.412,54.7498,91.25,8.75,16.45,-1.118,
1580.0,26.333,SUNLIT,1.0,55.0,25.916,6.5,0,6.5,19.416,54.7548,91.26,8.74,16.451,-1.119,
1581.0,26.35,SUNLIT,1.0,55.0,25.919,6.5,0,6.5,19.419,54.7599,91.27,8.73,16.451,-1.119,
1582.0,26.367,SUNLIT,1.0,55.0,25.922,6.5,0,6.5,19.422,54.765,91.27,8.73,16.452,-1.119,
1583.0,26.383,SUNLIT,1.0,55.0,25.925,6.5,0,6.5,19.425,54.77,91.28,8.72,16.452,-1.119,
1584.0,26.4,SUNLIT,1.0,55.0,25.928,6.5,0,6.5,19.428,54.7751,91.29,8.71,16.453,-1.119,
1585.0,26.417,SUNLIT,1.0,55.0,25.931,6.5,0,6.5,19.431,54.7802,91.3,8.7,16.453,-1.119,
1586.0,26.433,SUNLIT,1.0,55.0,25.934,6.5,0,6.5,19.434,54.7853,91.31,8.69,16.454,-1.119,
1587.0,26.45,SUNLIT,1.0,55.0,25.937,6.5,0,6.5,19.437,54.7903,91.32,8.68,16.454,-1.12,
1588.0,26.467,SUNLIT,1.0,55.0,25.941,6.5,0,6.5,19.441,54.7954,91.33,8.67,16.455,-1.12,
1589.0,26.483,SUNLIT,1.0,55.0,25.944,6.5,0,6.5,19.444,54.8005,91.33,8.67,16.455,-1.12,
1590.0,26.5,SUNLIT,1.0,55.0,25.946,6.5,0,6.5,19.446,54.8056,91.34,8.66,16.456,-1.12,
1591.0,26.517,SUNLIT,1.0,55.0,25.949,6.5,0,6.5,19.449,54.8106,91.35,8.65,16.456,-1.12,
1592.0,26.533,SUNLIT,1.0,55.0,25.952,6.5,0,6.5,19.452,54.8157,91.36,8.64,16.457,-1.12,
1593.0,26.55,SUNLIT,1.0,55.0,25.955,6.5,0,6.5,19.455,54.8208,91.37,8.63,16.457,-1.12,
1594.0,26.567,SUNLIT,1.0,55.0,25.958,6.5,0,6.5,19.458,54.8259,91.38,8.62,16.458,-1.121,
1595.0,26.583,SUNLIT,1.0,55.0,25.961,6.5,0,6.5,19.461,54.831,91.38,8.62,16.458,-1.121,
1596.0,26.6,SUNLIT,1.0,55.0,25.964,6.5,0,6.5,19.464,54.836,91.39,8.61,16.458,-1.121,
1597.0,26.617,SUNLIT,1.0,55.0,25.967,6.5,0,6.5,19.467,54.8411,91.4,8.6,16.459,-1.121,
1598.0,26.633,SUNLIT,1.0,55.0,25.97,6.5,0,6.5,19.47,54.8462,91.41,8.59,16.459,-1.121,
1599.0,26.65,SUNLIT,1.0,55.0,25.972,6.5,0,6.5,19.472,54.8513,91.42,8.58,16.46,-1.121,
1600.0,26.667,SUNLIT,1.0,55.0,25.975,6.5,0,6.5,19.475,54.8564,91.43,8.57,16.46,-1.121,
1601.0,26.683,SUNLIT,1.0,55.0,25.978,6.5,0,6.5,19.478,54.8615,91.44,8.56,16.461,-1.121,
1602.0,26.7,SUNLIT,1.0,55.0,25.981,6.5,0,6.5,19.481,54.8666,91.44,8.56,16.461,-1.122,
1603.0,26.717,SUNLIT,1.0,55.0,25.983,6.5,0,6.5,19.483,54.8716,91.45,8.55,16.462,-1.122,
1604.0,26.733,SUNLIT,1.0,55.0,25.986,6.5,0,6.5,19.486,54.8767,91.46,8.54,16.462,-1.122,
1605.0,26.75,SUNLIT,1.0,55.0,25.989,6.5,0,6.5,19.489,54.8818,91.47,8.53,16.463,-1.122,
1606.0,26.767,SUNLIT,1.0,55.0,25.991,6.5,0,6.5,19.491,54.8869,91.48,8.52,16.463,-1.122,
1607.0,26.783,SUNLIT,1.0,55.0,25.994,6.5,0,6.5,19.494,54.892,91.49,8.51,16.464,-1.122,
1608.0,26.8,SUNLIT,1.0,55.0,25.997,6.5,0,6.5,19.497,54.8971,91.5,8.5,16.464,-1.122,
1609.0,26.817,SUNLIT,1.0,55.0,25.999,6.5,0,6.5,19.499,54.9022,91.5,8.5,16.465,-1.122,
1610.0,26.833,SUNLIT,1.0,55.0,26.002,6.5,0,6.5,19.502,54.9073,91.51,8.49,16.465,-1.123,
1611.0,26.85,SUNLIT,1.0,55.0,26.004,6.5,0,6.5,19.504,54.9124,91.52,8.48,16.466,-1.123,
1612.0,26.867,SUNLIT,1.0,55.0,26.007,6.5,0,6.5,19.507,54.9175,91.53,8.47,16.466,-1.123,
1613.0,26.883,SUNLIT,1.0,55.0,26.009,6.5,0,6.5,19.509,54.9226,91.54,8.46,16.467,-1.123,
1614.0,26.9,SUNLIT,1.0,55.0,26.012,6.5,0,6.5,19.512,54.9276,91.55,8.45,16.467,-1.123,
1615.0,26.917,SUNLIT,1.0,55.0,26.014,6.5,0,6.5,19.514,54.9327,91.55,8.45,16.468,-1.123,
1616.0,26.933,SUNLIT,1.0,55.0,26.017,6.5,0,6.5,19.517,54.9378,91.56,8.44,16.468,-1.123,
1617.0,26.95,SUNLIT,1.0,55.0,26.019,6.5,0,6.5,19.519,54.9429,91.57,8.43,16.468,-1.123,
1618.0,26.967,SUNLIT,1.0,55.0,26.021,6.5,0,6.5,19.521,54.948,91.58,8.42,16.469,-1.123,
1619.0,26.983,SUNLIT,1.0,55.0,26.024,6.5,0,6.5,19.524,54.9531,91.59,8.41,16.469,-1.124,
1620.0,27.0,SUNLIT,1.0,55.0,26.026,6.5,0,6.5,19.526,54.9582,91.6,8.4,16.47,-1.124,
1621.0,27.017,SUNLIT,1.0,55.0,26.028,6.5,0,6.5,19.528,54.9633,91.61,8.39,16.47,-1.124,
1622.0,27.033,SUNLIT,1.0,55.0,26.031,6.5,0,6.5,19.531,54.9684,91.61,8.39,16.471,-1.124,
1623.0,27.05,SUNLIT,1.0,55.0,26.033,6.5,0,6.5,19.533,54.9735,91.62,8.38,16.471,-1.124,
1624.0,27.067,SUNLIT,1.0,55.0,26.035,6.5,0,6.5,19.535,54.9786,91.63,8.37,16.472,-1.124,
1625.0,27.083,SUNLIT,1.0,55.0,26.037,6.5,0,6.5,19.537,54.9837,91.64,8.36,16.472,-1.124,
1626.0,27.1,SUNLIT,1.0,55.0,26.04,6.5,0,6.5,19.54,54.9888,91.65,8.35,16.473,-1.124,
1627.0,27.117,SUNLIT,1.0,55.0,26.042,6.5,0,6.5,19.542,54.9939,91.66,8.34,16.473,-1.124,
1628.0,27.133,SUNLIT,1.0,55.0,26.044,6.5,0,6.5,19.544,54.999,91.67,8.33,16.474,-1.124,
1629.0,27.15,SUNLIT,1.0,55.0,26.046,6.5,0,6.5,19.546,55.0041,91.67,8.33,16.474,-1.125,
1630.0,27.167,SUNLIT,1.0,55.0,26.048,6.5,0,6.5,19.548,55.0092,91.68,8.32,16.475,-1.125,
1631.0,27.183,SUNLIT,1.0,55.0,26.05,6.5,0,6.5,19.55,55.0144,91.69,8.31,16.475,-1.125,
1632.0,27.2,SUNLIT,1.0,55.0,26.052,6.5,0,6.5,19.552,55.0195,91.7,8.3,16.476,-1.125,
1633.0,27.217,SUNLIT,1.0,55.0,26.055,6.5,0,6.5,19.555,55.0246,91.71,8.29,16.476,-1.125,
1634.0,27.233,SUNLIT,1.0,55.0,26.057,6.5,0,6.5,19.557,55.0297,91.72,8.28,16.477,-1.125,
1635.0,27.25,SUNLIT,1.0,55.0,26.059,6.5,0,6.5,19.559,55.0348,91.72,8.28,16.477,-1.125,
1636.0,27.267,SUNLIT,1.0,55.0,26.061,6.5,0,6.5,19.561,55.0399,91.73,8.27,16.478,-1.125,
1637.0,27.283,SUNLIT,1.0,55.0,26.063,6.5,0,6.5,19.563,55.045,91.74,8.26,16.478,-1.125,
1638.0,27.3,SUNLIT,1.0,55.0,26.065,6.5,0,6.5,19.565,55.0501,91.75,8.25,16.478,-1.125,
1639.0,27.317,SUNLIT,1.0,55.0,26.066,6.5,0,6.5,19.566,55.0552,91.76,8.24,16.479,-1.125,
1640.0,27.333,SUNLIT,1.0,55.0,26.068,6.5,0,6.5,19.568,55.0603,91.77,8.23,16.479,-1.125,
1641.0,27.35,SUNLIT,1.0,55.0,26.07,6.5,0,6.5,19.57,55.0654,91.78,8.22,16.48,-1.126,
1642.0,27.367,SUNLIT,1.0,55.0,26.072,6.5,0,6.5,19.572,55.0705,91.78,8.22,16.48,-1.126,
1643.0,27.383,SUNLIT,1.0,55.0,26.074,6.5,0,6.5,19.574,55.0756,91.79,8.21,16.481,-1.126,
1644.0,27.4,SUNLIT,1.0,55.0,26.076,6.5,0,6.5,19.576,55.0808,91.8,8.2,16.481,-1.126,
1645.0,27.417,SUNLIT,1.0,55.0,26.078,6.5,0,6.5,19.578,55.0859,91.81,8.19,16.482,-1.126,
1646.0,27.433,SUNLIT,1.0,55.0,26.079,6.5,0,6.5,19.579,55.091,91.82,8.18,16.482,-1.126,
1647.0,27.45,SUNLIT,1.0,55.0,26.081,6.5,0,6.5,19.581,55.0961,91.83,8.17,16.483,-1.126,
1648.0,27.467,SUNLIT,1.0,55.0,26.083,6.5,0,6.5,19.583,55.1012,91.84,8.16,16.483,-1.126,
1649.0,27.483,SUNLIT,1.0,55.0,26.085,6.5,0,6.5,19.585,55.1063,91.84,8.16,16.484,-1.126,
1650.0,27.5,SUNLIT,1.0,55.0,26.086,6.5,0,6.5,19.586,55.1114,91.85,8.15,16.484,-1.126,
1651.0,27.517,SUNLIT,1.0,55.0,26.088,6.5,0,6.5,19.588,55.1166,91.86,8.14,16.485,-1.126,
1652.0,27.533,SUNLIT,1.0,55.0,26.09,6.5,0,6.5,19.59,55.1217,91.87,8.13,16.485,-1.126,
1653.0,27.55,SUNLIT,1.0,55.0,26.091,6.5,0,6.5,19.591,55.1268,91.88,8.12,16.486,-1.126,
1654.0,27.567,SUNLIT,1.0,55.0,26.093,6.5,0,6.5,19.593,55.1319,91.89,8.11,16.486,-1.126,
1655.0,27.583,SUNLIT,1.0,55.0,26.094,6.5,0,6.5,19.594,55.137,91.9,8.1,16.487,-1.126,
1656.0,27.6,SUNLIT,1.0,55.0,26.096,6.5,0,6.5,19.596,55.1421,91.9,8.1,16.487,-1.127,
1657.0,27.617,SUNLIT,1.0,55.0,26.098,6.5,0,6.5,19.598,55.1473,91.91,8.09,16.487,-1.127,
1658.0,27.633,SUNLIT,1.0,55.0,26.099,6.5,0,6.5,19.599,55.1524,91.92,8.08,16.488,-1.127,
1659.0,27.65,SUNLIT,1.0,55.0,26.101,6.5,0,6.5,19.601,55.1575,91.93,8.07,16.488,-1.127,
1660.0,27.667,SUNLIT,1.0,55.0,26.102,6.5,0,6.5,19.602,55.1626,91.94,8.06,16.489,-1.127,
1661.0,27.683,SUNLIT,1.0,55.0,26.104,6.5,0,6.5,19.604,55.1677,91.95,8.05,16.489,-1.127,
1662.0,27.7,SUNLIT,1.0,55.0,26.105,6.5,0,6.5,19.605,55.1728,91.95,8.05,16.49,-1.127,
1663.0,27.717,SUNLIT,1.0,55.0,26.106,6.5,0,6.5,19.606,55.178,91.96,8.04,16.49,-1.127,
1664.0,27.733,SUNLIT,1.0,55.0,26.108,6.5,0,6.5,19.608,55.1831,91.97,8.03,16.491,-1.127,
1665.0,27.75,SUNLIT,1.0,55.0,26.109,6.5,0,6.5,19.609,55.1882,91.98,8.02,16.491,-1.127,
1666.0,27.767,SUNLIT,1.0,55.0,26.11,6.5,0,6.5,19.61,55.1933,91.99,8.01,16.492,-1.127,
1667.0,27.783,SUNLIT,1.0,55.0,26.112,6.5,0,6.5,19.612,55.1984,92.0,8.0,16.492,-1.127,
1668.0,27.8,SUNLIT,1.0,55.0,26.113,6.5,0,6.5,19.613,55.2036,92.01,7.99,16.493,-1.127,
1669.0,27.817,SUNLIT,1.0,55.0,26.114,6.5,0,6.5,19.614,55.2087,92.01,7.99,16.493,-1.127,
1670.0,27.833,SUNLIT,1.0,55.0,26.116,6.5,0,6.5,19.616,55.2138,92.02,7.98,16.494,-1.127,
1671.0,27.85,SUNLIT,1.0,55.0,26.117,6.5,0,6.5,19.617,55.2189,92.03,7.97,16.494,-1.127,
1672.0,27.867,SUNLIT,1.0,55.0,26.118,6.5,0,6.5,19.618,55.2241,92.04,7.96,16.495,-1.127,
1673.0,27.883,SUNLIT,1.0,55.0,26.119,6.5,0,6.5,19.619,55.2292,92.05,7.95,16.495,-1.127,
1674.0,27.9,SUNLIT,1.0,55.0,26.12,6.5,0,6.5,19.62,55.2343,92.06,7.94,16.496,-1.127,
1675.0,27.917,SUNLIT,1.0,55.0,26.122,6.5,0,6.5,19.622,55.2394,92.07,7.93,16.496,-1.127,
1676.0,27.933,SUNLIT,1.0,55.0,26.123,6.5,0,6.5,19.623,55.2445,92.07,7.93,16.496,-1.127,
1677.0,27.95,SUNLIT,1.0,55.0,26.124,6.5,0,6.5,19.624,55.2497,92.08,7.92,16.497,-1.127,
1678.0,27.967,SUNLIT,1.0,55.0,26.125,6.5,0,6.5,19.625,55.2548,92.09,7.91,16.497,-1.127,
1679.0,27.983,SUNLIT,1.0,55.0,26.126,6.5,0,6.5,19.626,55.2599,92.1,7.9,16.498,-1.128,
1680.0,28.0,SUNLIT,1.0,55.0,26.127,6.5,0,6.5,19.627,55.265,92.11,7.89,16.498,-1.128,
1681.0,28.017,SUNLIT,1.0,55.0,26.128,6.5,0,6.5,19.628,55.2702,92.12,7.88,16.499,-1.128,
1682.0,28.033,SUNLIT,1.0,55.0,26.129,6.5,0,6.5,19.629,55.2753,92.13,7.87,16.499,-1.128,
1683.0,28.05,SUNLIT,1.0,55.0,26.13,6.5,0,6.5,19.63,55.2804,92.13,7.87,16.5,-1.128,
1684.0,28.067,SUNLIT,1.0,55.0,26.131,6.5,0,6.5,19.631,55.2855,92.14,7.86,16.5,-1.128,
1685.0,28.083,SUNLIT,1.0,55.0,26.132,6.5,0,6.5,19.632,55.2907,92.15,7.85,16.501,-1.128,
1686.0,28.1,SUNLIT,1.0,55.0,26.133,6.5,0,6.5,19.633,55.2958,92.16,7.84,16.501,-1.128,
1687.0,28.117,SUNLIT,1.0,55.0,26.134,6.5,0,6.5,19.634,55.3009,92.17,7.83,16.502,-1.128,
1688.0,28.133,SUNLIT,1.0,55.0,26.135,6.5,0,6.5,19.635,55.3061,92.18,7.82,16.502,-1.128,
1689.0,28.15,SUNLIT,1.0,55.0,26.136,6.5,0,6.5,19.636,55.3112,92.19,7.81,16.503,-1.128,
1690.0,28.167,SUNLIT,1.0,55.0,26.136,6.5,0,6.5,19.636,55.3163,92.19,7.81,16.503,-1.128,
1691.0,28.183,SUNLIT,1.0,55.0,26.137,6.5,0,6.5,19.637,55.3214,92.2,7.8,16.504,-1.128,
1692.0,28.2,SUNLIT,1.0,55.0,26.138,6.5,0,6.5,19.638,55.3266,92.21,7.79,16.504,-1.128,
1693.0,28.217,SUNLIT,1.0,55.0,26.139,6.5,0,6.5,19.639,55.3317,92.22,7.78,16.504,-1.128,
1694.0,28.233,SUNLIT,1.0,55.0,26.14,6.5,0,6.5,19.64,55.3368,92.23,7.77,16.505,-1.128,
1695.0,28.25,SUNLIT,1.0,55.0,26.14,6.5,0,6.5,19.64,55.3419,92.24,7.76,16.505,-1.128,
1696.0,28.267,SUNLIT,1.0,55.0,26.141,6.5,0,6.5,19.641,55.3471,92.25,7.75,16.506,-1.128,
1697.0,28.283,SUNLIT,1.0,55.0,26.142,6.5,0,6.5,19.642,55.3522,92.25,7.75,16.506,-1.128,
1698.0,28.3,SUNLIT,1.0,55.0,26.142,6.5,0,6.5,19.642,55.3573,92.26,7.74,16.507,-1.128,
1699.0,28.317,SUNLIT,1.0,55.0,26.143,6.5,0,6.5,19.643,55.3625,92.27,7.73,16.507,-1.128,
1700.0,28.333,SUNLIT,1.0,55.0,26.144,6.5,0,6.5,19.644,55.3676,92.28,7.72,16.508,-1.128,
1701.0,28.35,SUNLIT,1.0,55.0,26.144,6.5,0,6.5,19.644,55.3727,92.29,7.71,16.508,-1.128,
1702.0,28.367,SUNLIT,1.0,55.0,26.145,6.5,0,6.5,19.645,55.3778,92.3,7.7,16.509,-1.128,
1703.0,28.383,SUNLIT,1.0,55.0,26.145,6.5,0,6.5,19.645,55.383,92.3,7.7,16.509,-1.128,
1704.0,28.4,SUNLIT,1.0,55.0,26.146,6.5,0,6.5,19.646,55.3881,92.31,7.69,16.51,-1.128,
1705.0,28.417,SUNLIT,1.0,55.0,26.146,6.5,0,6.5,19.646,55.3932,92.32,7.68,16.51,-1.128,
1706.0,28.433,SUNLIT,1.0,55.0,26.147,6.5,0,6.5,19.647,55.3984,92.33,7.67,16.511,-1.128,
1707.0,28.45,SUNLIT,1.0,55.0,26.147,6.5,0,6.5,19.647,55.4035,92.34,7.66,16.511,-1.128,
1708.0,28.467,SUNLIT,1.0,55.0,26.148,6.5,0,6.5,19.648,55.4086,92.35,7.65,16.511,-1.128,
1709.0,28.483,SUNLIT,1.0,55.0,26.148,6.5,0,6.5,19.648,55.4138,92.36,7.64,16.512,-1.128,
1710.0,28.5,SUNLIT,1.0,55.0,26.148,6.5,0,6.5,19.648,55.4189,92.36,7.64,16.512,-1.128,
1711.0,28.517,SUNLIT,1.0,55.0,26.149,6.5,0,6.5,19.649,55.424,92.37,7.63,16.513,-1.128,
1712.0,28.533,SUNLIT,1.0,55.0,26.149,6.5,0,6.5,19.649,55.4291,92.38,7.62,16.513,-1.128,
1713.0,28.55,SUNLIT,1.0,55.0,26.15,6.5,0,6.5,19.65,55.4343,92.39,7.61,16.514,-1.128,
1714.0,28.567,SUNLIT,1.0,55.0,26.15,6.5,0,6.5,19.65,55.4394,92.4,7.6,16.514,-1.128,
1715.0,28.583,SUNLIT,1.0,55.0,26.15,6.5,0,6.5,19.65,55.4445,92.41,7.59,16.515,-1.128,
1716.0,28.6,SUNLIT,1.0,55.0,26.15,6.5,0,6.5,19.65,55.4497,92.42,7.58,16.515,-1.128,
1717.0,28.617,SUNLIT,1.0,55.0,26.151,6.5,0,6.5,19.651,55.4548,92.42,7.58,16.516,-1.128,
1718.0,28.633,SUNLIT,1.0,55.0,26.151,6.5,0,6.5,19.651,55.4599,92.43,7.57,16.516,-1.128,
1719.0,28.65,SUNLIT,1.0,55.0,26.151,6.5,0,6.5,19.651,55.4651,92.44,7.56,16.517,-1.128,
1720.0,28.667,SUNLIT,1.0,55.0,26.151,6.5,0,6.5,19.651,55.4702,92.45,7.55,16.517,-1.128,
1721.0,28.683,SUNLIT,1.0,55.0,26.151,6.5,0,6.5,19.651,55.4753,92.46,7.54,16.518,-1.128,
1722.0,28.7,SUNLIT,1.0,55.0,26.152,6.5,0,6.5,19.652,55.4805,92.47,7.53,16.518,-1.128,
1723.0,28.717,SUNLIT,1.0,55.0,26.152,6.5,0,6.5,19.652,55.4856,92.48,7.52,16.518,-1.128,
1724.0,28.733,SUNLIT,1.0,55.0,26.152,6.5,0,6.5,19.652,55.4907,92.48,7.52,16.519,-1.128,
1725.0,28.75,SUNLIT,1.0,55.0,26.152,6.5,0,6.5,19.652,55.4959,92.49,7.51,16.519,-1.128,
1726.0,28.767,SUNLIT,1.0,55.0,26.152,6.5,0,6.5,19.652,55.501,92.5,7.5,16.52,-1.127,
1727.0,28.783,SUNLIT,1.0,55.0,26.152,6.5,0,6.5,19.652,55.5061,92.51,7.49,16.52,-1.127,
1728.0,28.8,SUNLIT,1.0,55.0,26.152,6.5,0,6.5,19.652,55.5112,92.52,7.48,16.521,-1.127,
1729.0,28.817,SUNLIT,1.0,55.0,26.152,6.5,0,6.5,19.652,55.5164,92.53,7.47,16.521,-1.127,
1730.0,28.833,SUNLIT,1.0,55.0,26.152,6.5,0,6.5,19.652,55.5215,92.54,7.46,16.522,-1.127,
1731.0,28.85,SUNLIT,1.0,55.0,26.152,6.5,0,6.5,19.652,55.5266,92.54,7.46,16.522,-1.127,
1732.0,28.867,SUNLIT,1.0,55.0,26.152,6.5,0,6.5,19.652,55.5318,92.55,7.45,16.523,-1.127,
1733.0,28.883,SUNLIT,1.0,55.0,26.152,6.5,0,6.5,19.652,55.5369,92.56,7.44,16.523,-1.127,
1734.0,28.9,SUNLIT,1.0,55.0,26.152,6.5,0,6.5,19.652,55.542,92.57,7.43,16.524,-1.127,
1735.0,28.917,SUNLIT,1.0,55.0,26.151,6.5,0,6.5,19.651,55.5472,92.58,7.42,16.524,-1.127,
1736.0,28.933,SUNLIT,1.0,55.0,26.151,6.5,0,6.5,19.651,55.5523,92.59,7.41,16.525,-1.127,
1737.0,28.95,SUNLIT,1.0,55.0,26.151,6.5,0,6.5,19.651,55.5574,92.6,7.4,16.525,-1.127,
1738.0,28.967,SUNLIT,1.0,55.0,26.151,6.5,0,6.5,19.651,55.5626,92.6,7.4,16.525,-1.127,
1739.0,28.983,SUNLIT,1.0,55.0,26.151,6.5,0,6.5,19.651,55.5677,92.61,7.39,16.526,-1.127,
1740.0,29.0,SUNLIT,1.0,55.0,26.15,6.5,0,6.5,19.65,55.5728,92.62,7.38,16.526,-1.127,
1741.0,29.017,SUNLIT,1.0,55.0,26.15,6.5,0,6.5,19.65,55.578,92.63,7.37,16.527,-1.127,
1742.0,29.033,SUNLIT,1.0,55.0,26.15,6.5,0,6.5,19.65,55.5831,92.64,7.36,16.527,-1.127,
1743.0,29.05,SUNLIT,1.0,55.0,26.15,6.5,0,6.5,19.65,55.5882,92.65,7.35,16.528,-1.127,
1744.0,29.067,SUNLIT,1.0,55.0,26.149,6.5,0,6.5,19.649,55.5933,92.66,7.34,16.528,-1.127,
1745.0,29.083,SUNLIT,1.0,55.0,26.149,6.5,0,6.5,19.649,55.5985,92.66,7.34,16.529,-1.127,
1746.0,29.1,SUNLIT,1.0,55.0,26.148,6.5,0,6.5,19.648,55.6036,92.67,7.33,16.529,-1.127,
1747.0,29.117,SUNLIT,1.0,55.0,26.148,6.5,0,6.5,19.648,55.6087,92.68,7.32,16.53,-1.127,
1748.0,29.133,SUNLIT,1.0,55.0,26.148,6.5,0,6.5,19.648,55.6139,92.69,7.31,16.53,-1.127,
1749.0,29.15,SUNLIT,1.0,55.0,26.147,6.5,0,6.5,19.647,55.619,92.7,7.3,16.531,-1.126,
1750.0,29.167,SUNLIT,1.0,55.0,26.147,6.5,0,6.5,19.647,55.6241,92.71,7.29,16.531,-1.126,
1751.0,29.183,SUNLIT,1.0,55.0,26.146,6.5,0,6.5,19.646,55.6293,92.72,7.28,16.531,-1.126,
1752.0,29.2,SUNLIT,1.0,55.0,26.146,6.5,0,6.5,19.646,55.6344,92.72,7.28,16.532,-1.126,
1753.0,29.217,SUNLIT,1.0,55.0,26.145,6.5,0,6.5,19.645,55.6395,92.73,7.27,16.532,-1.126,
1754.0,29.233,SUNLIT,1.0,55.0,26.145,6.5,0,6.5,19.645,55.6446,92.74,7.26,16.533,-1.126,
1755.0,29.25,SUNLIT,1.0,55.0,26.144,6.5,0,6.5,19.644,55.6498,92.75,7.25,16.533,-1.126,
1756.0,29.267,SUNLIT,1.0,55.0,26.144,6.5,0,6.5,19.644,55.6549,92.76,7.24,16.534,-1.126,
1757.0,29.283,SUNLIT,1.0,55.0,26.143,6.5,0,6.5,19.643,55.66,92.77,7.23,16.534,-1.126,
1758.0,29.3,SUNLIT,1.0,55.0,26.142,6.5,0,6.5,19.642,55.6652,92.78,7.22,16.535,-1.126,
1759.0,29.317,SUNLIT,1.0,55.0,26.142,6.5,0,6.5,19.642,55.6703,92.78,7.22,16.535,-1.126,
1760.0,29.333,SUNLIT,1.0,55.0,26.141,6.5,0,6.5,19.641,55.6754,92.79,7.21,16.536,-1.126,
1761.0,29.35,SUNLIT,1.0,55.0,26.14,6.5,0,6.5,19.64,55.6805,92.8,7.2,16.536,-1.126,
1762.0,29.367,SUNLIT,1.0,55.0,26.14,6.5,0,6.5,19.64,55.6857,92.81,7.19,16.537,-1.126,
1763.0,29.383,SUNLIT,1.0,55.0,26.139,6.5,0,6.5,19.639,55.6908,92.82,7.18,16.537,-1.126,
1764.0,29.4,SUNLIT,1.0,55.0,26.138,6.5,0,6.5,19.638,55.6959,92.83,7.17,16.537,-1.125,
1765.0,29.417,SUNLIT,1.0,55.0,26.137,6.5,0,6.5,19.637,55.7011,92.84,7.16,16.538,-1.125,
1766.0,29.433,SUNLIT,1.0,55.0,26.136,6.5,0,6.5,19.636,55.7062,92.84,7.16,16.538,-1.125,
1767.0,29.45,SUNLIT,1.0,55.0,26.136,6.5,0,6.5,19.636,55.7113,92.85,7.15,16.539,-1.125,
1768.0,29.467,SUNLIT,1.0,55.0,26.135,6.5,0,6.5,19.635,55.7164,92.86,7.14,16.539,-1.125,
1769.0,29.483,SUNLIT,1.0,55.0,26.134,6.5,0,6.5,19.634,55.7216,92.87,7.13,16.54,-1.125,
1770.0,29.5,SUNLIT,1.0,55.0,26.133,6.5,0,6.5,19.633,55.7267,92.88,7.12,16.54,-1.125,
1771.0,29.517,SUNLIT,1.0,55.0,26.132,6.5,0,6.5,19.632,55.7318,92.89,7.11,16.541,-1.125,
1772.0,29.533,SUNLIT,1.0,55.0,26.131,6.5,0,6.5,19.631,55.7369,92.89,7.11,16.541,-1.125,
1773.0,29.55,SUNLIT,1.0,55.0,26.13,6.5,0,6.5,19.63,55.7421,92.9,7.1,16.542,-1.125,
1774.0,29.567,SUNLIT,1.0,55.0,26.129,6.5,0,6.5,19.629,55.7472,92.91,7.09,16.542,-1.125,
1775.0,29.583,SUNLIT,1.0,55.0,26.128,6.5,0,6.5,19.628,55.7523,92.92,7.08,16.543,-1.125,
1776.0,29.6,SUNLIT,1.0,55.0,26.127,6.5,0,6.5,19.627,55.7574,92.93,7.07,16.543,-1.124,
1777.0,29.617,SUNLIT,1.0,55.0,26.126,6.5,0,6.5,19.626,55.7626,92.94,7.06,16.543,-1.124,
1778.0,29.633,SUNLIT,1.0,55.0,26.125,6.5,0,6.5,19.625,55.7677,92.95,7.05,16.544,-1.124,
1779.0,29.65,SUNLIT,1.0,55.0,26.124,6.5,0,6.5,19.624,55.7728,92.95,7.05,16.544,-1.124,
1780.0,29.667,SUNLIT,1.0,55.0,26.123,6.5,0,6.5,19.623,55.7779,92.96,7.04,16.545,-1.124,
1781.0,29.683,SUNLIT,1.0,55.0,26.122,6.5,0,6.5,19.622,55.7831,92.97,7.03,16.545,-1.124,
1782.0,29.7,SUNLIT,1.0,55.0,26.12,6.5,0,6.5,19.62,55.7882,92.98,7.02,16.546,-1.124,
1783.0,29.717,SUNLIT,1.0,55.0,26.119,6.5,0,6.5,19.619,55.7933,92.99,7.01,16.546,-1.124,
1784.0,29.733,SUNLIT,1.0,55.0,26.118,6.5,0,6.5,19.618,55.7984,93.0,7.0,16.547,-1.124,
1785.0,29.75,SUNLIT,1.0,55.0,26.117,6.5,0,6.5,19.617,55.8036,93.01,6.99,16.547,-1.124,
1786.0,29.767,SUNLIT,1.0,55.0,26.116,6.5,0,6.5,19.616,55.8087,93.01,6.99,16.548,-1.123,
1787.0,29.783,SUNLIT,1.0,55.0,26.114,6.5,0,6.5,19.614,55.8138,93.02,6.98,16.548,-1.123,
1788.0,29.8,SUNLIT,1.0,55.0,26.113,6.5,0,6.5,19.613,55.8189,93.03,6.97,16.548,-1.123,
1789.0,29.817,SUNLIT,1.0,55.0,26.112,6.5,0,6.5,19.612,55.824,93.04,6.96,16.549,-1.123,
1790.0,29.833,SUNLIT,1.0,55.0,26.11,6.5,0,6.5,19.61,55.8292,93.05,6.95,16.549,-1.123,
1791.0,29.85,SUNLIT,1.0,55.0,26.109,6.5,0,6.5,19.609,55.8343,93.06,6.94,16.55,-1.123,
1792.0,29.867,SUNLIT,1.0,55.0,26.108,6.5,0,6.5,19.608,55.8394,93.07,6.93,16.55,-1.123,
1793.0,29.883,SUNLIT,1.0,55.0,26.106,6.5,0,6.5,19.606,55.8445,93.07,6.93,16.551,-1.123,
1794.0,29.9,SUNLIT,1.0,55.0,26.105,6.5,0,6.5,19.605,55.8496,93.08,6.92,16.551,-1.123,
1795.0,29.917,SUNLIT,1.0,55.0,26.104,6.5,0,6.5,19.604,55.8548,93.09,6.91,16.552,-1.122,
1796.0,29.933,SUNLIT,1.0,55.0,26.102,6.5,0,6.5,19.602,55.8599,93.1,6.9,16.552,-1.122,
1797.0,29.95,SUNLIT,1.0,55.0,26.101,6.5,0,6.5,19.601,55.865,93.11,6.89,16.553,-1.122,
1798.0,29.967,SUNLIT,1.0,55.0,26.099,6.5,0,6.5,19.599,55.8701,93.12,6.88,16.553,-1.122,
1799.0,29.983,SUNLIT,1.0,55.0,26.098,6.5,0,6.5,19.598,55.8752,93.13,6.87,16.553,-1.122,
1800.0,30.0,SUNLIT,1.0,55.0,26.096,6.5,6.5,13.0,13.096,55.8786,93.13,6.87,16.509,-0.75,COMMS_DOWNLINK_PASS
1801.0,30.017,SUNLIT,1.0,55.0,26.094,6.5,6.5,13.0,13.094,55.8821,93.14,6.86,16.509,-0.75,COMMS_DOWNLINK_PASS
1802.0,30.033,SUNLIT,1.0,55.0,26.093,6.5,6.5,13.0,13.093,55.8855,93.14,6.86,16.51,-0.75,COMMS_DOWNLINK_PASS
1803.0,30.05,SUNLIT,1.0,55.0,26.091,6.5,6.5,13.0,13.091,55.8889,93.15,6.85,16.51,-0.749,COMMS_DOWNLINK_PASS
1804.0,30.067,SUNLIT,1.0,55.0,26.09,6.5,6.5,13.0,13.09,55.8923,93.15,6.85,16.51,-0.749,COMMS_DOWNLINK_PASS
1805.0,30.083,SUNLIT,1.0,55.0,26.088,6.5,6.5,13.0,13.088,55.8957,93.16,6.84,16.511,-0.749,COMMS_DOWNLINK_PASS
1806.0,30.1,SUNLIT,1.0,55.0,26.086,6.5,6.5,13.0,13.086,55.8992,93.17,6.83,16.511,-0.749,COMMS_DOWNLINK_PASS
1807.0,30.117,SUNLIT,1.0,55.0,26.085,6.5,6.5,13.0,13.085,55.9026,93.17,6.83,16.511,-0.749,COMMS_DOWNLINK_PASS
1808.0,30.133,SUNLIT,1.0,55.0,26.083,6.5,6.5,13.0,13.083,55.906,93.18,6.82,16.511,-0.749,COMMS_DOWNLINK_PASS
1809.0,30.15,SUNLIT,1.0,55.0,26.081,6.5,6.5,13.0,13.081,55.9094,93.18,6.82,16.512,-0.749,COMMS_DOWNLINK_PASS
1810.0,30.167,SUNLIT,1.0,55.0,26.079,6.5,6.5,13.0,13.079,55.9128,93.19,6.81,16.512,-0.749,COMMS_DOWNLINK_PASS
1811.0,30.183,SUNLIT,1.0,55.0,26.078,6.5,6.5,13.0,13.078,55.9162,93.19,6.81,16.512,-0.749,COMMS_DOWNLINK_PASS
1812.0,30.2,SUNLIT,1.0,55.0,26.076,6.5,6.5,13.0,13.076,55.9196,93.2,6.8,16.513,-0.748,COMMS_DOWNLINK_PASS
1813.0,30.217,SUNLIT,1.0,55.0,26.074,6.5,6.5,13.0,13.074,55.9231,93.21,6.79,16.513,-0.748,COMMS_DOWNLINK_PASS
1814.0,30.233,SUNLIT,1.0,55.0,26.072,6.5,6.5,13.0,13.072,55.9265,93.21,6.79,16.513,-0.748,COMMS_DOWNLINK_PASS
1815.0,30.25,SUNLIT,1.0,55.0,26.07,6.5,6.5,13.0,13.07,55.9299,93.22,6.78,16.514,-0.748,COMMS_DOWNLINK_PASS
1816.0,30.267,SUNLIT,1.0,55.0,26.068,6.5,6.5,13.0,13.068,55.9333,93.22,6.78,16.514,-0.748,COMMS_DOWNLINK_PASS
1817.0,30.283,SUNLIT,1.0,55.0,26.066,6.5,6.5,13.0,13.066,55.9367,93.23,6.77,16.514,-0.748,COMMS_DOWNLINK_PASS
1818.0,30.3,SUNLIT,1.0,55.0,26.065,6.5,6.5,13.0,13.065,55.9401,93.23,6.77,16.514,-0.748,COMMS_DOWNLINK_PASS
1819.0,30.317,SUNLIT,1.0,55.0,26.063,6.5,6.5,13.0,13.063,55.9435,93.24,6.76,16.515,-0.748,COMMS_DOWNLINK_PASS
1820.0,30.333,SUNLIT,1.0,55.0,26.061,6.5,6.5,13.0,13.061,55.9469,93.24,6.76,16.515,-0.747,COMMS_DOWNLINK_PASS
1821.0,30.35,SUNLIT,1.0,55.0,26.059,6.5,6.5,13.0,13.059,55.9504,93.25,6.75,16.515,-0.747,COMMS_DOWNLINK_PASS
1822.0,30.367,SUNLIT,1.0,55.0,26.057,6.5,6.5,13.0,13.057,55.9538,93.26,6.74,16.516,-0.747,COMMS_DOWNLINK_PASS
1823.0,30.383,SUNLIT,1.0,55.0,26.055,6.5,6.5,13.0,13.055,55.9572,93.26,6.74,16.516,-0.747,COMMS_DOWNLINK_PASS
1824.0,30.4,SUNLIT,1.0,55.0,26.052,6.5,6.5,13.0,13.052,55.9606,93.27,6.73,16.516,-0.747,COMMS_DOWNLINK_PASS
1825.0,30.417,SUNLIT,1.0,55.0,26.05,6.5,6.5,13.0,13.05,55.964,93.27,6.73,16.517,-0.747,COMMS_DOWNLINK_PASS
1826.0,30.433,SUNLIT,1.0,55.0,26.048,6.5,6.5,13.0,13.048,55.9674,93.28,6.72,16.517,-0.747,COMMS_DOWNLINK_PASS
1827.0,30.45,SUNLIT,1.0,55.0,26.046,6.5,6.5,13.0,13.046,55.9708,93.28,6.72,16.517,-0.747,COMMS_DOWNLINK_PASS
1828.0,30.467,SUNLIT,1.0,55.0,26.044,6.5,6.5,13.0,13.044,55.9742,93.29,6.71,16.517,-0.746,COMMS_DOWNLINK_PASS
1829.0,30.483,SUNLIT,1.0,55.0,26.042,6.5,6.5,13.0,13.042,55.9776,93.3,6.7,16.518,-0.746,COMMS_DOWNLINK_PASS
1830.0,30.5,SUNLIT,1.0,55.0,26.04,6.5,6.5,13.0,13.04,55.981,93.3,6.7,16.518,-0.746,COMMS_DOWNLINK_PASS
1831.0,30.517,SUNLIT,1.0,55.0,26.037,6.5,6.5,13.0,13.037,55.9844,93.31,6.69,16.518,-0.746,COMMS_DOWNLINK_PASS
1832.0,30.533,SUNLIT,1.0,55.0,26.035,6.5,6.5,13.0,13.035,55.9878,93.31,6.69,16.519,-0.746,COMMS_DOWNLINK_PASS
1833.0,30.55,SUNLIT,1.0,55.0,26.033,6.5,6.5,13.0,13.033,55.9912,93.32,6.68,16.519,-0.746,COMMS_DOWNLINK_PASS
1834.0,30.567,SUNLIT,1.0,55.0,26.031,6.5,6.5,13.0,13.031,55.9946,93.32,6.68,16.519,-0.746,COMMS_DOWNLINK_PASS
1835.0,30.583,SUNLIT,1.0,55.0,26.028,6.5,6.5,13.0,13.028,55.998,93.33,6.67,16.519,-0.745,COMMS_DOWNLINK_PASS
1836.0,30.6,SUNLIT,1.0,55.0,26.026,6.5,6.5,13.0,13.026,56.0014,93.34,6.66,16.52,-0.745,COMMS_DOWNLINK_PASS
1837.0,30.617,SUNLIT,1.0,55.0,26.024,6.5,6.5,13.0,13.024,56.0048,93.34,6.66,16.52,-0.745,COMMS_DOWNLINK_PASS
1838.0,30.633,SUNLIT,1.0,55.0,26.021,6.5,6.5,13.0,13.021,56.0082,93.35,6.65,16.52,-0.745,COMMS_DOWNLINK_PASS
1839.0,30.65,SUNLIT,1.0,55.0,26.019,6.5,6.5,13.0,13.019,56.0116,93.35,6.65,16.521,-0.745,COMMS_DOWNLINK_PASS
1840.0,30.667,SUNLIT,1.0,55.0,26.017,6.5,6.5,13.0,13.017,56.015,93.36,6.64,16.521,-0.745,COMMS_DOWNLINK_PASS
1841.0,30.683,SUNLIT,1.0,55.0,26.014,6.5,6.5,13.0,13.014,56.0184,93.36,6.64,16.521,-0.744,COMMS_DOWNLINK_PASS
1842.0,30.7,SUNLIT,1.0,55.0,26.012,6.5,6.5,13.0,13.012,56.0218,93.37,6.63,16.522,-0.744,COMMS_DOWNLINK_PASS
1843.0,30.717,SUNLIT,1.0,55.0,26.009,6.5,6.5,13.0,13.009,56.0252,93.38,6.62,16.522,-0.744,COMMS_DOWNLINK_PASS
1844.0,30.733,SUNLIT,1.0,55.0,26.007,6.5,6.5,13.0,13.007,56.0286,93.38,6.62,16.522,-0.744,COMMS_DOWNLINK_PASS
1845.0,30.75,SUNLIT,1.0,55.0,26.004,6.5,6.5,13.0,13.004,56.032,93.39,6.61,16.522,-0.744,COMMS_DOWNLINK_PASS
1846.0,30.767,SUNLIT,1.0,55.0,26.002,6.5,6.5,13.0,13.002,56.0354,93.39,6.61,16.523,-0.744,COMMS_DOWNLINK_PASS
1847.0,30.783,SUNLIT,1.0,55.0,25.999,6.5,6.5,13.0,12.999,56.0388,93.4,6.6,16.523,-0.744,COMMS_DOWNLINK_PASS
1848.0,30.8,SUNLIT,1.0,55.0,25.997,6.5,6.5,13.0,12.997,56.0422,93.4,6.6,16.523,-0.743,COMMS_DOWNLINK_PASS
1849.0,30.817,SUNLIT,1.0,55.0,25.994,6.5,6.5,13.0,12.994,56.0456,93.41,6.59,16.524,-0.743,COMMS_DOWNLINK_PASS
1850.0,30.833,SUNLIT,1.0,55.0,25.991,6.5,6.5,13.0,12.991,56.049,93.41,6.59,16.524,-0.743,COMMS_DOWNLINK_PASS
1851.0,30.85,SUNLIT,1.0,55.0,25.989,6.5,6.5,13.0,12.989,56.0524,93.42,6.58,16.524,-0.743,COMMS_DOWNLINK_PASS
1852.0,30.867,SUNLIT,1.0,55.0,25.986,6.5,6.5,13.0,12.986,56.0558,93.43,6.57,16.524,-0.743,COMMS_DOWNLINK_PASS
1853.0,30.883,SUNLIT,1.0,55.0,25.983,6.5,6.5,13.0,12.983,56.0592,93.43,6.57,16.525,-0.743,COMMS_DOWNLINK_PASS
1854.0,30.9,SUNLIT,1.0,55.0,25.981,6.5,6.5,13.0,12.981,56.0625,93.44,6.56,16.525,-0.742,COMMS_DOWNLINK_PASS
1855.0,30.917,SUNLIT,1.0,55.0,25.978,6.5,6.5,13.0,12.978,56.0659,93.44,6.56,16.525,-0.742,COMMS_DOWNLINK_PASS
1856.0,30.933,SUNLIT,1.0,55.0,25.975,6.5,6.5,13.0,12.975,56.0693,93.45,6.55,16.526,-0.742,COMMS_DOWNLINK_PASS
1857.0,30.95,SUNLIT,1.0,55.0,25.972,6.5,6.5,13.0,12.972,56.0727,93.45,6.55,16.526,-0.742,COMMS_DOWNLINK_PASS
1858.0,30.967,SUNLIT,1.0,55.0,25.97,6.5,6.5,13.0,12.97,56.0761,93.46,6.54,16.526,-0.742,COMMS_DOWNLINK_PASS
1859.0,30.983,SUNLIT,1.0,55.0,25.967,6.5,6.5,13.0,12.967,56.0795,93.47,6.53,16.526,-0.742,COMMS_DOWNLINK_PASS
1860.0,31.0,SUNLIT,1.0,55.0,25.964,6.5,6.5,13.0,12.964,56.0829,93.47,6.53,16.527,-0.741,COMMS_DOWNLINK_PASS
1861.0,31.017,SUNLIT,1.0,55.0,25.961,6.5,6.5,13.0,12.961,56.0863,93.48,6.52,16.527,-0.741,COMMS_DOWNLINK_PASS
1862.0,31.033,SUNLIT,1.0,55.0,25.958,6.5,6.5,13.0,12.958,56.0896,93.48,6.52,16.527,-0.741,COMMS_DOWNLINK_PASS
1863.0,31.05,SUNLIT,1.0,55.0,25.955,6.5,6.5,13.0,12.955,56.093,93.49,6.51,16.528,-0.741,COMMS_DOWNLINK_PASS
1864.0,31.067,SUNLIT,1.0,55.0,25.952,6.5,6.5,13.0,12.952,56.0964,93.49,6.51,16.528,-0.741,COMMS_DOWNLINK_PASS
1865.0,31.083,SUNLIT,1.0,55.0,25.949,6.5,6.5,13.0,12.949,56.0998,93.5,6.5,16.528,-0.74,COMMS_DOWNLINK_PASS
1866.0,31.1,SUNLIT,1.0,55.0,25.946,6.5,6.5,13.0,12.946,56.1032,93.51,6.49,16.529,-0.74,COMMS_DOWNLINK_PASS
1867.0,31.117,SUNLIT,1.0,55.0,25.944,6.5,6.5,13.0,12.944,56.1065,93.51,6.49,16.529,-0.74,COMMS_DOWNLINK_PASS
1868.0,31.133,SUNLIT,1.0,55.0,25.941,6.5,6.5,13.0,12.941,56.1099,93.52,6.48,16.529,-0.74,COMMS_DOWNLINK_PASS
1869.0,31.15,SUNLIT,1.0,55.0,25.937,6.5,6.5,13.0,12.937,56.1133,93.52,6.48,16.529,-0.74,COMMS_DOWNLINK_PASS
1870.0,31.167,SUNLIT,1.0,55.0,25.934,6.5,6.5,13.0,12.934,56.1167,93.53,6.47,16.53,-0.74,COMMS_DOWNLINK_PASS
1871.0,31.183,SUNLIT,1.0,55.0,25.931,6.5,6.5,13.0,12.931,56.1201,93.53,6.47,16.53,-0.739,COMMS_DOWNLINK_PASS
1872.0,31.2,SUNLIT,1.0,55.0,25.928,6.5,6.5,13.0,12.928,56.1234,93.54,6.46,16.53,-0.739,COMMS_DOWNLINK_PASS
1873.0,31.217,SUNLIT,1.0,55.0,25.925,6.5,6.5,13.0,12.925,56.1268,93.54,6.46,16.531,-0.739,COMMS_DOWNLINK_PASS
1874.0,31.233,SUNLIT,1.0,55.0,25.922,6.5,6.5,13.0,12.922,56.1302,93.55,6.45,16.531,-0.739,COMMS_DOWNLINK_PASS
1875.0,31.25,SUNLIT,1.0,55.0,25.919,6.5,6.5,13.0,12.919,56.1336,93.56,6.44,16.531,-0.739,COMMS_DOWNLINK_PASS
1876.0,31.267,SUNLIT,1.0,55.0,25.916,6.5,6.5,13.0,12.916,56.1369,93.56,6.44,16.531,-0.738,COMMS_DOWNLINK_PASS
1877.0,31.283,SUNLIT,1.0,55.0,25.912,6.5,6.5,13.0,12.912,56.1403,93.57,6.43,16.532,-0.738,COMMS_DOWNLINK_PASS
1878.0,31.3,SUNLIT,1.0,55.0,25.909,6.5,6.5,13.0,12.909,56.1437,93.57,6.43,16.532,-0.738,COMMS_DOWNLINK_PASS
1879.0,31.317,SUNLIT,1.0,55.0,25.906,6.5,6.5,13.0,12.906,56.147,93.58,6.42,16.532,-0.738,COMMS_DOWNLINK_PASS
1880.0,31.333,SUNLIT,1.0,55.0,25.903,6.5,6.5,13.0,12.903,56.1504,93.58,6.42,16.533,-0.738,COMMS_DOWNLINK_PASS
1881.0,31.35,SUNLIT,1.0,55.0,25.899,6.5,6.5,13.0,12.899,56.1538,93.59,6.41,16.533,-0.737,COMMS_DOWNLINK_PASS
1882.0,31.367,SUNLIT,1.0,55.0,25.896,6.5,6.5,13.0,12.896,56.1571,93.6,6.4,16.533,-0.737,COMMS_DOWNLINK_PASS
1883.0,31.383,SUNLIT,1.0,55.0,25.893,6.5,6.5,13.0,12.893,56.1605,93.6,6.4,16.533,-0.737,COMMS_DOWNLINK_PASS
1884.0,31.4,SUNLIT,1.0,55.0,25.889,6.5,6.5,13.0,12.889,56.1639,93.61,6.39,16.534,-0.737,COMMS_DOWNLINK_PASS
1885.0,31.417,SUNLIT,1.0,55.0,25.886,6.5,6.5,13.0,12.886,56.1672,93.61,6.39,16.534,-0.737,COMMS_DOWNLINK_PASS
1886.0,31.433,SUNLIT,1.0,55.0,25.883,6.5,6.5,13.0,12.883,56.1706,93.62,6.38,16.534,-0.736,COMMS_DOWNLINK_PASS
1887.0,31.45,SUNLIT,1.0,55.0,25.879,6.5,6.5,13.0,12.879,56.174,93.62,6.38,16.534,-0.736,COMMS_DOWNLINK_PASS
1888.0,31.467,SUNLIT,1.0,55.0,25.876,6.5,6.5,13.0,12.876,56.1773,93.63,6.37,16.535,-0.736,COMMS_DOWNLINK_PASS
1889.0,31.483,SUNLIT,1.0,55.0,25.872,6.5,6.5,13.0,12.872,56.1807,93.63,6.37,16.535,-0.736,COMMS_DOWNLINK_PASS
1890.0,31.5,SUNLIT,1.0,55.0,25.869,6.5,6.5,13.0,12.869,56.184,93.64,6.36,16.535,-0.736,COMMS_DOWNLINK_PASS
1891.0,31.517,SUNLIT,1.0,55.0,25.865,6.5,6.5,13.0,12.865,56.1874,93.65,6.35,16.536,-0.735,COMMS_DOWNLINK_PASS
1892.0,31.533,SUNLIT,1.0,55.0,25.862,6.5,6.5,13.0,12.862,56.1908,93.65,6.35,16.536,-0.735,COMMS_DOWNLINK_PASS
1893.0,31.55,SUNLIT,1.0,55.0,25.858,6.5,6.5,13.0,12.858,56.1941,93.66,6.34,16.536,-0.735,COMMS_DOWNLINK_PASS
1894.0,31.567,SUNLIT,1.0,55.0,25.855,6.5,6.5,13.0,12.855,56.1975,93.66,6.34,16.536,-0.735,COMMS_DOWNLINK_PASS
1895.0,31.583,SUNLIT,1.0,55.0,25.851,6.5,6.5,13.0,12.851,56.2008,93.67,6.33,16.537,-0.734,COMMS_DOWNLINK_PASS
1896.0,31.6,SUNLIT,1.0,55.0,25.848,6.5,6.5,13.0,12.848,56.2042,93.67,6.33,16.537,-0.734,COMMS_DOWNLINK_PASS
1897.0,31.617,SUNLIT,1.0,55.0,25.844,6.5,6.5,13.0,12.844,56.2075,93.68,6.32,16.537,-0.734,COMMS_DOWNLINK_PASS
1898.0,31.633,SUNLIT,1.0,55.0,25.84,6.5,6.5,13.0,12.84,56.2109,93.68,6.32,16.538,-0.734,COMMS_DOWNLINK_PASS
1899.0,31.65,SUNLIT,1.0,55.0,25.837,6.5,6.5,13.0,12.837,56.2142,93.69,6.31,16.538,-0.734,COMMS_DOWNLINK_PASS
1900.0,31.667,SUNLIT,1.0,55.0,25.833,6.5,6.5,13.0,12.833,56.2176,93.7,6.3,16.538,-0.733,COMMS_DOWNLINK_PASS
1901.0,31.683,SUNLIT,1.0,55.0,25.829,6.5,6.5,13.0,12.829,56.2209,93.7,6.3,16.538,-0.733,COMMS_DOWNLINK_PASS
1902.0,31.7,SUNLIT,1.0,55.0,25.826,6.5,6.5,13.0,12.826,56.2243,93.71,6.29,16.539,-0.733,COMMS_DOWNLINK_PASS
1903.0,31.717,SUNLIT,1.0,55.0,25.822,6.5,6.5,13.0,12.822,56.2276,93.71,6.29,16.539,-0.733,COMMS_DOWNLINK_PASS
1904.0,31.733,SUNLIT,1.0,55.0,25.818,6.5,6.5,13.0,12.818,56.231,93.72,6.28,16.539,-0.732,COMMS_DOWNLINK_PASS
1905.0,31.75,SUNLIT,1.0,55.0,25.814,6.5,6.5,13.0,12.814,56.2343,93.72,6.28,16.54,-0.732,COMMS_DOWNLINK_PASS
1906.0,31.767,SUNLIT,1.0,55.0,25.81,6.5,6.5,13.0,12.81,56.2377,93.73,6.27,16.54,-0.732,COMMS_DOWNLINK_PASS
1907.0,31.783,SUNLIT,1.0,55.0,25.807,6.5,6.5,13.0,12.807,56.241,93.74,6.26,16.54,-0.732,COMMS_DOWNLINK_PASS
1908.0,31.8,SUNLIT,1.0,55.0,25.803,6.5,6.5,13.0,12.803,56.2444,93.74,6.26,16.54,-0.731,COMMS_DOWNLINK_PASS
1909.0,31.817,SUNLIT,1.0,55.0,25.799,6.5,6.5,13.0,12.799,56.2477,93.75,6.25,16.541,-0.731,COMMS_DOWNLINK_PASS
1910.0,31.833,SUNLIT,1.0,55.0,25.795,6.5,6.5,13.0,12.795,56.2511,93.75,6.25,16.541,-0.731,COMMS_DOWNLINK_PASS
1911.0,31.85,SUNLIT,1.0,55.0,25.791,6.5,6.5,13.0,12.791,56.2544,93.76,6.24,16.541,-0.731,COMMS_DOWNLINK_PASS
1912.0,31.867,SUNLIT,1.0,55.0,25.787,6.5,6.5,13.0,12.787,56.2577,93.76,6.24,16.541,-0.731,COMMS_DOWNLINK_PASS
1913.0,31.883,SUNLIT,1.0,55.0,25.783,6.5,6.5,13.0,12.783,56.2611,93.77,6.23,16.542,-0.73,COMMS_DOWNLINK_PASS
1914.0,31.9,SUNLIT,1.0,55.0,25.779,6.5,6.5,13.0,12.779,56.2644,93.77,6.23,16.542,-0.73,COMMS_DOWNLINK_PASS
1915.0,31.917,SUNLIT,1.0,55.0,25.775,6.5,6.5,13.0,12.775,56.2677,93.78,6.22,16.542,-0.73,COMMS_DOWNLINK_PASS
1916.0,31.933,SUNLIT,1.0,55.0,25.771,6.5,6.5,13.0,12.771,56.2711,93.79,6.21,16.543,-0.73,COMMS_DOWNLINK_PASS
1917.0,31.95,SUNLIT,1.0,55.0,25.767,6.5,6.5,13.0,12.767,56.2744,93.79,6.21,16.543,-0.729,COMMS_DOWNLINK_PASS
1918.0,31.967,SUNLIT,1.0,55.0,25.763,6.5,6.5,13.0,12.763,56.2777,93.8,6.2,16.543,-0.729,COMMS_DOWNLINK_PASS
1919.0,31.983,SUNLIT,1.0,55.0,25.759,6.5,6.5,13.0,12.759,56.2811,93.8,6.2,16.543,-0.729,COMMS_DOWNLINK_PASS
1920.0,32.0,SUNLIT,1.0,55.0,25.755,6.5,6.5,13.0,12.755,56.2844,93.81,6.19,16.544,-0.729,COMMS_DOWNLINK_PASS
1921.0,32.017,SUNLIT,1.0,55.0,25.751,6.5,6.5,13.0,12.751,56.2877,93.81,6.19,16.544,-0.728,COMMS_DOWNLINK_PASS
1922.0,32.033,SUNLIT,1.0,55.0,25.746,6.5,6.5,13.0,12.746,56.2911,93.82,6.18,16.544,-0.728,COMMS_DOWNLINK_PASS
1923.0,32.05,SUNLIT,1.0,55.0,25.742,6.5,6.5,13.0,12.742,56.2944,93.82,6.18,16.545,-0.728,COMMS_DOWNLINK_PASS
1924.0,32.067,SUNLIT,1.0,55.0,25.738,6.5,6.5,13.0,12.738,56.2977,93.83,6.17,16.545,-0.728,COMMS_DOWNLINK_PASS
1925.0,32.083,SUNLIT,1.0,55.0,25.734,6.5,6.5,13.0,12.734,56.301,93.84,6.16,16.545,-0.727,COMMS_DOWNLINK_PASS
1926.0,32.1,SUNLIT,1.0,55.0,25.73,6.5,6.5,13.0,12.73,56.3044,93.84,6.16,16.545,-0.727,COMMS_DOWNLINK_PASS
1927.0,32.117,SUNLIT,1.0,55.0,25.725,6.5,6.5,13.0,12.725,56.3077,93.85,6.15,16.546,-0.727,COMMS_DOWNLINK_PASS
1928.0,32.133,SUNLIT,1.0,55.0,25.721,6.5,6.5,13.0,12.721,56.311,93.85,6.15,16.546,-0.727,COMMS_DOWNLINK_PASS
1929.0,32.15,SUNLIT,1.0,55.0,25.717,6.5,6.5,13.0,12.717,56.3143,93.86,6.14,16.546,-0.726,COMMS_DOWNLINK_PASS
1930.0,32.167,SUNLIT,1.0,55.0,25.712,6.5,6.5,13.0,12.712,56.3176,93.86,6.14,16.546,-0.726,COMMS_DOWNLINK_PASS
1931.0,32.183,SUNLIT,1.0,55.0,25.708,6.5,6.5,13.0,12.708,56.321,93.87,6.13,16.547,-0.726,COMMS_DOWNLINK_PASS
1932.0,32.2,SUNLIT,1.0,55.0,25.704,6.5,6.5,13.0,12.704,56.3243,93.87,6.13,16.547,-0.725,COMMS_DOWNLINK_PASS
1933.0,32.217,SUNLIT,1.0,55.0,25.699,6.5,6.5,13.0,12.699,56.3276,93.88,6.12,16.547,-0.725,COMMS_DOWNLINK_PASS
1934.0,32.233,SUNLIT,1.0,55.0,25.695,6.5,6.5,13.0,12.695,56.3309,93.88,6.12,16.548,-0.725,COMMS_DOWNLINK_PASS
1935.0,32.25,SUNLIT,1.0,55.0,25.69,6.5,6.5,13.0,12.69,56.3342,93.89,6.11,16.548,-0.725,COMMS_DOWNLINK_PASS
1936.0,32.267,SUNLIT,1.0,55.0,25.686,6.5,6.5,13.0,12.686,56.3375,93.9,6.1,16.548,-0.724,COMMS_DOWNLINK_PASS
1937.0,32.283,SUNLIT,1.0,55.0,25.681,6.5,6.5,13.0,12.681,56.3409,93.9,6.1,16.548,-0.724,COMMS_DOWNLINK_PASS
1938.0,32.3,SUNLIT,1.0,55.0,25.677,6.5,6.5,13.0,12.677,56.3442,93.91,6.09,16.549,-0.724,COMMS_DOWNLINK_PASS
1939.0,32.317,SUNLIT,1.0,55.0,25.672,6.5,6.5,13.0,12.672,56.3475,93.91,6.09,16.549,-0.724,COMMS_DOWNLINK_PASS
1940.0,32.333,SUNLIT,1.0,55.0,25.668,6.5,6.5,13.0,12.668,56.3508,93.92,6.08,16.549,-0.723,COMMS_DOWNLINK_PASS
1941.0,32.35,SUNLIT,1.0,55.0,25.663,6.5,6.5,13.0,12.663,56.3541,93.92,6.08,16.549,-0.723,COMMS_DOWNLINK_PASS
1942.0,32.367,SUNLIT,1.0,55.0,25.659,6.5,6.5,13.0,12.659,56.3574,93.93,6.07,16.55,-0.723,COMMS_DOWNLINK_PASS
1943.0,32.383,SUNLIT,1.0,55.0,25.654,6.5,6.5,13.0,12.654,56.3607,93.93,6.07,16.55,-0.723,COMMS_DOWNLINK_PASS
1944.0,32.4,SUNLIT,1.0,55.0,25.649,6.5,6.5,13.0,12.649,56.364,93.94,6.06,16.55,-0.722,COMMS_DOWNLINK_PASS
1945.0,32.417,SUNLIT,1.0,55.0,25.645,6.5,6.5,13.0,12.645,56.3673,93.95,6.05,16.551,-0.722,COMMS_DOWNLINK_PASS
1946.0,32.433,SUNLIT,1.0,55.0,25.64,6.5,6.5,13.0,12.64,56.3706,93.95,6.05,16.551,-0.722,COMMS_DOWNLINK_PASS
1947.0,32.45,SUNLIT,1.0,55.0,25.635,6.5,6.5,13.0,12.635,56.3739,93.96,6.04,16.551,-0.721,COMMS_DOWNLINK_PASS
1948.0,32.467,SUNLIT,1.0,55.0,25.631,6.5,6.5,13.0,12.631,56.3772,93.96,6.04,16.551,-0.721,COMMS_DOWNLINK_PASS
1949.0,32.483,SUNLIT,1.0,55.0,25.626,6.5,6.5,13.0,12.626,56.3805,93.97,6.03,16.552,-0.721,COMMS_DOWNLINK_PASS
1950.0,32.5,SUNLIT,1.0,55.0,25.621,6.5,6.5,13.0,12.621,56.3838,93.97,6.03,16.552,-0.721,COMMS_DOWNLINK_PASS
1951.0,32.517,SUNLIT,1.0,55.0,25.617,6.5,6.5,13.0,12.617,56.3871,93.98,6.02,16.552,-0.72,COMMS_DOWNLINK_PASS
1952.0,32.533,SUNLIT,1.0,55.0,25.612,6.5,6.5,13.0,12.612,56.3904,93.98,6.02,16.552,-0.72,COMMS_DOWNLINK_PASS
1953.0,32.55,SUNLIT,1.0,55.0,25.607,6.5,6.5,13.0,12.607,56.3937,93.99,6.01,16.553,-0.72,COMMS_DOWNLINK_PASS
1954.0,32.567,SUNLIT,1.0,55.0,25.602,6.5,6.5,13.0,12.602,56.397,93.99,6.01,16.553,-0.719,COMMS_DOWNLINK_PASS
1955.0,32.583,SUNLIT,1.0,55.0,25.597,6.5,6.5,13.0,12.597,56.4002,94.0,6.0,16.553,-0.719,COMMS_DOWNLINK_PASS
1956.0,32.6,SUNLIT,1.0,55.0,25.592,6.5,6.5,13.0,12.592,56.4035,94.01,5.99,16.553,-0.719,COMMS_DOWNLINK_PASS
1957.0,32.617,SUNLIT,1.0,55.0,25.587,6.5,6.5,13.0,12.587,56.4068,94.01,5.99,16.554,-0.719,COMMS_DOWNLINK_PASS
1958.0,32.633,SUNLIT,1.0,55.0,25.582,6.5,6.5,13.0,12.582,56.4101,94.02,5.98,16.554,-0.718,COMMS_DOWNLINK_PASS
1959.0,32.65,SUNLIT,1.0,55.0,25.578,6.5,6.5,13.0,12.578,56.4134,94.02,5.98,16.554,-0.718,COMMS_DOWNLINK_PASS
1960.0,32.667,SUNLIT,1.0,55.0,25.573,6.5,6.5,13.0,12.573,56.4167,94.03,5.97,16.555,-0.718,COMMS_DOWNLINK_PASS
1961.0,32.683,SUNLIT,1.0,55.0,25.568,6.5,6.5,13.0,12.568,56.42,94.03,5.97,16.555,-0.717,COMMS_DOWNLINK_PASS
1962.0,32.7,SUNLIT,1.0,55.0,25.563,6.5,6.5,13.0,12.563,56.4232,94.04,5.96,16.555,-0.717,COMMS_DOWNLINK_PASS
1963.0,32.717,SUNLIT,1.0,55.0,25.558,6.5,6.5,13.0,12.558,56.4265,94.04,5.96,16.555,-0.717,COMMS_DOWNLINK_PASS
1964.0,32.733,SUNLIT,1.0,55.0,25.553,6.5,6.5,13.0,12.553,56.4298,94.05,5.95,16.556,-0.716,COMMS_DOWNLINK_PASS
1965.0,32.75,SUNLIT,1.0,55.0,25.547,6.5,6.5,13.0,12.547,56.4331,94.06,5.94,16.556,-0.716,COMMS_DOWNLINK_PASS
1966.0,32.767,SUNLIT,1.0,55.0,25.542,6.5,6.5,13.0,12.542,56.4363,94.06,5.94,16.556,-0.716,COMMS_DOWNLINK_PASS
1967.0,32.783,SUNLIT,1.0,55.0,25.537,6.5,6.5,13.0,12.537,56.4396,94.07,5.93,16.556,-0.716,COMMS_DOWNLINK_PASS
1968.0,32.8,SUNLIT,1.0,55.0,25.532,6.5,6.5,13.0,12.532,56.4429,94.07,5.93,16.557,-0.715,COMMS_DOWNLINK_PASS
1969.0,32.817,SUNLIT,1.0,55.0,25.527,6.5,6.5,13.0,12.527,56.4462,94.08,5.92,16.557,-0.715,COMMS_DOWNLINK_PASS
1970.0,32.833,SUNLIT,1.0,55.0,25.522,6.5,6.5,13.0,12.522,56.4494,94.08,5.92,16.557,-0.715,COMMS_DOWNLINK_PASS
1971.0,32.85,SUNLIT,1.0,55.0,25.517,6.5,6.5,13.0,12.517,56.4527,94.09,5.91,16.557,-0.714,COMMS_DOWNLINK_PASS
1972.0,32.867,SUNLIT,1.0,55.0,25.511,6.5,6.5,13.0,12.511,56.456,94.09,5.91,16.558,-0.714,COMMS_DOWNLINK_PASS
1973.0,32.883,SUNLIT,1.0,55.0,25.506,6.5,6.5,13.0,12.506,56.4592,94.1,5.9,16.558,-0.714,COMMS_DOWNLINK_PASS
1974.0,32.9,SUNLIT,1.0,55.0,25.501,6.5,6.5,13.0,12.501,56.4625,94.1,5.9,16.558,-0.713,COMMS_DOWNLINK_PASS
1975.0,32.917,SUNLIT,1.0,55.0,25.496,6.5,6.5,13.0,12.496,56.4658,94.11,5.89,16.558,-0.713,COMMS_DOWNLINK_PASS
1976.0,32.933,SUNLIT,1.0,55.0,25.49,6.5,6.5,13.0,12.49,56.469,94.12,5.88,16.559,-0.713,COMMS_DOWNLINK_PASS
1977.0,32.95,SUNLIT,1.0,55.0,25.485,6.5,6.5,13.0,12.485,56.4723,94.12,5.88,16.559,-0.712,COMMS_DOWNLINK_PASS
1978.0,32.967,SUNLIT,1.0,55.0,25.48,6.5,6.5,13.0,12.48,56.4755,94.13,5.87,16.559,-0.712,COMMS_DOWNLINK_PASS
1979.0,32.983,SUNLIT,1.0,55.0,25.474,6.5,6.5,13.0,12.474,56.4788,94.13,5.87,16.56,-0.712,COMMS_DOWNLINK_PASS
1980.0,33.0,SUNLIT,1.0,55.0,25.469,6.5,6.5,13.0,12.469,56.4821,94.14,5.86,16.56,-0.711,COMMS_DOWNLINK_PASS
1981.0,33.017,SUNLIT,1.0,55.0,25.463,6.5,6.5,13.0,12.463,56.4853,94.14,5.86,16.56,-0.711,COMMS_DOWNLINK_PASS
1982.0,33.033,SUNLIT,1.0,55.0,25.458,6.5,6.5,13.0,12.458,56.4886,94.15,5.85,16.56,-0.711,COMMS_DOWNLINK_PASS
1983.0,33.05,SUNLIT,1.0,55.0,25.453,6.5,6.5,13.0,12.453,56.4918,94.15,5.85,16.561,-0.71,COMMS_DOWNLINK_PASS
1984.0,33.067,SUNLIT,1.0,55.0,25.447,6.5,6.5,13.0,12.447,56.4951,94.16,5.84,16.561,-0.71,COMMS_DOWNLINK_PASS
1985.0,33.083,SUNLIT,1.0,55.0,25.442,6.5,6.5,13.0,12.442,56.4983,94.16,5.84,16.561,-0.71,COMMS_DOWNLINK_PASS
1986.0,33.1,SUNLIT,1.0,55.0,25.436,6.5,6.5,13.0,12.436,56.5016,94.17,5.83,16.561,-0.71,COMMS_DOWNLINK_PASS
1987.0,33.117,SUNLIT,1.0,55.0,25.431,6.5,6.5,13.0,12.431,56.5048,94.17,5.83,16.562,-0.709,COMMS_DOWNLINK_PASS
1988.0,33.133,SUNLIT,1.0,55.0,25.425,6.5,6.5,13.0,12.425,56.508,94.18,5.82,16.562,-0.709,COMMS_DOWNLINK_PASS
1989.0,33.15,SUNLIT,1.0,55.0,25.419,6.5,6.5,13.0,12.419,56.5113,94.19,5.81,16.562,-0.709,COMMS_DOWNLINK_PASS
1990.0,33.167,SUNLIT,1.0,55.0,25.414,6.5,6.5,13.0,12.414,56.5145,94.19,5.81,16.562,-0.708,COMMS_DOWNLINK_PASS
1991.0,33.183,SUNLIT,1.0,55.0,25.408,6.5,6.5,13.0,12.408,56.5178,94.2,5.8,16.563,-0.708,COMMS_DOWNLINK_PASS
1992.0,33.2,SUNLIT,1.0,55.0,25.403,6.5,6.5,13.0,12.403,56.521,94.2,5.8,16.563,-0.708,COMMS_DOWNLINK_PASS
1993.0,33.217,SUNLIT,1.0,55.0,25.397,6.5,6.5,13.0,12.397,56.5242,94.21,5.79,16.563,-0.707,COMMS_DOWNLINK_PASS
1994.0,33.233,SUNLIT,1.0,55.0,25.391,6.5,6.5,13.0,12.391,56.5275,94.21,5.79,16.563,-0.707,COMMS_DOWNLINK_PASS
1995.0,33.25,SUNLIT,1.0,55.0,25.385,6.5,6.5,13.0,12.385,56.5307,94.22,5.78,16.564,-0.707,COMMS_DOWNLINK_PASS
1996.0,33.267,SUNLIT,1.0,55.0,25.38,6.5,6.5,13.0,12.38,56.5339,94.22,5.78,16.564,-0.706,COMMS_DOWNLINK_PASS
1997.0,33.283,SUNLIT,1.0,55.0,25.374,6.5,6.5,13.0,12.374,56.5372,94.23,5.77,16.564,-0.706,COMMS_DOWNLINK_PASS
1998.0,33.3,SUNLIT,1.0,55.0,25.368,6.5,6.5,13.0,12.368,56.5404,94.23,5.77,16.564,-0.705,COMMS_DOWNLINK_PASS
1999.0,33.317,SUNLIT,1.0,55.0,25.362,6.5,6.5,13.0,12.362,56.5436,94.24,5.76,16.565,-0.705,COMMS_DOWNLINK_PASS
2000.0,33.333,SUNLIT,1.0,55.0,25.357,6.5,6.5,13.0,12.357,56.5469,94.24,5.76,16.565,-0.705,COMMS_DOWNLINK_PASS
2001.0,33.35,SUNLIT,1.0,55.0,25.351,6.5,6.5,13.0,12.351,56.5501,94.25,5.75,16.565,-0.704,COMMS_DOWNLINK_PASS
2002.0,33.367,SUNLIT,1.0,55.0,25.345,6.5,6.5,13.0,12.345,56.5533,94.26,5.74,16.565,-0.704,COMMS_DOWNLINK_PASS
2003.0,33.383,SUNLIT,1.0,55.0,25.339,6.5,6.5,13.0,12.339,56.5565,94.26,5.74,16.566,-0.704,COMMS_DOWNLINK_PASS
2004.0,33.4,SUNLIT,1.0,55.0,25.333,6.5,6.5,13.0,12.333,56.5598,94.27,5.73,16.566,-0.703,COMMS_DOWNLINK_PASS
2005.0,33.417,SUNLIT,1.0,55.0,25.327,6.5,6.5,13.0,12.327,56.563,94.27,5.73,16.566,-0.703,COMMS_DOWNLINK_PASS
2006.0,33.433,SUNLIT,1.0,55.0,25.321,6.5,6.5,13.0,12.321,56.5662,94.28,5.72,16.566,-0.703,COMMS_DOWNLINK_PASS
2007.0,33.45,SUNLIT,1.0,55.0,25.315,6.5,6.5,13.0,12.315,56.5694,94.28,5.72,16.567,-0.702,COMMS_DOWNLINK_PASS
2008.0,33.467,SUNLIT,1.0,55.0,25.309,6.5,6.5,13.0,12.309,56.5726,94.29,5.71,16.567,-0.702,COMMS_DOWNLINK_PASS
2009.0,33.483,SUNLIT,1.0,55.0,25.303,6.5,6.5,13.0,12.303,56.5758,94.29,5.71,16.567,-0.702,COMMS_DOWNLINK_PASS
2010.0,33.5,SUNLIT,1.0,55.0,25.297,6.5,6.5,13.0,12.297,56.579,94.3,5.7,16.567,-0.701,COMMS_DOWNLINK_PASS
2011.0,33.517,SUNLIT,1.0,55.0,25.291,6.5,6.5,13.0,12.291,56.5823,94.3,5.7,16.568,-0.701,COMMS_DOWNLINK_PASS
2012.0,33.533,SUNLIT,1.0,55.0,25.285,6.5,6.5,13.0,12.285,56.5855,94.31,5.69,16.568,-0.701,COMMS_DOWNLINK_PASS
2013.0,33.55,SUNLIT,1.0,55.0,25.279,6.5,6.5,13.0,12.279,56.5887,94.31,5.69,16.568,-0.7,COMMS_DOWNLINK_PASS
2014.0,33.567,SUNLIT,1.0,55.0,25.273,6.5,6.5,13.0,12.273,56.5919,94.32,5.68,16.568,-0.7,COMMS_DOWNLINK_PASS
2015.0,33.583,SUNLIT,1.0,55.0,25.267,6.5,6.5,13.0,12.267,56.5951,94.33,5.67,16.569,-0.7,COMMS_DOWNLINK_PASS
2016.0,33.6,SUNLIT,1.0,55.0,25.261,6.5,6.5,13.0,12.261,56.5983,94.33,5.67,16.569,-0.699,COMMS_DOWNLINK_PASS
2017.0,33.617,SUNLIT,1.0,55.0,25.255,6.5,6.5,13.0,12.255,56.6015,94.34,5.66,16.569,-0.699,COMMS_DOWNLINK_PASS
2018.0,33.633,SUNLIT,1.0,55.0,25.249,6.5,6.5,13.0,12.249,56.6047,94.34,5.66,16.569,-0.698,COMMS_DOWNLINK_PASS
2019.0,33.65,SUNLIT,1.0,55.0,25.242,6.5,6.5,13.0,12.242,56.6079,94.35,5.65,16.57,-0.698,COMMS_DOWNLINK_PASS
2020.0,33.667,SUNLIT,1.0,55.0,25.236,6.5,6.5,13.0,12.236,56.6111,94.35,5.65,16.57,-0.698,COMMS_DOWNLINK_PASS
2021.0,33.683,SUNLIT,1.0,55.0,25.23,6.5,6.5,13.0,12.23,56.6143,94.36,5.64,16.57,-0.697,COMMS_DOWNLINK_PASS
2022.0,33.7,SUNLIT,1.0,55.0,25.224,6.5,6.5,13.0,12.224,56.6175,94.36,5.64,16.57,-0.697,COMMS_DOWNLINK_PASS
2023.0,33.717,SUNLIT,1.0,55.0,25.217,6.5,6.5,13.0,12.217,56.6206,94.37,5.63,16.571,-0.697,COMMS_DOWNLINK_PASS
2024.0,33.733,SUNLIT,1.0,55.0,25.211,6.5,6.5,13.0,12.211,56.6238,94.37,5.63,16.571,-0.696,COMMS_DOWNLINK_PASS
2025.0,33.75,SUNLIT,1.0,55.0,25.205,6.5,6.5,13.0,12.205,56.627,94.38,5.62,16.571,-0.696,COMMS_DOWNLINK_PASS
2026.0,33.767,SUNLIT,1.0,55.0,25.198,6.5,6.5,13.0,12.198,56.6302,94.38,5.62,16.571,-0.695,COMMS_DOWNLINK_PASS
2027.0,33.783,SUNLIT,1.0,55.0,25.192,6.5,6.5,13.0,12.192,56.6334,94.39,5.61,16.572,-0.695,COMMS_DOWNLINK_PASS
2028.0,33.8,SUNLIT,1.0,55.0,25.186,6.5,6.5,13.0,12.186,56.6366,94.39,5.61,16.572,-0.695,COMMS_DOWNLINK_PASS
2029.0,33.817,SUNLIT,1.0,55.0,25.179,6.5,6.5,13.0,12.179,56.6397,94.4,5.6,16.572,-0.694,COMMS_DOWNLINK_PASS
2030.0,33.833,SUNLIT,1.0,55.0,25.173,6.5,6.5,13.0,12.173,56.6429,94.4,5.6,16.572,-0.694,COMMS_DOWNLINK_PASS
2031.0,33.85,SUNLIT,1.0,55.0,25.166,6.5,6.5,13.0,12.166,56.6461,94.41,5.59,16.573,-0.694,COMMS_DOWNLINK_PASS
2032.0,33.867,SUNLIT,1.0,55.0,25.16,6.5,6.5,13.0,12.16,56.6493,94.42,5.58,16.573,-0.693,COMMS_DOWNLINK_PASS
2033.0,33.883,SUNLIT,1.0,55.0,25.153,6.5,6.5,13.0,12.153,56.6524,94.42,5.58,16.573,-0.693,COMMS_DOWNLINK_PASS
2034.0,33.9,SUNLIT,1.0,55.0,25.147,6.5,6.5,13.0,12.147,56.6556,94.43,5.57,16.573,-0.692,COMMS_DOWNLINK_PASS
2035.0,33.917,SUNLIT,1.0,55.0,25.14,6.5,6.5,13.0,12.14,56.6588,94.43,5.57,16.574,-0.692,COMMS_DOWNLINK_PASS
2036.0,33.933,SUNLIT,1.0,55.0,25.134,6.5,6.5,13.0,12.134,56.662,94.44,5.56,16.574,-0.692,COMMS_DOWNLINK_PASS
2037.0,33.95,SUNLIT,1.0,55.0,25.127,6.5,6.5,13.0,12.127,56.6651,94.44,5.56,16.574,-0.691,COMMS_DOWNLINK_PASS
2038.0,33.967,SUNLIT,1.0,55.0,25.12,6.5,6.5,13.0,12.12,56.6683,94.45,5.55,16.574,-0.691,COMMS_DOWNLINK_PASS
2039.0,33.983,SUNLIT,1.0,55.0,25.114,6.5,6.5,13.0,12.114,56.6715,94.45,5.55,16.575,-0.69,COMMS_DOWNLINK_PASS
2040.0,34.0,SUNLIT,1.0,55.0,25.107,6.5,6.5,13.0,12.107,56.6746,94.46,5.54,16.575,-0.69,COMMS_DOWNLINK_PASS
2041.0,34.017,SUNLIT,1.0,55.0,25.101,6.5,6.5,13.0,12.101,56.6778,94.46,5.54,16.575,-0.69,COMMS_DOWNLINK_PASS
2042.0,34.033,SUNLIT,1.0,55.0,25.094,6.5,6.5,13.0,12.094,56.6809,94.47,5.53,16.575,-0.689,COMMS_DOWNLINK_PASS
2043.0,34.05,SUNLIT,1.0,55.0,25.087,6.5,6.5,13.0,12.087,56.6841,94.47,5.53,16.576,-0.689,COMMS_DOWNLINK_PASS
2044.0,34.067,SUNLIT,1.0,55.0,25.08,6.5,6.5,13.0,12.08,56.6872,94.48,5.52,16.576,-0.689,COMMS_DOWNLINK_PASS
2045.0,34.083,SUNLIT,1.0,55.0,25.074,6.5,6.5,13.0,12.074,56.6904,94.48,5.52,16.576,-0.688,COMMS_DOWNLINK_PASS
2046.0,34.1,SUNLIT,1.0,55.0,25.067,6.5,6.5,13.0,12.067,56.6935,94.49,5.51,16.576,-0.688,COMMS_DOWNLINK_PASS
2047.0,34.117,SUNLIT,1.0,55.0,25.06,6.5,6.5,13.0,12.06,56.6967,94.49,5.51,16.577,-0.687,COMMS_DOWNLINK_PASS
2048.0,34.133,SUNLIT,1.0,55.0,25.053,6.5,6.5,13.0,12.053,56.6998,94.5,5.5,16.577,-0.687,COMMS_DOWNLINK_PASS
2049.0,34.15,SUNLIT,1.0,55.0,25.047,6.5,6.5,13.0,12.047,56.703,94.5,5.5,16.577,-0.687,COMMS_DOWNLINK_PASS
2050.0,34.167,SUNLIT,1.0,55.0,25.04,6.5,6.5,13.0,12.04,56.7061,94.51,5.49,16.577,-0.686,COMMS_DOWNLINK_PASS
2051.0,34.183,SUNLIT,1.0,55.0,25.033,6.5,6.5,13.0,12.033,56.7093,94.52,5.48,16.578,-0.686,COMMS_DOWNLINK_PASS
2052.0,34.2,SUNLIT,1.0,55.0,25.026,6.5,6.5,13.0,12.026,56.7124,94.52,5.48,16.578,-0.685,COMMS_DOWNLINK_PASS
2053.0,34.217,SUNLIT,1.0,55.0,25.019,6.5,6.5,13.0,12.019,56.7156,94.53,5.47,16.578,-0.685,COMMS_DOWNLINK_PASS
2054.0,34.233,SUNLIT,1.0,55.0,25.012,6.5,6.5,13.0,12.012,56.7187,94.53,5.47,16.578,-0.684,COMMS_DOWNLINK_PASS
2055.0,34.25,SUNLIT,1.0,55.0,25.005,6.5,6.5,13.0,12.005,56.7218,94.54,5.46,16.579,-0.684,COMMS_DOWNLINK_PASS
2056.0,34.267,SUNLIT,1.0,55.0,24.998,6.5,6.5,13.0,11.998,56.725,94.54,5.46,16.579,-0.684,COMMS_DOWNLINK_PASS
2057.0,34.283,SUNLIT,1.0,55.0,24.991,6.5,6.5,13.0,11.991,56.7281,94.55,5.45,16.579,-0.683,COMMS_DOWNLINK_PASS
2058.0,34.3,SUNLIT,1.0,55.0,24.984,6.5,6.5,13.0,11.984,56.7312,94.55,5.45,16.579,-0.683,COMMS_DOWNLINK_PASS
2059.0,34.317,SUNLIT,1.0,55.0,24.977,6.5,6.5,13.0,11.977,56.7343,94.56,5.44,16.579,-0.682,COMMS_DOWNLINK_PASS
2060.0,34.333,SUNLIT,1.0,55.0,24.97,6.5,6.5,13.0,11.97,56.7375,94.56,5.44,16.58,-0.682,COMMS_DOWNLINK_PASS
2061.0,34.35,SUNLIT,1.0,55.0,24.963,6.5,6.5,13.0,11.963,56.7406,94.57,5.43,16.58,-0.682,COMMS_DOWNLINK_PASS
2062.0,34.367,SUNLIT,1.0,55.0,24.956,6.5,6.5,13.0,11.956,56.7437,94.57,5.43,16.58,-0.681,COMMS_DOWNLINK_PASS
2063.0,34.383,SUNLIT,1.0,55.0,24.949,6.5,6.5,13.0,11.949,56.7468,94.58,5.42,16.58,-0.681,COMMS_DOWNLINK_PASS
2064.0,34.4,SUNLIT,1.0,55.0,24.942,6.5,6.5,13.0,11.942,56.75,94.58,5.42,16.581,-0.68,COMMS_DOWNLINK_PASS
2065.0,34.417,SUNLIT,1.0,55.0,24.934,6.5,6.5,13.0,11.934,56.7531,94.59,5.41,16.581,-0.68,COMMS_DOWNLINK_PASS
2066.0,34.433,SUNLIT,1.0,55.0,24.927,6.5,6.5,13.0,11.927,56.7562,94.59,5.41,16.581,-0.68,COMMS_DOWNLINK_PASS
2067.0,34.45,SUNLIT,1.0,55.0,24.92,6.5,6.5,13.0,11.92,56.7593,94.6,5.4,16.581,-0.679,COMMS_DOWNLINK_PASS
2068.0,34.467,SUNLIT,1.0,55.0,24.913,6.5,6.5,13.0,11.913,56.7624,94.6,5.4,16.582,-0.679,COMMS_DOWNLINK_PASS
2069.0,34.483,SUNLIT,1.0,55.0,24.906,6.5,6.5,13.0,11.906,56.7655,94.61,5.39,16.582,-0.678,COMMS_DOWNLINK_PASS
2070.0,34.5,SUNLIT,1.0,55.0,24.898,6.5,6.5,13.0,11.898,56.7686,94.61,5.39,16.582,-0.678,COMMS_DOWNLINK_PASS
2071.0,34.517,SUNLIT,1.0,55.0,24.891,6.5,6.5,13.0,11.891,56.7717,94.62,5.38,16.582,-0.677,COMMS_DOWNLINK_PASS
2072.0,34.533,SUNLIT,1.0,55.0,24.884,6.5,6.5,13.0,11.884,56.7748,94.62,5.38,16.583,-0.677,COMMS_DOWNLINK_PASS
2073.0,34.55,SUNLIT,1.0,55.0,24.876,6.5,6.5,13.0,11.876,56.7779,94.63,5.37,16.583,-0.677,COMMS_DOWNLINK_PASS
2074.0,34.567,SUNLIT,1.0,55.0,24.869,6.5,6.5,13.0,11.869,56.781,94.64,5.36,16.583,-0.676,COMMS_DOWNLINK_PASS
2075.0,34.583,SUNLIT,1.0,55.0,24.862,6.5,6.5,13.0,11.862,56.7841,94.64,5.36,16.583,-0.676,COMMS_DOWNLINK_PASS
2076.0,34.6,SUNLIT,1.0,55.0,24.854,6.5,6.5,13.0,11.854,56.7872,94.65,5.35,16.583,-0.675,COMMS_DOWNLINK_PASS
2077.0,34.617,SUNLIT,1.0,55.0,24.847,6.5,6.5,13.0,11.847,56.7903,94.65,5.35,16.584,-0.675,COMMS_DOWNLINK_PASS
2078.0,34.633,SUNLIT,1.0,55.0,24.84,6.5,6.5,13.0,11.84,56.7934,94.66,5.34,16.584,-0.674,COMMS_DOWNLINK_PASS
2079.0,34.65,SUNLIT,1.0,55.0,24.832,6.5,6.5,13.0,11.832,56.7965,94.66,5.34,16.584,-0.674,COMMS_DOWNLINK_PASS
2080.0,34.667,SUNLIT,1.0,55.0,24.825,6.5,6.5,13.0,11.825,56.7996,94.67,5.33,16.584,-0.674,COMMS_DOWNLINK_PASS
2081.0,34.683,SUNLIT,1.0,55.0,24.817,6.5,6.5,13.0,11.817,56.8027,94.67,5.33,16.585,-0.673,COMMS_DOWNLINK_PASS
2082.0,34.7,SUNLIT,1.0,55.0,24.81,6.5,6.5,13.0,11.81,56.8058,94.68,5.32,16.585,-0.673,COMMS_DOWNLINK_PASS
2083.0,34.717,SUNLIT,1.0,55.0,24.802,6.5,6.5,13.0,11.802,56.8088,94.68,5.32,16.585,-0.672,COMMS_DOWNLINK_PASS
2084.0,34.733,SUNLIT,1.0,55.0,24.795,6.5,6.5,13.0,11.795,56.8119,94.69,5.31,16.585,-0.672,COMMS_DOWNLINK_PASS
2085.0,34.75,SUNLIT,1.0,55.0,24.787,6.5,6.5,13.0,11.787,56.815,94.69,5.31,16.586,-0.671,COMMS_DOWNLINK_PASS
2086.0,34.767,SUNLIT,1.0,55.0,24.779,6.5,6.5,13.0,11.779,56.8181,94.7,5.3,16.586,-0.671,COMMS_DOWNLINK_PASS
2087.0,34.783,SUNLIT,1.0,55.0,24.772,6.5,6.5,13.0,11.772,56.8211,94.7,5.3,16.586,-0.67,COMMS_DOWNLINK_PASS
2088.0,34.8,SUNLIT,1.0,55.0,24.764,6.5,6.5,13.0,11.764,56.8242,94.71,5.29,16.586,-0.67,COMMS_DOWNLINK_PASS
2089.0,34.817,SUNLIT,1.0,55.0,24.756,6.5,6.5,13.0,11.756,56.8273,94.71,5.29,16.586,-0.67,COMMS_DOWNLINK_PASS
2090.0,34.833,SUNLIT,1.0,55.0,24.749,6.5,6.5,13.0,11.749,56.8304,94.72,5.28,16.587,-0.669,COMMS_DOWNLINK_PASS
2091.0,34.85,SUNLIT,1.0,55.0,24.741,6.5,6.5,13.0,11.741,56.8334,94.72,5.28,16.587,-0.669,COMMS_DOWNLINK_PASS
2092.0,34.867,SUNLIT,1.0,55.0,24.733,6.5,6.5,13.0,11.733,56.8365,94.73,5.27,16.587,-0.668,COMMS_DOWNLINK_PASS
2093.0,34.883,SUNLIT,1.0,55.0,24.726,6.5,6.5,13.0,11.726,56.8395,94.73,5.27,16.587,-0.668,COMMS_DOWNLINK_PASS
2094.0,34.9,SUNLIT,1.0,55.0,24.718,6.5,6.5,13.0,11.718,56.8426,94.74,5.26,16.588,-0.667,COMMS_DOWNLINK_PASS
2095.0,34.917,SUNLIT,1.0,55.0,24.71,6.5,6.5,13.0,11.71,56.8457,94.74,5.26,16.588,-0.667,COMMS_DOWNLINK_PASS
2096.0,34.933,SUNLIT,1.0,55.0,24.702,6.5,6.5,13.0,11.702,56.8487,94.75,5.25,16.588,-0.666,COMMS_DOWNLINK_PASS
2097.0,34.95,SUNLIT,1.0,55.0,24.695,6.5,6.5,13.0,11.695,56.8518,94.75,5.25,16.588,-0.666,COMMS_DOWNLINK_PASS
2098.0,34.967,SUNLIT,1.0,55.0,24.687,6.5,6.5,13.0,11.687,56.8548,94.76,5.24,16.589,-0.665,COMMS_DOWNLINK_PASS
2099.0,34.983,SUNLIT,1.0,55.0,24.679,6.5,6.5,13.0,11.679,56.8579,94.76,5.24,16.589,-0.665,COMMS_DOWNLINK_PASS
2100.0,35.0,SUNLIT,1.0,55.0,24.671,6.5,6.5,13.0,11.671,56.8609,94.77,5.23,16.589,-0.665,COMMS_DOWNLINK_PASS
2101.0,35.017,SUNLIT,1.0,55.0,24.663,6.5,6.5,13.0,11.663,56.864,94.77,5.23,16.589,-0.664,COMMS_DOWNLINK_PASS
2102.0,35.033,SUNLIT,1.0,55.0,24.655,6.5,6.5,13.0,11.655,56.867,94.78,5.22,16.589,-0.664,COMMS_DOWNLINK_PASS
2103.0,35.05,SUNLIT,1.0,55.0,24.647,6.5,6.5,13.0,11.647,56.87,94.78,5.22,16.59,-0.663,COMMS_DOWNLINK_PASS
2104.0,35.067,SUNLIT,1.0,55.0,24.639,6.5,6.5,13.0,11.639,56.8731,94.79,5.21,16.59,-0.663,COMMS_DOWNLINK_PASS
2105.0,35.083,SUNLIT,1.0,55.0,24.631,6.5,6.5,13.0,11.631,56.8761,94.79,5.21,16.59,-0.662,COMMS_DOWNLINK_PASS
2106.0,35.1,SUNLIT,1.0,55.0,24.623,6.5,6.5,13.0,11.623,56.8792,94.8,5.2,16.59,-0.662,COMMS_DOWNLINK_PASS
2107.0,35.117,SUNLIT,1.0,55.0,24.615,6.5,6.5,13.0,11.615,56.8822,94.8,5.2,16.591,-0.661,COMMS_DOWNLINK_PASS
2108.0,35.133,SUNLIT,1.0,55.0,24.607,6.5,6.5,13.0,11.607,56.8852,94.81,5.19,16.591,-0.661,COMMS_DOWNLINK_PASS
2109.0,35.15,SUNLIT,1.0,55.0,24.599,6.5,6.5,13.0,11.599,56.8883,94.81,5.19,16.591,-0.66,COMMS_DOWNLINK_PASS
2110.0,35.167,SUNLIT,1.0,55.0,24.591,6.5,6.5,13.0,11.591,56.8913,94.82,5.18,16.591,-0.66,COMMS_DOWNLINK_PASS
2111.0,35.183,SUNLIT,1.0,55.0,24.583,6.5,6.5,13.0,11.583,56.8943,94.82,5.18,16.591,-0.659,COMMS_DOWNLINK_PASS
2112.0,35.2,SUNLIT,1.0,55.0,24.575,6.5,6.5,13.0,11.575,56.8973,94.83,5.17,16.592,-0.659,COMMS_DOWNLINK_PASS
2113.0,35.217,SUNLIT,1.0,55.0,24.567,6.5,6.5,13.0,11.567,56.9003,94.83,5.17,16.592,-0.658,COMMS_DOWNLINK_PASS
2114.0,35.233,SUNLIT,1.0,55.0,24.559,6.5,6.5,13.0,11.559,56.9034,94.84,5.16,16.592,-0.658,COMMS_DOWNLINK_PASS
2115.0,35.25,SUNLIT,1.0,55.0,24.55,6.5,6.5,13.0,11.55,56.9064,94.84,5.16,16.592,-0.657,COMMS_DOWNLINK_PASS
2116.0,35.267,SUNLIT,1.0,55.0,24.542,6.5,6.5,13.0,11.542,56.9094,94.85,5.15,16.593,-0.657,COMMS_DOWNLINK_PASS
2117.0,35.283,SUNLIT,1.0,55.0,24.534,6.5,6.5,13.0,11.534,56.9124,94.85,5.15,16.593,-0.657,COMMS_DOWNLINK_PASS
2118.0,35.3,SUNLIT,1.0,55.0,24.526,6.5,6.5,13.0,11.526,56.9154,94.86,5.14,16.593,-0.656,COMMS_DOWNLINK_PASS
2119.0,35.317,SUNLIT,1.0,55.0,24.517,6.5,6.5,13.0,11.517,56.9184,94.86,5.14,16.593,-0.656,COMMS_DOWNLINK_PASS
2120.0,35.333,SUNLIT,1.0,55.0,24.509,6.5,6.5,13.0,11.509,56.9214,94.87,5.13,16.593,-0.655,COMMS_DOWNLINK_PASS
2121.0,35.35,SUNLIT,1.0,55.0,24.501,6.5,6.5,13.0,11.501,56.9244,94.87,5.13,16.594,-0.655,COMMS_DOWNLINK_PASS
2122.0,35.367,SUNLIT,1.0,55.0,24.493,6.5,6.5,13.0,11.493,56.9274,94.88,5.12,16.594,-0.654,COMMS_DOWNLINK_PASS
2123.0,35.383,SUNLIT,1.0,55.0,24.484,6.5,6.5,13.0,11.484,56.9304,94.88,5.12,16.594,-0.654,COMMS_DOWNLINK_PASS
2124.0,35.4,SUNLIT,1.0,55.0,24.476,6.5,6.5,13.0,11.476,56.9334,94.89,5.11,16.594,-0.653,COMMS_DOWNLINK_PASS
2125.0,35.417,SUNLIT,1.0,55.0,24.467,6.5,6.5,13.0,11.467,56.9364,94.89,5.11,16.594,-0.653,COMMS_DOWNLINK_PASS
2126.0,35.433,SUNLIT,1.0,55.0,24.459,6.5,6.5,13.0,11.459,56.9394,94.9,5.1,16.595,-0.652,COMMS_DOWNLINK_PASS
2127.0,35.45,SUNLIT,1.0,55.0,24.451,6.5,6.5,13.0,11.451,56.9424,94.9,5.1,16.595,-0.652,COMMS_DOWNLINK_PASS
2128.0,35.467,SUNLIT,1.0,55.0,24.442,6.5,6.5,13.0,11.442,56.9454,94.91,5.09,16.595,-0.651,COMMS_DOWNLINK_PASS
2129.0,35.483,SUNLIT,1.0,55.0,24.434,6.5,6.5,13.0,11.434,56.9484,94.91,5.09,16.595,-0.651,COMMS_DOWNLINK_PASS
2130.0,35.5,SUNLIT,1.0,55.0,24.425,6.5,6.5,13.0,11.425,56.9514,94.92,5.08,16.596,-0.65,COMMS_DOWNLINK_PASS
2131.0,35.517,SUNLIT,1.0,55.0,24.417,6.5,6.5,13.0,11.417,56.9543,94.92,5.08,16.596,-0.65,COMMS_DOWNLINK_PASS
2132.0,35.533,SUNLIT,1.0,55.0,24.408,6.5,6.5,13.0,11.408,56.9573,94.93,5.07,16.596,-0.649,COMMS_DOWNLINK_PASS
2133.0,35.55,SUNLIT,1.0,55.0,24.4,6.5,6.5,13.0,11.4,56.9603,94.93,5.07,16.596,-0.649,COMMS_DOWNLINK_PASS
2134.0,35.567,SUNLIT,1.0,55.0,24.391,6.5,6.5,13.0,11.391,56.9633,94.94,5.06,16.596,-0.648,COMMS_DOWNLINK_PASS
2135.0,35.583,SUNLIT,1.0,55.0,24.382,6.5,6.5,13.0,11.382,56.9662,94.94,5.06,16.597,-0.648,COMMS_DOWNLINK_PASS
2136.0,35.6,SUNLIT,1.0,55.0,24.374,6.5,6.5,13.0,11.374,56.9692,94.95,5.05,16.597,-0.647,COMMS_DOWNLINK_PASS
2137.0,35.617,SUNLIT,1.0,55.0,24.365,6.5,6.5,13.0,11.365,56.9722,94.95,5.05,16.597,-0.647,COMMS_DOWNLINK_PASS
2138.0,35.633,SUNLIT,1.0,55.0,24.357,6.5,6.5,13.0,11.357,56.9751,94.96,5.04,16.597,-0.646,COMMS_DOWNLINK_PASS
2139.0,35.65,SUNLIT,1.0,55.0,24.348,6.5,6.5,13.0,11.348,56.9781,94.96,5.04,16.597,-0.646,COMMS_DOWNLINK_PASS
2140.0,35.667,SUNLIT,1.0,55.0,24.339,6.5,6.5,13.0,11.339,56.9811,94.97,5.03,16.598,-0.645,COMMS_DOWNLINK_PASS
2141.0,35.683,SUNLIT,1.0,55.0,24.331,6.5,6.5,13.0,11.331,56.984,94.97,5.03,16.598,-0.645,COMMS_DOWNLINK_PASS
2142.0,35.7,SUNLIT,1.0,55.0,24.322,6.5,6.5,13.0,11.322,56.987,94.98,5.02,16.598,-0.644,COMMS_DOWNLINK_PASS
2143.0,35.717,SUNLIT,1.0,55.0,24.313,6.5,6.5,13.0,11.313,56.9899,94.98,5.02,16.598,-0.644,COMMS_DOWNLINK_PASS
2144.0,35.733,SUNLIT,1.0,55.0,24.304,6.5,6.5,13.0,11.304,56.9929,94.99,5.01,16.599,-0.643,COMMS_DOWNLINK_PASS
2145.0,35.75,SUNLIT,1.0,55.0,24.296,6.5,6.5,13.0,11.296,56.9958,94.99,5.01,16.599,-0.643,COMMS_DOWNLINK_PASS
2146.0,35.767,SUNLIT,1.0,55.0,24.287,6.5,6.5,13.0,11.287,56.9988,95.0,5.0,16.599,-0.642,COMMS_DOWNLINK_PASS
2147.0,35.783,SUNLIT,1.0,55.0,24.278,6.5,6.5,13.0,11.278,57.0017,95.0,5.0,16.599,-0.642,COMMS_DOWNLINK_PASS
2148.0,35.8,SUNLIT,1.0,55.0,24.269,6.5,6.5,13.0,11.269,57.0047,95.01,4.99,16.599,-0.641,COMMS_DOWNLINK_PASS
2149.0,35.817,SUNLIT,1.0,55.0,24.26,6.5,6.5,13.0,11.26,57.0076,95.01,4.99,16.6,-0.641,COMMS_DOWNLINK_PASS
2150.0,35.833,SUNLIT,1.0,55.0,24.251,6.5,6.5,13.0,11.251,57.0105,95.02,4.98,16.6,-0.64,COMMS_DOWNLINK_PASS
2151.0,35.85,SUNLIT,1.0,55.0,24.242,6.5,6.5,13.0,11.242,57.0135,95.02,4.98,16.6,-0.64,COMMS_DOWNLINK_PASS
2152.0,35.867,SUNLIT,1.0,55.0,24.233,6.5,6.5,13.0,11.233,57.0164,95.03,4.97,16.6,-0.639,COMMS_DOWNLINK_PASS
2153.0,35.883,SUNLIT,1.0,55.0,24.224,6.5,6.5,13.0,11.224,57.0193,95.03,4.97,16.6,-0.639,COMMS_DOWNLINK_PASS
2154.0,35.9,SUNLIT,1.0,55.0,24.216,6.5,6.5,13.0,11.216,57.0223,95.04,4.96,16.601,-0.638,COMMS_DOWNLINK_PASS
2155.0,35.917,SUNLIT,1.0,55.0,24.207,6.5,6.5,13.0,11.207,57.0252,95.04,4.96,16.601,-0.638,COMMS_DOWNLINK_PASS
2156.0,35.933,SUNLIT,1.0,55.0,24.198,6.5,6.5,13.0,11.198,57.0281,95.05,4.95,16.601,-0.637,COMMS_DOWNLINK_PASS
2157.0,35.95,SUNLIT,1.0,55.0,24.189,6.5,6.5,13.0,11.189,57.031,95.05,4.95,16.601,-0.636,COMMS_DOWNLINK_PASS
2158.0,35.967,SUNLIT,1.0,55.0,24.179,6.5,6.5,13.0,11.179,57.034,95.06,4.94,16.601,-0.636,COMMS_DOWNLINK_PASS
2159.0,35.983,SUNLIT,1.0,55.0,24.17,6.5,6.5,13.0,11.17,57.0369,95.06,4.94,16.602,-0.635,COMMS_DOWNLINK_PASS
2160.0,36.0,SUNLIT,1.0,55.0,24.161,6.5,0,6.5,17.661,57.0415,95.07,4.93,16.646,-1.005,
2161.0,36.017,SUNLIT,1.0,55.0,24.152,6.5,0,6.5,17.652,57.0461,95.08,4.92,16.647,-1.004,
2162.0,36.033,SUNLIT,1.0,55.0,24.143,6.5,0,6.5,17.643,57.0507,95.08,4.92,16.647,-1.004,
2163.0,36.05,SUNLIT,1.0,55.0,24.134,6.5,0,6.5,17.634,57.0553,95.09,4.91,16.647,-1.003,
2164.0,36.067,SUNLIT,1.0,55.0,24.125,6.5,0,6.5,17.625,57.0599,95.1,4.9,16.648,-1.002,
2165.0,36.083,SUNLIT,1.0,55.0,24.116,6.5,0,6.5,17.616,57.0645,95.11,4.89,16.648,-1.002,
2166.0,36.1,SUNLIT,1.0,55.0,24.106,6.5,0,6.5,17.606,57.0691,95.12,4.88,16.649,-1.001,
2167.0,36.117,SUNLIT,1.0,55.0,24.097,6.5,0,6.5,17.597,57.0737,95.12,4.88,16.649,-1.001,
2168.0,36.133,SUNLIT,1.0,55.0,24.088,6.5,0,6.5,17.588,57.0783,95.13,4.87,16.649,-1.0,
2169.0,36.15,SUNLIT,1.0,55.0,24.079,6.5,0,6.5,17.579,57.0829,95.14,4.86,16.65,-1.0,
2170.0,36.167,SUNLIT,1.0,55.0,24.069,6.5,0,6.5,17.569,57.0875,95.15,4.85,16.65,-0.999,
2171.0,36.183,SUNLIT,1.0,55.0,24.06,6.5,0,6.5,17.56,57.0921,95.15,4.85,16.65,-0.999,
2172.0,36.2,SUNLIT,1.0,55.0,24.051,6.5,0,6.5,17.551,57.0966,95.16,4.84,16.651,-0.998,
2173.0,36.217,SUNLIT,1.0,55.0,24.041,6.5,0,6.5,17.541,57.1012,95.17,4.83,16.651,-0.997,
2174.0,36.233,SUNLIT,1.0,55.0,24.032,6.5,0,6.5,17.532,57.1058,95.18,4.82,16.651,-0.997,
2175.0,36.25,SUNLIT,1.0,55.0,24.023,6.5,0,6.5,17.523,57.1104,95.18,4.82,16.652,-0.996,
2176.0,36.267,SUNLIT,1.0,55.0,24.013,6.5,0,6.5,17.513,57.115,95.19,4.81,16.652,-0.996,
2177.0,36.283,SUNLIT,1.0,55.0,24.004,6.5,0,6.5,17.504,57.1195,95.2,4.8,16.652,-0.995,
2178.0,36.3,SUNLIT,1.0,55.0,23.994,6.5,0,6.5,17.494,57.1241,95.21,4.79,16.653,-0.995,
2179.0,36.317,SUNLIT,1.0,55.0,23.985,6.5,0,6.5,17.485,57.1287,95.21,4.79,16.653,-0.994,
2180.0,36.333,SUNLIT,1.0,55.0,23.975,6.5,0,6.5,17.475,57.1332,95.22,4.78,16.653,-0.994,
2181.0,36.35,SUNLIT,1.0,55.0,23.966,6.5,0,6.5,17.466,57.1378,95.23,4.77,16.654,-0.993,
2182.0,36.367,SUNLIT,1.0,55.0,23.956,6.5,0,6.5,17.456,57.1423,95.24,4.76,16.654,-0.992,
2183.0,36.383,SUNLIT,1.0,55.0,23.947,6.5,0,6.5,17.447,57.1469,95.24,4.76,16.655,-0.992,
2184.0,36.4,SUNLIT,1.0,55.0,23.937,6.5,0,6.5,17.437,57.1514,95.25,4.75,16.655,-0.991,
2185.0,36.417,SUNLIT,1.0,55.0,23.928,6.5,0,6.5,17.428,57.156,95.26,4.74,16.655,-0.991,
2186.0,36.433,SUNLIT,1.0,55.0,23.918,6.5,0,6.5,17.418,57.1605,95.27,4.73,16.656,-0.99,
2187.0,36.45,SUNLIT,1.0,55.0,23.908,6.5,0,6.5,17.408,57.1651,95.28,4.72,16.656,-0.99,
2188.0,36.467,SUNLIT,1.0,55.0,23.899,6.5,0,6.5,17.399,57.1696,95.28,4.72,16.656,-0.989,
2189.0,36.483,SUNLIT,1.0,55.0,23.889,6.5,0,6.5,17.389,57.1742,95.29,4.71,16.657,-0.988,
2190.0,36.5,SUNLIT,1.0,55.0,23.879,6.5,0,6.5,17.379,57.1787,95.3,4.7,16.657,-0.988,
2191.0,36.517,SUNLIT,1.0,55.0,23.87,6.5,0,6.5,17.37,57.1832,95.31,4.69,16.657,-0.987,
2192.0,36.533,SUNLIT,1.0,55.0,23.86,6.5,0,6.5,17.36,57.1878,95.31,4.69,16.658,-0.987,
2193.0,36.55,SUNLIT,1.0,55.0,23.85,6.5,0,6.5,17.35,57.1923,95.32,4.68,16.658,-0.986,
2194.0,36.567,SUNLIT,1.0,55.0,23.84,6.5,0,6.5,17.34,57.1968,95.33,4.67,16.658,-0.986,
2195.0,36.583,SUNLIT,1.0,55.0,23.831,6.5,0,6.5,17.331,57.2014,95.34,4.66,16.659,-0.985,
2196.0,36.6,SUNLIT,1.0,55.0,23.821,6.5,0,6.5,17.321,57.2059,95.34,4.66,16.659,-0.984,
2197.0,36.617,SUNLIT,1.0,55.0,23.811,6.5,0,6.5,17.311,57.2104,95.35,4.65,16.659,-0.984,
2198.0,36.633,SUNLIT,1.0,55.0,23.801,6.5,0,6.5,17.301,57.2149,95.36,4.64,16.66,-0.983,
2199.0,36.65,SUNLIT,1.0,55.0,23.791,6.5,0,6.5,17.291,57.2194,95.37,4.63,16.66,-0.983,
2200.0,36.667,SUNLIT,1.0,55.0,23.782,6.5,0,6.5,17.282,57.224,95.37,4.63,16.66,-0.982,
2201.0,36.683,SUNLIT,1.0,55.0,23.772,6.5,0,6.5,17.272,57.2285,95.38,4.62,16.661,-0.981,
2202.0,36.7,SUNLIT,1.0,55.0,23.762,6.5,0,6.5,17.262,57.233,95.39,4.61,16.661,-0.981,
2203.0,36.717,SUNLIT,1.0,55.0,23.752,6.5,0,6.5,17.252,57.2375,95.4,4.6,16.661,-0.98,
2204.0,36.733,SUNLIT,1.0,55.0,23.742,6.5,0,6.5,17.242,57.242,95.4,4.6,16.662,-0.98,
2205.0,36.75,SUNLIT,1.0,55.0,23.732,6.5,0,6.5,17.232,57.2465,95.41,4.59,16.662,-0.979,
2206.0,36.767,SUNLIT,1.0,55.0,23.722,6.5,0,6.5,17.222,57.251,95.42,4.58,16.663,-0.978,
2207.0,36.783,SUNLIT,1.0,55.0,23.712,6.5,0,6.5,17.212,57.2555,95.43,4.57,16.663,-0.978,
2208.0,36.8,SUNLIT,1.0,55.0,23.702,6.5,0,6.5,17.202,57.26,95.43,4.57,16.663,-0.977,
2209.0,36.817,SUNLIT,1.0,55.0,23.692,6.5,0,6.5,17.192,57.2644,95.44,4.56,16.664,-0.977,
2210.0,36.833,SUNLIT,1.0,55.0,23.682,6.5,0,6.5,17.182,57.2689,95.45,4.55,16.664,-0.976,
2211.0,36.85,SUNLIT,1.0,55.0,23.672,6.5,0,6.5,17.172,57.2734,95.46,4.54,16.664,-0.975,
2212.0,36.867,SUNLIT,1.0,55.0,23.661,6.5,0,6.5,17.161,57.2779,95.46,4.54,16.665,-0.975,
2213.0,36.883,SUNLIT,1.0,55.0,23.651,6.5,0,6.5,17.151,57.2824,95.47,4.53,16.665,-0.974,
2214.0,36.9,SUNLIT,1.0,55.0,23.641,6.5,0,6.5,17.141,57.2869,95.48,4.52,16.665,-0.974,
2215.0,36.917,SUNLIT,1.0,55.0,23.631,6.5,0,6.5,17.131,57.2913,95.49,4.51,16.666,-0.973,
2216.0,36.933,SUNLIT,1.0,55.0,23.621,6.5,0,6.5,17.121,57.2958,95.49,4.51,16.666,-0.972,
2217.0,36.95,SUNLIT,1.0,55.0,23.611,6.5,0,6.5,17.111,57.3003,95.5,4.5,16.666,-0.972,
2218.0,36.967,SUNLIT,1.0,55.0,23.6,6.5,0,6.5,17.1,57.3047,95.51,4.49,16.667,-0.971,
2219.0,36.983,SUNLIT,1.0,55.0,23.59,6.5,0,6.5,17.09,57.3092,95.52,4.48,16.667,-0.971,
2220.0,37.0,SUNLIT,1.0,55.0,23.58,6.5,0,6.5,17.08,57.3137,95.52,4.48,16.667,-0.97,
2221.0,37.017,SUNLIT,1.0,55.0,23.57,6.5,0,6.5,17.07,57.3181,95.53,4.47,16.668,-0.969,
2222.0,37.033,SUNLIT,1.0,55.0,23.559,6.5,0,6.5,17.059,57.3226,95.54,4.46,16.668,-0.969,
2223.0,37.05,SUNLIT,1.0,55.0,23.549,6.5,0,6.5,17.049,57.327,95.55,4.45,16.668,-0.968,
2224.0,37.067,SUNLIT,1.0,55.0,23.539,6.5,0,6.5,17.039,57.3315,95.55,4.45,16.669,-0.968,
2225.0,37.083,SUNLIT,1.0,55.0,23.528,6.5,0,6.5,17.028,57.3359,95.56,4.44,16.669,-0.967,
2226.0,37.1,SUNLIT,1.0,55.0,23.518,6.5,0,6.5,17.018,57.3404,95.57,4.43,16.669,-0.966,
2227.0,37.117,SUNLIT,1.0,55.0,23.507,6.5,0,6.5,17.007,57.3448,95.57,4.43,16.67,-0.966,
2228.0,37.133,SUNLIT,1.0,55.0,23.497,6.5,0,6.5,16.997,57.3492,95.58,4.42,16.67,-0.965,
2229.0,37.15,SUNLIT,1.0,55.0,23.486,6.5,0,6.5,16.986,57.3537,95.59,4.41,16.67,-0.965,
2230.0,37.167,SUNLIT,1.0,55.0,23.476,6.5,0,6.5,16.976,57.3581,95.6,4.4,16.671,-0.964,
2231.0,37.183,SUNLIT,1.0,55.0,23.466,6.5,0,6.5,16.966,57.3625,95.6,4.4,16.671,-0.963,
2232.0,37.2,SUNLIT,1.0,55.0,23.455,6.5,0,6.5,16.955,57.367,95.61,4.39,16.671,-0.963,
2233.0,37.217,SUNLIT,1.0,55.0,23.444,6.5,0,6.5,16.944,57.3714,95.62,4.38,16.672,-0.962,
2234.0,37.233,SUNLIT,1.0,55.0,23.434,6.5,0,6.5,16.934,57.3758,95.63,4.37,16.672,-0.961,
2235.0,37.25,SUNLIT,1.0,55.0,23.423,6.5,0,6.5,16.923,57.3802,95.63,4.37,16.672,-0.961,
2236.0,37.267,SUNLIT,1.0,55.0,23.413,6.5,0,6.5,16.913,57.3846,95.64,4.36,16.673,-0.96,
2237.0,37.283,SUNLIT,1.0,55.0,23.402,6.5,0,6.5,16.902,57.3891,95.65,4.35,16.673,-0.96,
2238.0,37.3,SUNLIT,1.0,55.0,23.392,6.5,0,6.5,16.892,57.3935,95.66,4.34,16.673,-0.959,
2239.0,37.317,SUNLIT,1.0,55.0,23.381,6.5,0,6.5,16.881,57.3979,95.66,4.34,16.674,-0.958,
2240.0,37.333,SUNLIT,1.0,55.0,23.37,6.5,0,6.5,16.87,57.4023,95.67,4.33,16.674,-0.958,
2241.0,37.35,SUNLIT,1.0,55.0,23.36,6.5,0,6.5,16.86,57.4067,95.68,4.32,16.674,-0.957,
2242.0,37.367,SUNLIT,1.0,55.0,23.349,6.5,0,6.5,16.849,57.4111,95.69,4.31,16.675,-0.956,
2243.0,37.383,SUNLIT,1.0,55.0,23.338,6.5,0,6.5,16.838,57.4155,95.69,4.31,16.675,-0.956,
2244.0,37.4,SUNLIT,1.0,55.0,23.327,6.5,0,6.5,16.827,57.4199,95.7,4.3,16.675,-0.955,
2245.0,37.417,SUNLIT,1.0,55.0,23.317,6.5,0,6.5,16.817,57.4243,95.71,4.29,16.676,-0.955,
2246.0,37.433,SUNLIT,1.0,55.0,23.306,6.5,0,6.5,16.806,57.4286,95.71,4.29,16.676,-0.954,
2247.0,37.45,SUNLIT,1.0,55.0,23.295,6.5,0,6.5,16.795,57.433,95.72,4.28,16.676,-0.953,
2248.0,37.467,SUNLIT,1.0,55.0,23.284,6.5,0,6.5,16.784,57.4374,95.73,4.27,16.677,-0.953,
2249.0,37.483,SUNLIT,1.0,55.0,23.273,6.5,0,6.5,16.773,57.4418,95.74,4.26,16.677,-0.952,
2250.0,37.5,SUNLIT,1.0,55.0,23.263,6.5,0,6.5,16.763,57.4462,95.74,4.26,16.677,-0.951,
2251.0,37.517,SUNLIT,1.0,55.0,23.252,6.5,0,6.5,16.752,57.4505,95.75,4.25,16.678,-0.951,
2252.0,37.533,SUNLIT,1.0,55.0,23.241,6.5,0,6.5,16.741,57.4549,95.76,4.24,16.678,-0.95,
2253.0,37.55,SUNLIT,1.0,55.0,23.23,6.5,0,6.5,16.73,57.4593,95.77,4.23,16.678,-0.949,
2254.0,37.567,SUNLIT,1.0,55.0,23.219,6.5,0,6.5,16.719,57.4636,95.77,4.23,16.679,-0.949,
2255.0,37.583,SUNLIT,1.0,55.0,23.208,6.5,0,6.5,16.708,57.468,95.78,4.22,16.679,-0.948,
2256.0,37.6,SUNLIT,1.0,55.0,23.197,6.5,0,6.5,16.697,57.4724,95.79,4.21,16.679,-0.947,
2257.0,37.617,SUNLIT,1.0,55.0,23.186,6.5,0,6.5,16.686,57.4767,95.79,4.21,16.68,-0.947,
2258.0,37.633,SUNLIT,1.0,55.0,23.175,6.5,0,6.5,16.675,57.4811,95.8,4.2,16.68,-0.946,
2259.0,37.65,SUNLIT,1.0,55.0,23.164,6.5,0,6.5,16.664,57.4854,95.81,4.19,16.68,-0.946,
2260.0,37.667,SUNLIT,1.0,55.0,23.153,6.5,0,6.5,16.653,57.4898,95.82,4.18,16.681,-0.945,
2261.0,37.683,SUNLIT,1.0,55.0,23.142,6.5,0,6.5,16.642,57.4941,95.82,4.18,16.681,-0.944,
2262.0,37.7,SUNLIT,1.0,55.0,23.131,6.5,0,6.5,16.631,57.4985,95.83,4.17,16.681,-0.944,
2263.0,37.717,SUNLIT,1.0,55.0,23.12,6.5,0,6.5,16.62,57.5028,95.84,4.16,16.681,-0.943,
2264.0,37.733,SUNLIT,1.0,55.0,23.109,6.5,0,6.5,16.609,57.5071,95.85,4.15,16.682,-0.942,
2265.0,37.75,SUNLIT,1.0,55.0,23.098,6.5,0,6.5,16.598,57.5115,95.85,4.15,16.682,-0.942,
2266.0,37.767,SUNLIT,1.0,55.0,23.086,6.5,0,6.5,16.586,57.5158,95.86,4.14,16.682,-0.941,
2267.0,37.783,SUNLIT,1.0,55.0,23.075,6.5,0,6.5,16.575,57.5201,95.87,4.13,16.683,-0.94,
2268.0,37.8,SUNLIT,1.0,55.0,23.064,6.5,0,6.5,16.564,57.5245,95.87,4.13,16.683,-0.94,
2269.0,37.817,SUNLIT,1.0,55.0,23.053,6.5,0,6.5,16.553,57.5288,95.88,4.12,16.683,-0.939,
2270.0,37.833,SUNLIT,1.0,55.0,23.042,6.5,0,6.5,16.542,57.5331,95.89,4.11,16.684,-0.938,
2271.0,37.85,SUNLIT,1.0,55.0,23.03,6.5,0,6.5,16.53,57.5374,95.9,4.1,16.684,-0.938,
2272.0,37.867,SUNLIT,1.0,55.0,23.019,6.5,0,6.5,16.519,57.5417,95.9,4.1,16.684,-0.937,
2273.0,37.883,SUNLIT,1.0,55.0,23.008,6.5,0,6.5,16.508,57.546,95.91,4.09,16.685,-0.936,
2274.0,37.9,SUNLIT,1.0,55.0,22.996,6.5,0,6.5,16.496,57.5504,95.92,4.08,16.685,-0.936,
2275.0,37.917,SUNLIT,1.0,55.0,22.985,6.5,0,6.5,16.485,57.5547,95.92,4.08,16.685,-0.935,
2276.0,37.933,SUNLIT,1.0,55.0,22.974,6.5,0,6.5,16.474,57.559,95.93,4.07,16.686,-0.934,
2277.0,37.95,SUNLIT,1.0,55.0,22.962,6.5,0,6.5,16.462,57.5633,95.94,4.06,16.686,-0.934,
2278.0,37.967,SUNLIT,1.0,55.0,22.951,6.5,0,6.5,16.451,57.5676,95.95,4.05,16.686,-0.933,
2279.0,37.983,SUNLIT,1.0,55.0,22.94,6.5,0,6.5,16.44,57.5718,95.95,4.05,16.687,-0.932,
2280.0,38.0,SUNLIT,1.0,55.0,22.928,6.5,0,6.5,16.428,57.5761,95.96,4.04,16.687,-0.932,
2281.0,38.017,SUNLIT,1.0,55.0,22.917,6.5,0,6.5,16.417,57.5804,95.97,4.03,16.687,-0.931,
2282.0,38.033,SUNLIT,1.0,55.0,22.905,6.5,0,6.5,16.405,57.5847,95.97,4.03,16.688,-0.93,
2283.0,38.05,SUNLIT,1.0,55.0,22.894,6.5,0,6.5,16.394,57.589,95.98,4.02,16.688,-0.93,
2284.0,38.067,SUNLIT,1.0,55.0,22.882,6.5,0,6.5,16.382,57.5933,95.99,4.01,16.688,-0.929,
2285.0,38.083,SUNLIT,1.0,55.0,22.871,6.5,0,6.5,16.371,57.5975,96.0,4.0,16.688,-0.928,
2286.0,38.1,SUNLIT,1.0,55.0,22.859,6.5,0,6.5,16.359,57.6018,96.0,4.0,16.689,-0.928,
2287.0,38.117,SUNLIT,1.0,55.0,22.848,6.5,0,6.5,16.348,57.6061,96.01,3.99,16.689,-0.927,
2288.0,38.133,SUNLIT,1.0,55.0,22.836,6.5,0,6.5,16.336,57.6103,96.02,3.98,16.689,-0.926,
2289.0,38.15,SUNLIT,1.0,55.0,22.824,6.5,0,6.5,16.324,57.6146,96.02,3.98,16.69,-0.926,
2290.0,38.167,SUNLIT,1.0,55.0,22.813,6.5,0,6.5,16.313,57.6189,96.03,3.97,16.69,-0.925,
2291.0,38.183,SUNLIT,1.0,55.0,22.801,6.5,0,6.5,16.301,57.6231,96.04,3.96,16.69,-0.924,
2292.0,38.2,SUNLIT,1.0,55.0,22.79,6.5,0,6.5,16.29,57.6274,96.05,3.95,16.691,-0.924,
2293.0,38.217,SUNLIT,1.0,55.0,22.778,6.5,0,6.5,16.278,57.6316,96.05,3.95,16.691,-0.923,
2294.0,38.233,SUNLIT,1.0,55.0,22.766,6.5,0,6.5,16.266,57.6359,96.06,3.94,16.691,-0.922,
2295.0,38.25,SUNLIT,1.0,55.0,22.755,6.5,0,6.5,16.255,57.6401,96.07,3.93,16.692,-0.922,
2296.0,38.267,SUNLIT,1.0,55.0,22.743,6.5,0,6.5,16.243,57.6444,96.07,3.93,16.692,-0.921,
2297.0,38.283,SUNLIT,1.0,55.0,22.731,6.5,0,6.5,16.231,57.6486,96.08,3.92,16.692,-0.92,
2298.0,38.3,SUNLIT,1.0,55.0,22.719,6.5,0,6.5,16.219,57.6528,96.09,3.91,16.692,-0.919,
2299.0,38.317,SUNLIT,1.0,55.0,22.707,6.5,0,6.5,16.207,57.6571,96.1,3.9,16.693,-0.919,
2300.0,38.333,SUNLIT,1.0,55.0,22.696,6.5,0,6.5,16.196,57.6613,96.1,3.9,16.693,-0.918,
2301.0,38.35,SUNLIT,1.0,55.0,22.684,6.5,0,6.5,16.184,57.6655,96.11,3.89,16.693,-0.917,
2302.0,38.367,SUNLIT,1.0,55.0,22.672,6.5,0,6.5,16.172,57.6697,96.12,3.88,16.694,-0.917,
2303.0,38.383,SUNLIT,1.0,55.0,22.66,6.5,0,6.5,16.16,57.674,96.12,3.88,16.694,-0.916,
2304.0,38.4,SUNLIT,1.0,55.0,22.648,6.5,0,6.5,16.148,57.6782,96.13,3.87,16.694,-0.915,
2305.0,38.417,SUNLIT,1.0,55.0,22.636,6.5,0,6.5,16.136,57.6824,96.14,3.86,16.695,-0.915,
2306.0,38.433,SUNLIT,1.0,55.0,22.624,6.5,0,6.5,16.124,57.6866,96.14,3.86,16.695,-0.914,
2307.0,38.45,SUNLIT,1.0,55.0,22.613,6.5,0,6.5,16.113,57.6908,96.15,3.85,16.695,-0.913,
2308.0,38.467,SUNLIT,1.0,55.0,22.601,6.5,0,6.5,16.101,57.695,96.16,3.84,16.696,-0.913,
2309.0,38.483,SUNLIT,1.0,55.0,22.589,6.5,0,6.5,16.089,57.6992,96.17,3.83,16.696,-0.912,
2310.0,38.5,SUNLIT,1.0,55.0,22.577,6.5,0,6.5,16.077,57.7034,96.17,3.83,16.696,-0.911,
2311.0,38.517,SUNLIT,1.0,55.0,22.565,6.5,0,6.5,16.065,57.7076,96.18,3.82,16.696,-0.91,
2312.0,38.533,SUNLIT,1.0,55.0,22.553,6.5,0,6.5,16.053,57.7118,96.19,3.81,16.697,-0.91,
2313.0,38.55,SUNLIT,1.0,55.0,22.541,6.5,0,6.5,16.041,57.716,96.19,3.81,16.697,-0.909,
2314.0,38.567,SUNLIT,1.0,55.0,22.528,6.5,0,6.5,16.028,57.7202,96.2,3.8,16.697,-0.908,
2315.0,38.583,SUNLIT,1.0,55.0,22.516,6.5,0,6.5,16.016,57.7244,96.21,3.79,16.698,-0.908,
2316.0,38.6,SUNLIT,1.0,55.0,22.504,6.5,0,6.5,16.004,57.7285,96.21,3.79,16.698,-0.907,
2317.0,38.617,SUNLIT,1.0,55.0,22.492,6.5,0,6.5,15.992,57.7327,96.22,3.78,16.698,-0.906,
2318.0,38.633,SUNLIT,1.0,55.0,22.48,6.5,0,6.5,15.98,57.7369,96.23,3.77,16.699,-0.905,
2319.0,38.65,SUNLIT,1.0,55.0,22.468,6.5,0,6.5,15.968,57.741,96.24,3.76,16.699,-0.905,
2320.0,38.667,SUNLIT,1.0,55.0,22.456,6.5,0,6.5,15.956,57.7452,96.24,3.76,16.699,-0.904,
2321.0,38.683,SUNLIT,1.0,55.0,22.444,6.5,0,6.5,15.944,57.7494,96.25,3.75,16.699,-0.903,
2322.0,38.7,SUNLIT,1.0,55.0,22.431,6.5,0,6.5,15.931,57.7535,96.26,3.74,16.7,-0.903,
2323.0,38.717,SUNLIT,1.0,55.0,22.419,6.5,0,6.5,15.919,57.7577,96.26,3.74,16.7,-0.902,
2324.0,38.733,SUNLIT,1.0,55.0,22.407,6.5,0,6.5,15.907,57.7618,96.27,3.73,16.7,-0.901,
2325.0,38.75,SUNLIT,1.0,55.0,22.395,6.5,0,6.5,15.895,57.766,96.28,3.72,16.701,-0.9,
2326.0,38.767,SUNLIT,1.0,55.0,22.382,6.5,0,6.5,15.882,57.7701,96.28,3.72,16.701,-0.9,
2327.0,38.783,SUNLIT,1.0,55.0,22.37,6.5,0,6.5,15.87,57.7743,96.29,3.71,16.701,-0.899,
2328.0,38.8,SUNLIT,1.0,55.0,22.358,6.5,0,6.5,15.858,57.7784,96.3,3.7,16.702,-0.898,
2329.0,38.817,SUNLIT,1.0,55.0,22.345,6.5,0,6.5,15.845,57.7826,96.3,3.7,16.702,-0.898,
2330.0,38.833,SUNLIT,1.0,55.0,22.333,6.5,0,6.5,15.833,57.7867,96.31,3.69,16.702,-0.897,
2331.0,38.85,SUNLIT,1.0,55.0,22.321,6.5,0,6.5,15.821,57.7908,96.32,3.68,16.702,-0.896,
2332.0,38.867,SUNLIT,1.0,55.0,22.308,6.5,0,6.5,15.808,57.795,96.32,3.68,16.703,-0.895,
2333.0,38.883,SUNLIT,1.0,55.0,22.296,6.5,0,6.5,15.796,57.7991,96.33,3.67,16.703,-0.895,
2334.0,38.9,SUNLIT,1.0,55.0,22.283,6.5,0,6.5,15.783,57.8032,96.34,3.66,16.703,-0.894,
2335.0,38.917,SUNLIT,1.0,55.0,22.271,6.5,0,6.5,15.771,57.8073,96.35,3.65,16.704,-0.893,
2336.0,38.933,SUNLIT,1.0,55.0,22.258,6.5,0,6.5,15.758,57.8114,96.35,3.65,16.704,-0.893,
2337.0,38.95,SUNLIT,1.0,55.0,22.246,6.5,0,6.5,15.746,57.8155,96.36,3.64,16.704,-0.892,
2338.0,38.967,SUNLIT,1.0,55.0,22.233,6.5,0,6.5,15.733,57.8197,96.37,3.63,16.704,-0.891,
2339.0,38.983,SUNLIT,1.0,55.0,22.221,6.5,0,6.5,15.721,57.8238,96.37,3.63,16.705,-0.89,
2340.0,39.0,SUNLIT,1.0,55.0,22.208,6.5,0,6.5,15.708,57.8279,96.38,3.62,16.705,-0.89,
2341.0,39.017,SUNLIT,1.0,55.0,22.196,6.5,0,6.5,15.696,57.832,96.39,3.61,16.705,-0.889,
2342.0,39.033,SUNLIT,1.0,55.0,22.183,6.5,0,6.5,15.683,57.8361,96.39,3.61,16.706,-0.888,
2343.0,39.05,SUNLIT,1.0,55.0,22.171,6.5,0,6.5,15.671,57.8401,96.4,3.6,16.706,-0.887,
2344.0,39.067,SUNLIT,1.0,55.0,22.158,6.5,0,6.5,15.658,57.8442,96.41,3.59,16.706,-0.887,
2345.0,39.083,SUNLIT,1.0,55.0,22.145,6.5,0,6.5,15.645,57.8483,96.41,3.59,16.707,-0.886,
2346.0,39.1,SUNLIT,1.0,55.0,22.133,6.5,0,6.5,15.633,57.8524,96.42,3.58,16.707,-0.885,
2347.0,39.117,SUNLIT,1.0,55.0,22.12,6.5,0,6.5,15.62,57.8565,96.43,3.57,16.707,-0.884,
2348.0,39.133,SUNLIT,1.0,55.0,22.107,6.5,0,6.5,15.607,57.8606,96.43,3.57,16.707,-0.884,
2349.0,39.15,SUNLIT,1.0,55.0,22.095,6.5,0,6.5,15.595,57.8646,96.44,3.56,16.708,-0.883,
2350.0,39.167,SUNLIT,1.0,55.0,22.082,6.5,0,6.5,15.582,57.8687,96.45,3.55,16.708,-0.882,
2351.0,39.183,SUNLIT,1.0,55.0,22.069,6.5,0,6.5,15.569,57.8728,96.45,3.55,16.708,-0.882,
2352.0,39.2,SUNLIT,1.0,55.0,22.056,6.5,0,6.5,15.556,57.8768,96.46,3.54,16.709,-0.881,
2353.0,39.217,SUNLIT,1.0,55.0,22.044,6.5,0,6.5,15.544,57.8809,96.47,3.53,16.709,-0.88,
2354.0,39.233,SUNLIT,1.0,55.0,22.031,6.5,0,6.5,15.531,57.8849,96.47,3.53,16.709,-0.879,
2355.0,39.25,SUNLIT,1.0,55.0,22.018,6.5,0,6.5,15.518,57.889,96.48,3.52,16.709,-0.879,
2356.0,39.267,SUNLIT,1.0,55.0,22.005,6.5,0,6.5,15.505,57.893,96.49,3.51,16.71,-0.878,
2357.0,39.283,SUNLIT,1.0,55.0,21.992,6.5,0,6.5,15.492,57.8971,96.5,3.5,16.71,-0.877,
2358.0,39.3,SUNLIT,1.0,55.0,21.979,6.5,0,6.5,15.479,57.9011,96.5,3.5,16.71,-0.876,
2359.0,39.317,SUNLIT,1.0,55.0,21.967,6.5,0,6.5,15.467,57.9052,96.51,3.49,16.711,-0.876,
2360.0,39.333,SUNLIT,1.0,55.0,21.954,6.5,0,6.5,15.454,57.9092,96.52,3.48,16.711,-0.875,
2361.0,39.35,SUNLIT,1.0,55.0,21.941,6.5,0,6.5,15.441,57.9132,96.52,3.48,16.711,-0.874,
2362.0,39.367,SUNLIT,1.0,55.0,21.928,6.5,0,6.5,15.428,57.9173,96.53,3.47,16.711,-0.873,
2363.0,39.383,SUNLIT,1.0,55.0,21.915,6.5,0,6.5,15.415,57.9213,96.54,3.46,16.712,-0.873,
2364.0,39.4,SUNLIT,1.0,55.0,21.902,6.5,0,6.5,15.402,57.9253,96.54,3.46,16.712,-0.872,
2365.0,39.417,SUNLIT,1.0,55.0,21.889,6.5,0,6.5,15.389,57.9293,96.55,3.45,16.712,-0.871,
2366.0,39.433,SUNLIT,1.0,55.0,21.876,6.5,0,6.5,15.376,57.9333,96.56,3.44,16.712,-0.87,
2367.0,39.45,SUNLIT,1.0,55.0,21.863,6.5,0,6.5,15.363,57.9374,96.56,3.44,16.713,-0.87,
2368.0,39.467,SUNLIT,1.0,55.0,21.85,6.5,0,6.5,15.35,57.9414,96.57,3.43,16.713,-0.869,
2369.0,39.483,SUNLIT,1.0,55.0,21.837,6.5,0,6.5,15.337,57.9454,96.58,3.42,16.713,-0.868,
2370.0,39.5,SUNLIT,1.0,55.0,21.824,6.5,0,6.5,15.324,57.9494,96.58,3.42,16.714,-0.867,
2371.0,39.517,SUNLIT,1.0,55.0,21.81,6.5,0,6.5,15.31,57.9534,96.59,3.41,16.714,-0.866,
2372.0,39.533,SUNLIT,1.0,55.0,21.797,6.5,0,6.5,15.297,57.9574,96.6,3.4,16.714,-0.866,
2373.0,39.55,SUNLIT,1.0,55.0,21.784,6.5,0,6.5,15.284,57.9613,96.6,3.4,16.714,-0.865,
2374.0,39.567,SUNLIT,1.0,55.0,21.771,6.5,0,6.5,15.271,57.9653,96.61,3.39,16.715,-0.864,
2375.0,39.583,SUNLIT,1.0,55.0,21.758,6.5,0,6.5,15.258,57.9693,96.62,3.38,16.715,-0.863,
2376.0,39.6,SUNLIT,1.0,55.0,21.745,6.5,0,6.5,15.245,57.9733,96.62,3.38,16.715,-0.863,
2377.0,39.617,SUNLIT,1.0,55.0,21.731,6.5,0,6.5,15.231,57.9773,96.63,3.37,16.716,-0.862,
2378.0,39.633,SUNLIT,1.0,55.0,21.718,6.5,0,6.5,15.218,57.9813,96.64,3.36,16.716,-0.861,
2379.0,39.65,SUNLIT,1.0,55.0,21.705,6.5,0,6.5,15.205,57.9852,96.64,3.36,16.716,-0.86,
2380.0,39.667,SUNLIT,1.0,55.0,21.692,6.5,0,6.5,15.192,57.9892,96.65,3.35,16.716,-0.86,
2381.0,39.683,SUNLIT,1.0,55.0,21.678,6.5,0,6.5,15.178,57.9932,96.66,3.34,16.717,-0.859,
2382.0,39.7,SUNLIT,1.0,55.0,21.665,6.5,0,6.5,15.165,57.9971,96.66,3.34,16.717,-0.858,
2383.0,39.717,SUNLIT,1.0,55.0,21.652,6.5,0,6.5,15.152,58.0011,96.67,3.33,16.717,-0.857,
2384.0,39.733,SUNLIT,1.0,55.0,21.638,6.5,0,6.5,15.138,58.005,96.68,3.32,16.717,-0.856,
2385.0,39.75,SUNLIT,1.0,55.0,21.625,6.5,0,6.5,15.125,58.009,96.68,3.32,16.718,-0.856,
2386.0,39.767,SUNLIT,1.0,55.0,21.612,6.5,0,6.5,15.112,58.0129,96.69,3.31,16.718,-0.855,
2387.0,39.783,SUNLIT,1.0,55.0,21.598,6.5,0,6.5,15.098,58.0169,96.69,3.31,16.718,-0.854,
2388.0,39.8,SUNLIT,1.0,55.0,21.585,6.5,0,6.5,15.085,58.0208,96.7,3.3,16.719,-0.853,
2389.0,39.817,SUNLIT,1.0,55.0,21.571,6.5,0,6.5,15.071,58.0247,96.71,3.29,16.719,-0.853,
2390.0,39.833,SUNLIT,1.0,55.0,21.558,6.5,0,6.5,15.058,58.0287,96.71,3.29,16.719,-0.852,
2391.0,39.85,SUNLIT,1.0,55.0,21.544,6.5,0,6.5,15.044,58.0326,96.72,3.28,16.719,-0.851,
2392.0,39.867,SUNLIT,1.0,55.0,21.531,6.5,0,6.5,15.031,58.0365,96.73,3.27,16.72,-0.85,
2393.0,39.883,SUNLIT,1.0,55.0,21.517,6.5,0,6.5,15.017,58.0404,96.73,3.27,16.72,-0.849,
2394.0,39.9,SUNLIT,1.0,55.0,21.504,6.5,0,6.5,15.004,58.0444,96.74,3.26,16.72,-0.849,
2395.0,39.917,SUNLIT,1.0,55.0,21.49,6.5,0,6.5,14.99,58.0483,96.75,3.25,16.72,-0.848,
2396.0,39.933,SUNLIT,1.0,55.0,21.477,6.5,0,6.5,14.977,58.0522,96.75,3.25,16.721,-0.847,
2397.0,39.95,SUNLIT,1.0,55.0,21.463,6.5,0,6.5,14.963,58.0561,96.76,3.24,16.721,-0.846,
2398.0,39.967,SUNLIT,1.0,55.0,21.45,6.5,0,6.5,14.95,58.06,96.77,3.23,16.721,-0.846,
2399.0,39.983,SUNLIT,1.0,55.0,21.436,6.5,0,6.5,14.936,58.0639,96.77,3.23,16.722,-0.845,
2400.0,40.0,SUNLIT,1.0,55.0,21.422,6.5,0,6.5,14.922,58.0678,96.78,3.22,16.722,-0.844,
2401.0,40.017,SUNLIT,1.0,55.0,21.409,6.5,0,6.5,14.909,58.0717,96.79,3.21,16.722,-0.843,
2402.0,40.033,SUNLIT,1.0,55.0,21.395,6.5,0,6.5,14.895,58.0756,96.79,3.21,16.722,-0.842,
2403.0,40.05,SUNLIT,1.0,55.0,21.381,6.5,0,6.5,14.881,58.0795,96.8,3.2,16.723,-0.842,
2404.0,40.067,SUNLIT,1.0,55.0,21.368,6.5,0,6.5,14.868,58.0833,96.81,3.19,16.723,-0.841,
2405.0,40.083,SUNLIT,1.0,55.0,21.354,6.5,0,6.5,14.854,58.0872,96.81,3.19,16.723,-0.84,
2406.0,40.1,SUNLIT,1.0,55.0,21.34,6.5,0,6.5,14.84,58.0911,96.82,3.18,16.723,-0.839,
2407.0,40.117,SUNLIT,1.0,55.0,21.327,6.5,0,6.5,14.827,58.095,96.82,3.18,16.724,-0.838,
2408.0,40.133,SUNLIT,1.0,55.0,21.313,6.5,0,6.5,14.813,58.0988,96.83,3.17,16.724,-0.838,
2409.0,40.15,SUNLIT,1.0,55.0,21.299,6.5,0,6.5,14.799,58.1027,96.84,3.16,16.724,-0.837,
2410.0,40.167,SUNLIT,1.0,55.0,21.285,6.5,0,6.5,14.785,58.1066,96.84,3.16,16.724,-0.836,
2411.0,40.183,SUNLIT,1.0,55.0,21.271,6.5,0,6.5,14.771,58.1104,96.85,3.15,16.725,-0.835,
2412.0,40.2,SUNLIT,1.0,55.0,21.258,6.5,0,6.5,14.758,58.1143,96.86,3.14,16.725,-0.834,
2413.0,40.217,SUNLIT,1.0,55.0,21.244,6.5,0,6.5,14.744,58.1181,96.86,3.14,16.725,-0.834,
2414.0,40.233,SUNLIT,1.0,55.0,21.23,6.5,0,6.5,14.73,58.122,96.87,3.13,16.725,-0.833,
2415.0,40.25,SUNLIT,1.0,55.0,21.216,6.5,0,6.5,14.716,58.1258,96.88,3.12,16.726,-0.832,
2416.0,40.267,SUNLIT,1.0,55.0,21.202,6.5,0,6.5,14.702,58.1296,96.88,3.12,16.726,-0.831,
2417.0,40.283,SUNLIT,1.0,55.0,21.188,6.5,0,6.5,14.688,58.1335,96.89,3.11,16.726,-0.83,
2418.0,40.3,SUNLIT,1.0,55.0,21.174,6.5,0,6.5,14.674,58.1373,96.9,3.1,16.726,-0.83,
2419.0,40.317,SUNLIT,1.0,55.0,21.16,6.5,0,6.5,14.66,58.1411,96.9,3.1,16.727,-0.829,
2420.0,40.333,SUNLIT,1.0,55.0,21.146,6.5,0,6.5,14.646,58.145,96.91,3.09,16.727,-0.828,
2421.0,40.35,SUNLIT,1.0,55.0,21.132,6.5,0,6.5,14.632,58.1488,96.91,3.09,16.727,-0.827,
2422.0,40.367,SUNLIT,1.0,55.0,21.118,6.5,0,6.5,14.618,58.1526,96.92,3.08,16.728,-0.826,
2423.0,40.383,SUNLIT,1.0,55.0,21.104,6.5,0,6.5,14.604,58.1564,96.93,3.07,16.728,-0.826,
2424.0,40.4,SUNLIT,1.0,55.0,21.09,6.5,0,6.5,14.59,58.1602,96.93,3.07,16.728,-0.825,
2425.0,40.417,SUNLIT,1.0,55.0,21.076,6.5,0,6.5,14.576,58.164,96.94,3.06,16.728,-0.824,
2426.0,40.433,SUNLIT,1.0,55.0,21.062,6.5,0,6.5,14.562,58.1678,96.95,3.05,16.729,-0.823,
2427.0,40.45,SUNLIT,1.0,55.0,21.048,6.5,0,6.5,14.548,58.1716,96.95,3.05,16.729,-0.822,
2428.0,40.467,SUNLIT,1.0,55.0,21.034,6.5,0,6.5,14.534,58.1754,96.96,3.04,16.729,-0.822,
2429.0,40.483,SUNLIT,1.0,55.0,21.02,6.5,0,6.5,14.52,58.1792,96.97,3.03,16.729,-0.821,
2430.0,40.5,SUNLIT,1.0,55.0,21.005,6.5,0,6.5,14.505,58.183,96.97,3.03,16.73,-0.82,
2431.0,40.517,SUNLIT,1.0,55.0,20.991,6.5,0,6.5,14.491,58.1868,96.98,3.02,16.73,-0.819,
2432.0,40.533,SUNLIT,1.0,55.0,20.977,6.5,0,6.5,14.477,58.1906,96.98,3.02,16.73,-0.818,
2433.0,40.55,SUNLIT,1.0,55.0,20.963,6.5,0,6.5,14.463,58.1943,96.99,3.01,16.73,-0.817,
2434.0,40.567,SUNLIT,1.0,55.0,20.949,6.5,0,6.5,14.449,58.1981,97.0,3.0,16.731,-0.817,
2435.0,40.583,SUNLIT,1.0,55.0,20.934,6.5,0,6.5,14.434,58.2019,97.0,3.0,16.731,-0.816,
2436.0,40.6,SUNLIT,1.0,55.0,20.92,6.5,0,6.5,14.42,58.2057,97.01,2.99,16.731,-0.815,
2437.0,40.617,SUNLIT,1.0,55.0,20.906,6.5,0,6.5,14.406,58.2094,97.02,2.98,16.731,-0.814,
2438.0,40.633,SUNLIT,1.0,55.0,20.892,6.5,0,6.5,14.392,58.2132,97.02,2.98,16.732,-0.813,
2439.0,40.65,SUNLIT,1.0,55.0,20.877,6.5,0,6.5,14.377,58.2169,97.03,2.97,16.732,-0.812,
2440.0,40.667,SUNLIT,1.0,55.0,20.863,6.5,0,6.5,14.363,58.2207,97.03,2.97,16.732,-0.812,
2441.0,40.683,SUNLIT,1.0,55.0,20.849,6.5,0,6.5,14.349,58.2244,97.04,2.96,16.732,-0.811,
2442.0,40.7,SUNLIT,1.0,55.0,20.834,6.5,0,6.5,14.334,58.2282,97.05,2.95,16.733,-0.81,
2443.0,40.717,SUNLIT,1.0,55.0,20.82,6.5,0,6.5,14.32,58.2319,97.05,2.95,16.733,-0.809,
2444.0,40.733,SUNLIT,1.0,55.0,20.806,6.5,0,6.5,14.306,58.2356,97.06,2.94,16.733,-0.808,
2445.0,40.75,SUNLIT,1.0,55.0,20.791,6.5,0,6.5,14.291,58.2394,97.07,2.93,16.733,-0.808,
2446.0,40.767,SUNLIT,1.0,55.0,20.777,6.5,0,6.5,14.277,58.2431,97.07,2.93,16.734,-0.807,
2447.0,40.783,SUNLIT,1.0,55.0,20.762,6.5,0,6.5,14.262,58.2468,97.08,2.92,16.734,-0.806,
2448.0,40.8,SUNLIT,1.0,55.0,20.748,6.5,0,6.5,14.248,58.2505,97.08,2.92,16.734,-0.805,
2449.0,40.817,SUNLIT,1.0,55.0,20.733,6.5,0,6.5,14.233,58.2543,97.09,2.91,16.734,-0.804,
2450.0,40.833,SUNLIT,1.0,55.0,20.719,6.5,0,6.5,14.219,58.258,97.1,2.9,16.734,-0.803,
2451.0,40.85,SUNLIT,1.0,55.0,20.704,6.5,0,6.5,14.204,58.2617,97.1,2.9,16.735,-0.802,
2452.0,40.867,SUNLIT,1.0,55.0,20.69,6.5,0,6.5,14.19,58.2654,97.11,2.89,16.735,-0.802,
2453.0,40.883,SUNLIT,1.0,55.0,20.675,6.5,0,6.5,14.175,58.2691,97.12,2.88,16.735,-0.801,
2454.0,40.9,SUNLIT,1.0,55.0,20.661,6.5,0,6.5,14.161,58.2728,97.12,2.88,16.735,-0.8,
2455.0,40.917,SUNLIT,1.0,55.0,20.646,6.5,0,6.5,14.146,58.2765,97.13,2.87,16.736,-0.799,
2456.0,40.933,SUNLIT,1.0,55.0,20.631,6.5,0,6.5,14.131,58.2802,97.13,2.87,16.736,-0.798,
2457.0,40.95,SUNLIT,1.0,55.0,20.617,6.5,0,6.5,14.117,58.2839,97.14,2.86,16.736,-0.797,
2458.0,40.967,SUNLIT,1.0,55.0,20.602,6.5,0,6.5,14.102,58.2875,97.15,2.85,16.736,-0.797,
2459.0,40.983,SUNLIT,1.0,55.0,20.588,6.5,0,6.5,14.088,58.2912,97.15,2.85,16.737,-0.796,
2460.0,41.0,SUNLIT,1.0,55.0,20.573,6.5,0,6.5,14.073,58.2949,97.16,2.84,16.737,-0.795,
2461.0,41.017,SUNLIT,1.0,55.0,20.558,6.5,0,6.5,14.058,58.2986,97.16,2.84,16.737,-0.794,
2462.0,41.033,SUNLIT,1.0,55.0,20.543,6.5,0,6.5,14.043,58.3022,97.17,2.83,16.737,-0.793,
2463.0,41.05,SUNLIT,1.0,55.0,20.529,6.5,0,6.5,14.029,58.3059,97.18,2.82,16.738,-0.792,
2464.0,41.067,SUNLIT,1.0,55.0,20.514,6.5,0,6.5,14.014,58.3095,97.18,2.82,16.738,-0.792,
2465.0,41.083,SUNLIT,1.0,55.0,20.499,6.5,0,6.5,13.999,58.3132,97.19,2.81,16.738,-0.791,
2466.0,41.1,SUNLIT,1.0,55.0,20.485,6.5,0,6.5,13.985,58.3169,97.19,2.81,16.738,-0.79,
2467.0,41.117,SUNLIT,1.0,55.0,20.47,6.5,0,6.5,13.97,58.3205,97.2,2.8,16.739,-0.789,
2468.0,41.133,SUNLIT,1.0,55.0,20.455,6.5,0,6.5,13.955,58.3241,97.21,2.79,16.739,-0.788,
2469.0,41.15,SUNLIT,1.0,55.0,20.44,6.5,0,6.5,13.94,58.3278,97.21,2.79,16.739,-0.787,
2470.0,41.167,SUNLIT,1.0,55.0,20.425,6.5,0,6.5,13.925,58.3314,97.22,2.78,16.739,-0.786,
2471.0,41.183,SUNLIT,1.0,55.0,20.41,6.5,0,6.5,13.91,58.3351,97.23,2.77,16.739,-0.786,
2472.0,41.2,SUNLIT,1.0,55.0,20.396,6.5,0,6.5,13.896,58.3387,97.23,2.77,16.74,-0.785,
2473.0,41.217,SUNLIT,1.0,55.0,20.381,6.5,0,6.5,13.881,58.3423,97.24,2.76,16.74,-0.784,
2474.0,41.233,SUNLIT,1.0,55.0,20.366,6.5,0,6.5,13.866,58.3459,97.24,2.76,16.74,-0.783,
2475.0,41.25,SUNLIT,1.0,55.0,20.351,6.5,0,6.5,13.851,58.3495,97.25,2.75,16.74,-0.782,
2476.0,41.267,SUNLIT,1.0,55.0,20.336,6.5,0,6.5,13.836,58.3532,97.26,2.74,16.741,-0.781,
2477.0,41.283,SUNLIT,1.0,55.0,20.321,6.5,0,6.5,13.821,58.3568,97.26,2.74,16.741,-0.78,
2478.0,41.3,SUNLIT,1.0,55.0,20.306,6.5,0,6.5,13.806,58.3604,97.27,2.73,16.741,-0.78,
2479.0,41.317,SUNLIT,1.0,55.0,20.291,6.5,0,6.5,13.791,58.364,97.27,2.73,16.741,-0.779,
2480.0,41.333,SUNLIT,1.0,55.0,20.276,6.5,0,6.5,13.776,58.3676,97.28,2.72,16.742,-0.778,
2481.0,41.35,SUNLIT,1.0,55.0,20.261,6.5,0,6.5,13.761,58.3712,97.29,2.71,16.742,-0.777,
2482.0,41.367,SUNLIT,1.0,55.0,20.246,6.5,0,6.5,13.746,58.3748,97.29,2.71,16.742,-0.776,
2483.0,41.383,SUNLIT,1.0,55.0,20.231,6.5,0,6.5,13.731,58.3783,97.3,2.7,16.742,-0.775,
2484.0,41.4,SUNLIT,1.0,55.0,20.216,6.5,0,6.5,13.716,58.3819,97.3,2.7,16.742,-0.774,
2485.0,41.417,SUNLIT,1.0,55.0,20.201,6.5,0,6.5,13.701,58.3855,97.31,2.69,16.743,-0.774,
2486.0,41.433,SUNLIT,1.0,55.0,20.186,6.5,0,6.5,13.686,58.3891,97.32,2.68,16.743,-0.773,
2487.0,41.45,SUNLIT,1.0,55.0,20.17,6.5,0,6.5,13.67,58.3926,97.32,2.68,16.743,-0.772,
2488.0,41.467,SUNLIT,1.0,55.0,20.155,6.5,0,6.5,13.655,58.3962,97.33,2.67,16.743,-0.771,
2489.0,41.483,SUNLIT,1.0,55.0,20.14,6.5,0,6.5,13.64,58.3998,97.33,2.67,16.744,-0.77,
2490.0,41.5,SUNLIT,1.0,55.0,20.125,6.5,0,6.5,13.625,58.4033,97.34,2.66,16.744,-0.769,
2491.0,41.517,SUNLIT,1.0,55.0,20.11,6.5,0,6.5,13.61,58.4069,97.34,2.66,16.744,-0.768,
2492.0,41.533,SUNLIT,1.0,55.0,20.095,6.5,0,6.5,13.595,58.4104,97.35,2.65,16.744,-0.767,
2493.0,41.55,SUNLIT,1.0,55.0,20.079,6.5,0,6.5,13.579,58.414,97.36,2.64,16.745,-0.767,
2494.0,41.567,SUNLIT,1.0,55.0,20.064,6.5,0,6.5,13.564,58.4175,97.36,2.64,16.745,-0.766,
2495.0,41.583,SUNLIT,1.0,55.0,20.049,6.5,0,6.5,13.549,58.4211,97.37,2.63,16.745,-0.765,
2496.0,41.6,SUNLIT,1.0,55.0,20.034,6.5,0,6.5,13.534,58.4246,97.37,2.63,16.745,-0.764,
2497.0,41.617,SUNLIT,1.0,55.0,20.018,6.5,0,6.5,13.518,58.4281,97.38,2.62,16.745,-0.763,
2498.0,41.633,SUNLIT,1.0,55.0,20.003,6.5,0,6.5,13.503,58.4316,97.39,2.61,16.746,-0.762,
2499.0,41.65,SUNLIT,1.0,55.0,19.988,6.5,0,6.5,13.488,58.4352,97.39,2.61,16.746,-0.761,
2500.0,41.667,SUNLIT,1.0,55.0,19.972,6.5,0,6.5,13.472,58.4387,97.4,2.6,16.746,-0.76,
2501.0,41.683,SUNLIT,1.0,55.0,19.957,6.5,0,6.5,13.457,58.4422,97.4,2.6,16.746,-0.76,
2502.0,41.7,SUNLIT,1.0,55.0,19.942,6.5,0,6.5,13.442,58.4457,97.41,2.59,16.747,-0.759,
2503.0,41.717,SUNLIT,1.0,55.0,19.926,6.5,0,6.5,13.426,58.4492,97.42,2.58,16.747,-0.758,
2504.0,41.733,SUNLIT,1.0,55.0,19.911,6.5,0,6.5,13.411,58.4527,97.42,2.58,16.747,-0.757,
2505.0,41.75,SUNLIT,1.0,55.0,19.895,6.5,0,6.5,13.395,58.4562,97.43,2.57,16.747,-0.756,
2506.0,41.767,SUNLIT,1.0,55.0,19.88,6.5,0,6.5,13.38,58.4597,97.43,2.57,16.747,-0.755,
2507.0,41.783,SUNLIT,1.0,55.0,19.865,6.5,0,6.5,13.365,58.4632,97.44,2.56,16.748,-0.754,
2508.0,41.8,SUNLIT,1.0,55.0,19.849,6.5,0,6.5,13.349,58.4667,97.44,2.56,16.748,-0.753,
2509.0,41.817,SUNLIT,1.0,55.0,19.834,6.5,0,6.5,13.334,58.4702,97.45,2.55,16.748,-0.752,
2510.0,41.833,SUNLIT,1.0,55.0,19.818,6.5,0,6.5,13.318,58.4736,97.46,2.54,16.748,-0.752,
2511.0,41.85,SUNLIT,1.0,55.0,19.803,6.5,0,6.5,13.303,58.4771,97.46,2.54,16.748,-0.751,
2512.0,41.867,SUNLIT,1.0,55.0,19.787,6.5,0,6.5,13.287,58.4806,97.47,2.53,16.749,-0.75,
2513.0,41.883,SUNLIT,1.0,55.0,19.771,6.5,0,6.5,13.271,58.484,97.47,2.53,16.749,-0.749,
2514.0,41.9,SUNLIT,1.0,55.0,19.756,6.5,0,6.5,13.256,58.4875,97.48,2.52,16.749,-0.748,
2515.0,41.917,SUNLIT,1.0,55.0,19.74,6.5,0,6.5,13.24,58.491,97.48,2.52,16.749,-0.747,
2516.0,41.933,SUNLIT,1.0,55.0,19.725,6.5,0,6.5,13.225,58.4944,97.49,2.51,16.75,-0.746,
2517.0,41.95,SUNLIT,1.0,55.0,19.709,6.5,0,6.5,13.209,58.4979,97.5,2.5,16.75,-0.745,
2518.0,41.967,SUNLIT,1.0,55.0,19.693,6.5,0,6.5,13.193,58.5013,97.5,2.5,16.75,-0.744,
2519.0,41.983,SUNLIT,1.0,55.0,19.678,6.5,0,6.5,13.178,58.5048,97.51,2.49,16.75,-0.743,
2520.0,42.0,SUNLIT,1.0,55.0,19.662,6.5,0,6.5,13.162,58.5082,97.51,2.49,16.75,-0.743,
2521.0,42.017,SUNLIT,1.0,55.0,19.646,6.5,0,6.5,13.146,58.5116,97.52,2.48,16.751,-0.742,
2522.0,42.033,SUNLIT,1.0,55.0,19.631,6.5,0,6.5,13.131,58.515,97.53,2.47,16.751,-0.741,
2523.0,42.05,SUNLIT,1.0,55.0,19.615,6.5,0,6.5,13.115,58.5185,97.53,2.47,16.751,-0.74,
2524.0,42.067,SUNLIT,1.0,55.0,19.599,6.5,0,6.5,13.099,58.5219,97.54,2.46,16.751,-0.739,
2525.0,42.083,SUNLIT,1.0,55.0,19.584,6.5,0,6.5,13.084,58.5253,97.54,2.46,16.751,-0.738,
2526.0,42.1,SUNLIT,1.0,55.0,19.568,6.5,0,6.5,13.068,58.5287,97.55,2.45,16.752,-0.737,
2527.0,42.117,SUNLIT,1.0,55.0,19.552,6.5,0,6.5,13.052,58.5321,97.55,2.45,16.752,-0.736,
2528.0,42.133,SUNLIT,1.0,55.0,19.536,6.5,0,6.5,13.036,58.5355,97.56,2.44,16.752,-0.735,
2529.0,42.15,SUNLIT,1.0,55.0,19.52,6.5,0,6.5,13.02,58.5389,97.56,2.44,16.752,-0.734,
2530.0,42.167,SUNLIT,1.0,55.0,19.505,6.5,0,6.5,13.005,58.5423,97.57,2.43,16.752,-0.734,
2531.0,42.183,SUNLIT,1.0,55.0,19.489,6.5,0,6.5,12.989,58.5457,97.58,2.42,16.753,-0.733,
2532.0,42.2,SUNLIT,1.0,55.0,19.473,6.5,0,6.5,12.973,58.5491,97.58,2.42,16.753,-0.732,
2533.0,42.217,SUNLIT,1.0,55.0,19.457,6.5,0,6.5,12.957,58.5525,97.59,2.41,16.753,-0.731,
2534.0,42.233,SUNLIT,1.0,55.0,19.441,6.5,0,6.5,12.941,58.5559,97.59,2.41,16.753,-0.73,
2535.0,42.25,SUNLIT,1.0,55.0,19.425,6.5,0,6.5,12.925,58.5592,97.6,2.4,16.753,-0.729,
2536.0,42.267,SUNLIT,1.0,55.0,19.409,6.5,0,6.5,12.909,58.5626,97.6,2.4,16.754,-0.728,
2537.0,42.283,SUNLIT,1.0,55.0,19.393,6.5,0,6.5,12.893,58.566,97.61,2.39,16.754,-0.727,
2538.0,42.3,SUNLIT,1.0,55.0,19.377,6.5,0,6.5,12.877,58.5693,97.62,2.38,16.754,-0.726,
2539.0,42.317,SUNLIT,1.0,55.0,19.361,6.5,0,6.5,12.861,58.5727,97.62,2.38,16.754,-0.725,
2540.0,42.333,SUNLIT,1.0,55.0,19.345,6.5,0,6.5,12.845,58.5761,97.63,2.37,16.754,-0.724,
2541.0,42.35,SUNLIT,1.0,55.0,19.329,6.5,0,6.5,12.829,58.5794,97.63,2.37,16.755,-0.724,
2542.0,42.367,SUNLIT,1.0,55.0,19.313,6.5,0,6.5,12.813,58.5828,97.64,2.36,16.755,-0.723,
2543.0,42.383,SUNLIT,1.0,55.0,19.297,6.5,0,6.5,12.797,58.5861,97.64,2.36,16.755,-0.722,
2544.0,42.4,SUNLIT,1.0,55.0,19.281,6.5,0,6.5,12.781,58.5894,97.65,2.35,16.755,-0.721,
2545.0,42.417,SUNLIT,1.0,55.0,19.265,6.5,0,6.5,12.765,58.5928,97.65,2.35,16.755,-0.72,
2546.0,42.433,SUNLIT,1.0,55.0,19.249,6.5,0,6.5,12.749,58.5961,97.66,2.34,16.756,-0.719,
2547.0,42.45,SUNLIT,1.0,55.0,19.233,6.5,0,6.5,12.733,58.5994,97.67,2.33,16.756,-0.718,
2548.0,42.467,SUNLIT,1.0,55.0,19.217,6.5,0,6.5,12.717,58.6027,97.67,2.33,16.756,-0.717,
2549.0,42.483,SUNLIT,1.0,55.0,19.201,6.5,0,6.5,12.701,58.6061,97.68,2.32,16.756,-0.716,
2550.0,42.5,SUNLIT,1.0,55.0,19.185,6.5,0,6.5,12.685,58.6094,97.68,2.32,16.756,-0.715,
2551.0,42.517,SUNLIT,1.0,55.0,19.168,6.5,0,6.5,12.668,58.6127,97.69,2.31,16.757,-0.714,
2552.0,42.533,SUNLIT,1.0,55.0,19.152,6.5,0,6.5,12.652,58.616,97.69,2.31,16.757,-0.713,
2553.0,42.55,SUNLIT,1.0,55.0,19.136,6.5,0,6.5,12.636,58.6193,97.7,2.3,16.757,-0.712,
2554.0,42.567,SUNLIT,1.0,55.0,19.12,6.5,0,6.5,12.62,58.6226,97.7,2.3,16.757,-0.712,
2555.0,42.583,SUNLIT,1.0,55.0,19.104,6.5,0,6.5,12.604,58.6259,97.71,2.29,16.757,-0.711,
2556.0,42.6,SUNLIT,1.0,55.0,19.087,6.5,0,6.5,12.587,58.6292,97.72,2.28,16.758,-0.71,
2557.0,42.617,SUNLIT,1.0,55.0,19.071,6.5,0,6.5,12.571,58.6324,97.72,2.28,16.758,-0.709,
2558.0,42.633,SUNLIT,1.0,55.0,19.055,6.5,0,6.5,12.555,58.6357,97.73,2.27,16.758,-0.708,
2559.0,42.65,SUNLIT,1.0,55.0,19.039,6.5,0,6.5,12.539,58.639,97.73,2.27,16.758,-0.707,
2560.0,42.667,SUNLIT,1.0,55.0,19.022,6.5,0,6.5,12.522,58.6423,97.74,2.26,16.758,-0.706,
2561.0,42.683,SUNLIT,1.0,55.0,19.006,6.5,0,6.5,12.506,58.6455,97.74,2.26,16.759,-0.705,
2562.0,42.7,SUNLIT,1.0,55.0,18.99,6.5,0,6.5,12.49,58.6488,97.75,2.25,16.759,-0.704,
2563.0,42.717,SUNLIT,1.0,55.0,18.973,6.5,0,6.5,12.473,58.652,97.75,2.25,16.759,-0.703,
2564.0,42.733,SUNLIT,1.0,55.0,18.957,6.5,0,6.5,12.457,58.6553,97.76,2.24,16.759,-0.702,
2565.0,42.75,SUNLIT,1.0,55.0,18.941,6.5,0,6.5,12.441,58.6585,97.76,2.24,16.759,-0.701,
2566.0,42.767,SUNLIT,1.0,55.0,18.924,6.5,0,6.5,12.424,58.6618,97.77,2.23,16.76,-0.7,
2567.0,42.783,SUNLIT,1.0,55.0,18.908,6.5,0,6.5,12.408,58.665,97.78,2.22,16.76,-0.699,
2568.0,42.8,SUNLIT,1.0,55.0,18.891,6.5,0,6.5,12.391,58.6683,97.78,2.22,16.76,-0.698,
2569.0,42.817,SUNLIT,1.0,55.0,18.875,6.5,0,6.5,12.375,58.6715,97.79,2.21,16.76,-0.698,
2570.0,42.833,SUNLIT,1.0,55.0,18.858,6.5,0,6.5,12.358,58.6747,97.79,2.21,16.76,-0.697,
2571.0,42.85,SUNLIT,1.0,55.0,18.842,6.5,0,6.5,12.342,58.6779,97.8,2.2,16.76,-0.696,
2572.0,42.867,SUNLIT,1.0,55.0,18.825,6.5,0,6.5,12.325,58.6812,97.8,2.2,16.761,-0.695,
2573.0,42.883,SUNLIT,1.0,55.0,18.809,6.5,0,6.5,12.309,58.6844,97.81,2.19,16.761,-0.694,
2574.0,42.9,SUNLIT,1.0,55.0,18.792,6.5,0,6.5,12.292,58.6876,97.81,2.19,16.761,-0.693,
2575.0,42.917,SUNLIT,1.0,55.0,18.776,6.5,0,6.5,12.276,58.6908,97.82,2.18,16.761,-0.692,
2576.0,42.933,SUNLIT,1.0,55.0,18.759,6.5,0,6.5,12.259,58.694,97.82,2.18,16.761,-0.691,
2577.0,42.95,SUNLIT,1.0,55.0,18.743,6.5,0,6.5,12.243,58.6972,97.83,2.17,16.762,-0.69,
2578.0,42.967,SUNLIT,1.0,55.0,18.726,6.5,0,6.5,12.226,58.7004,97.83,2.17,16.762,-0.689,
2579.0,42.983,SUNLIT,1.0,55.0,18.709,6.5,0,6.5,12.209,58.7036,97.84,2.16,16.762,-0.688,
2580.0,43.0,SUNLIT,1.0,55.0,18.693,6.5,0,6.5,12.193,58.7068,97.84,2.16,16.762,-0.687,
2581.0,43.017,SUNLIT,1.0,55.0,18.676,6.5,0,6.5,12.176,58.7099,97.85,2.15,16.762,-0.686,
2582.0,43.033,SUNLIT,1.0,55.0,18.66,6.5,0,6.5,12.16,58.7131,97.86,2.14,16.762,-0.685,
2583.0,43.05,SUNLIT,1.0,55.0,18.643,6.5,0,6.5,12.143,58.7163,97.86,2.14,16.763,-0.684,
2584.0,43.067,SUNLIT,1.0,55.0,18.626,6.5,0,6.5,12.126,58.7194,97.87,2.13,16.763,-0.683,
2585.0,43.083,SUNLIT,1.0,55.0,18.61,6.5,0,6.5,12.11,58.7226,97.87,2.13,16.763,-0.682,
2586.0,43.1,SUNLIT,1.0,55.0,18.593,6.5,0,6.5,12.093,58.7258,97.88,2.12,16.763,-0.681,
2587.0,43.117,SUNLIT,1.0,55.0,18.576,6.5,0,6.5,12.076,58.7289,97.88,2.12,16.763,-0.68,
2588.0,43.133,SUNLIT,1.0,55.0,18.559,6.5,0,6.5,12.059,58.7321,97.89,2.11,16.764,-0.68,
2589.0,43.15,SUNLIT,1.0,55.0,18.543,6.5,0,6.5,12.043,58.7352,97.89,2.11,16.764,-0.679,
2590.0,43.167,SUNLIT,1.0,55.0,18.526,6.5,0,6.5,12.026,58.7383,97.9,2.1,16.764,-0.678,
2591.0,43.183,SUNLIT,1.0,55.0,18.509,6.5,0,6.5,12.009,58.7415,97.9,2.1,16.764,-0.677,
2592.0,43.2,SUNLIT,1.0,55.0,18.492,6.5,0,6.5,11.992,58.7446,97.91,2.09,16.764,-0.676,
2593.0,43.217,SUNLIT,1.0,55.0,18.475,6.5,0,6.5,11.975,58.7477,97.91,2.09,16.764,-0.675,
2594.0,43.233,SUNLIT,1.0,55.0,18.459,6.5,0,6.5,11.959,58.7509,97.92,2.08,16.765,-0.674,
2595.0,43.25,SUNLIT,1.0,55.0,18.442,6.5,0,6.5,11.942,58.754,97.92,2.08,16.765,-0.673,
2596.0,43.267,SUNLIT,1.0,55.0,18.425,6.5,0,6.5,11.925,58.7571,97.93,2.07,16.765,-0.672,
2597.0,43.283,SUNLIT,1.0,55.0,18.408,6.5,0,6.5,11.908,58.7602,97.93,2.07,16.765,-0.671,
2598.0,43.3,SUNLIT,1.0,55.0,18.391,6.5,0,6.5,11.891,58.7633,97.94,2.06,16.765,-0.67,
2599.0,43.317,SUNLIT,1.0,55.0,18.374,6.5,0,6.5,11.874,58.7664,97.94,2.06,16.765,-0.669,
2600.0,43.333,SUNLIT,1.0,55.0,18.357,6.5,0,6.5,11.857,58.7695,97.95,2.05,16.766,-0.668,
2601.0,43.35,SUNLIT,1.0,55.0,18.34,6.5,0,6.5,11.84,58.7726,97.95,2.05,16.766,-0.667,
2602.0,43.367,SUNLIT,1.0,55.0,18.323,6.5,0,6.5,11.823,58.7757,97.96,2.04,16.766,-0.666,
2603.0,43.383,SUNLIT,1.0,55.0,18.306,6.5,0,6.5,11.806,58.7788,97.96,2.04,16.766,-0.665,
2604.0,43.4,SUNLIT,1.0,55.0,18.289,6.5,0,6.5,11.789,58.7818,97.97,2.03,16.766,-0.664,
2605.0,43.417,SUNLIT,1.0,55.0,18.272,6.5,0,6.5,11.772,58.7849,97.97,2.03,16.767,-0.663,
2606.0,43.433,SUNLIT,1.0,55.0,18.255,6.5,0,6.5,11.755,58.788,97.98,2.02,16.767,-0.662,
2607.0,43.45,SUNLIT,1.0,55.0,18.238,6.5,0,6.5,11.738,58.7911,97.99,2.01,16.767,-0.661,
2608.0,43.467,SUNLIT,1.0,55.0,18.221,6.5,0,6.5,11.721,58.7941,97.99,2.01,16.767,-0.66,
2609.0,43.483,SUNLIT,1.0,55.0,18.204,6.5,0,6.5,11.704,58.7972,98.0,2.0,16.767,-0.659,
2610.0,43.5,SUNLIT,1.0,55.0,18.187,6.5,0,6.5,11.687,58.8002,98.0,2.0,16.767,-0.658,
2611.0,43.517,SUNLIT,1.0,55.0,18.17,6.5,0,6.5,11.67,58.8033,98.01,1.99,16.768,-0.657,
2612.0,43.533,SUNLIT,1.0,55.0,18.153,6.5,0,6.5,11.653,58.8063,98.01,1.99,16.768,-0.656,
2613.0,43.55,SUNLIT,1.0,55.0,18.136,6.5,0,6.5,11.636,58.8094,98.02,1.98,16.768,-0.655,
2614.0,43.567,SUNLIT,1.0,55.0,18.119,6.5,0,6.5,11.619,58.8124,98.02,1.98,16.768,-0.654,
2615.0,43.583,SUNLIT,1.0,55.0,18.102,6.5,0,6.5,11.602,58.8154,98.03,1.97,16.768,-0.653,
2616.0,43.6,SUNLIT,1.0,55.0,18.084,6.5,0,6.5,11.584,58.8184,98.03,1.97,16.768,-0.652,
2617.0,43.617,SUNLIT,1.0,55.0,18.067,6.5,0,6.5,11.567,58.8215,98.04,1.96,16.768,-0.651,
2618.0,43.633,SUNLIT,1.0,55.0,18.05,6.5,0,6.5,11.55,58.8245,98.04,1.96,16.769,-0.651,
2619.0,43.65,SUNLIT,1.0,55.0,18.033,6.5,0,6.5,11.533,58.8275,98.05,1.95,16.769,-0.65,
2620.0,43.667,SUNLIT,1.0,55.0,18.016,6.5,0,6.5,11.516,58.8305,98.05,1.95,16.769,-0.649,
2621.0,43.683,SUNLIT,1.0,55.0,17.998,6.5,0,6.5,11.498,58.8335,98.06,1.94,16.769,-0.648,
2622.0,43.7,SUNLIT,1.0,55.0,17.981,6.5,0,6.5,11.481,58.8365,98.06,1.94,16.769,-0.647,
2623.0,43.717,SUNLIT,1.0,55.0,17.964,6.5,0,6.5,11.464,58.8395,98.07,1.93,16.769,-0.646,
2624.0,43.733,SUNLIT,1.0,55.0,17.947,6.5,0,6.5,11.447,58.8425,98.07,1.93,16.77,-0.645,
2625.0,43.75,SUNLIT,1.0,55.0,17.929,6.5,0,6.5,11.429,58.8455,98.08,1.92,16.77,-0.644,
2626.0,43.767,SUNLIT,1.0,55.0,17.912,6.5,0,6.5,11.412,58.8484,98.08,1.92,16.77,-0.643,
2627.0,43.783,SUNLIT,1.0,55.0,17.895,6.5,0,6.5,11.395,58.8514,98.09,1.91,16.77,-0.642,
2628.0,43.8,SUNLIT,1.0,55.0,17.877,6.5,0,6.5,11.377,58.8544,98.09,1.91,16.77,-0.641,
2629.0,43.817,SUNLIT,1.0,55.0,17.86,6.5,0,6.5,11.36,58.8574,98.1,1.9,16.77,-0.64,
2630.0,43.833,SUNLIT,1.0,55.0,17.843,6.5,0,6.5,11.343,58.8603,98.1,1.9,16.771,-0.639,
2631.0,43.85,SUNLIT,1.0,55.0,17.825,6.5,0,6.5,11.325,58.8633,98.11,1.89,16.771,-0.638,
2632.0,43.867,SUNLIT,1.0,55.0,17.808,6.5,0,6.5,11.308,58.8662,98.11,1.89,16.771,-0.637,
2633.0,43.883,SUNLIT,1.0,55.0,17.79,6.5,0,6.5,11.29,58.8692,98.12,1.88,16.771,-0.636,
2634.0,43.9,SUNLIT,1.0,55.0,17.773,6.5,0,6.5,11.273,58.8721,98.12,1.88,16.771,-0.635,
2635.0,43.917,SUNLIT,1.0,55.0,17.755,6.5,0,6.5,11.255,58.8751,98.13,1.87,16.771,-0.634,
2636.0,43.933,SUNLIT,1.0,55.0,17.738,6.5,0,6.5,11.238,58.878,98.13,1.87,16.771,-0.633,
2637.0,43.95,SUNLIT,1.0,55.0,17.721,6.5,0,6.5,11.221,58.8809,98.13,1.87,16.772,-0.632,
2638.0,43.967,SUNLIT,1.0,55.0,17.703,6.5,0,6.5,11.203,58.8838,98.14,1.86,16.772,-0.631,
2639.0,43.983,SUNLIT,1.0,55.0,17.686,6.5,0,6.5,11.186,58.8868,98.14,1.86,16.772,-0.63,
2640.0,44.0,SUNLIT,1.0,55.0,17.668,6.5,0,6.5,11.168,58.8897,98.15,1.85,16.772,-0.629,
2641.0,44.017,SUNLIT,1.0,55.0,17.651,6.5,0,6.5,11.151,58.8926,98.15,1.85,16.772,-0.628,
2642.0,44.033,SUNLIT,1.0,55.0,17.633,6.5,0,6.5,11.133,58.8955,98.16,1.84,16.772,-0.627,
2643.0,44.05,SUNLIT,1.0,55.0,17.615,6.5,0,6.5,11.115,58.8984,98.16,1.84,16.773,-0.626,
2644.0,44.067,SUNLIT,1.0,55.0,17.598,6.5,0,6.5,11.098,58.9013,98.17,1.83,16.773,-0.625,
2645.0,44.083,SUNLIT,1.0,55.0,17.58,6.5,0,6.5,11.08,58.9042,98.17,1.83,16.773,-0.624,
2646.0,44.1,SUNLIT,1.0,55.0,17.563,6.5,0,6.5,11.063,58.9071,98.18,1.82,16.773,-0.623,
2647.0,44.117,SUNLIT,1.0,55.0,17.545,6.5,0,6.5,11.045,58.91,98.18,1.82,16.773,-0.622,
2648.0,44.133,SUNLIT,1.0,55.0,17.527,6.5,0,6.5,11.027,58.9128,98.19,1.81,16.773,-0.621,
2649.0,44.15,SUNLIT,1.0,55.0,17.51,6.5,0,6.5,11.01,58.9157,98.19,1.81,16.773,-0.62,
2650.0,44.167,SUNLIT,1.0,55.0,17.492,6.5,0,6.5,10.992,58.9186,98.2,1.8,16.774,-0.619,
2651.0,44.183,SUNLIT,1.0,55.0,17.474,6.5,0,6.5,10.974,58.9215,98.2,1.8,16.774,-0.618,
2652.0,44.2,SUNLIT,1.0,55.0,17.457,6.5,0,6.5,10.957,58.9243,98.21,1.79,16.774,-0.617,
2653.0,44.217,SUNLIT,1.0,55.0,17.439,6.5,0,6.5,10.939,58.9272,98.21,1.79,16.774,-0.616,
2654.0,44.233,SUNLIT,1.0,55.0,17.421,6.5,0,6.5,10.921,58.93,98.22,1.78,16.774,-0.615,
2655.0,44.25,SUNLIT,1.0,55.0,17.403,6.5,0,6.5,10.903,58.9329,98.22,1.78,16.774,-0.614,
2656.0,44.267,SUNLIT,1.0,55.0,17.386,6.5,0,6.5,10.886,58.9357,98.23,1.77,16.774,-0.613,
2657.0,44.283,SUNLIT,1.0,55.0,17.368,6.5,0,6.5,10.868,58.9386,98.23,1.77,16.775,-0.612,
2658.0,44.3,SUNLIT,1.0,55.0,17.35,6.5,0,6.5,10.85,58.9414,98.24,1.76,16.775,-0.611,
2659.0,44.317,SUNLIT,1.0,55.0,17.332,6.5,0,6.5,10.832,58.9442,98.24,1.76,16.775,-0.61,
2660.0,44.333,SUNLIT,1.0,55.0,17.315,6.5,0,6.5,10.815,58.947,98.25,1.75,16.775,-0.609,
2661.0,44.35,SUNLIT,1.0,55.0,17.297,6.5,0,6.5,10.797,58.9499,98.25,1.75,16.775,-0.608,
2662.0,44.367,SUNLIT,1.0,55.0,17.279,6.5,0,6.5,10.779,58.9527,98.25,1.75,16.775,-0.607,
2663.0,44.383,SUNLIT,1.0,55.0,17.261,6.5,0,6.5,10.761,58.9555,98.26,1.74,16.775,-0.606,
2664.0,44.4,SUNLIT,1.0,55.0,17.243,6.5,0,6.5,10.743,58.9583,98.26,1.74,16.776,-0.605,
2665.0,44.417,SUNLIT,1.0,55.0,17.225,6.5,0,6.5,10.725,58.9611,98.27,1.73,16.776,-0.604,
2666.0,44.433,SUNLIT,1.0,55.0,17.207,6.5,0,6.5,10.707,58.9639,98.27,1.73,16.776,-0.603,
2667.0,44.45,SUNLIT,1.0,55.0,17.19,6.5,0,6.5,10.69,58.9667,98.28,1.72,16.776,-0.602,
2668.0,44.467,SUNLIT,1.0,55.0,17.172,6.5,0,6.5,10.672,58.9695,98.28,1.72,16.776,-0.601,
2669.0,44.483,SUNLIT,1.0,55.0,17.154,6.5,0,6.5,10.654,58.9722,98.29,1.71,16.776,-0.6,
2670.0,44.5,SUNLIT,1.0,55.0,17.136,6.5,0,6.5,10.636,58.975,98.29,1.71,16.776,-0.599,
2671.0,44.517,SUNLIT,1.0,55.0,17.118,6.5,0,6.5,10.618,58.9778,98.3,1.7,16.777,-0.597,
2672.0,44.533,SUNLIT,1.0,55.0,17.1,6.5,0,6.5,10.6,58.9806,98.3,1.7,16.777,-0.596,
2673.0,44.55,SUNLIT,1.0,55.0,17.082,6.5,0,6.5,10.582,58.9833,98.31,1.69,16.777,-0.595,
2674.0,44.567,SUNLIT,1.0,55.0,17.064,6.5,0,6.5,10.564,58.9861,98.31,1.69,16.777,-0.594,
2675.0,44.583,SUNLIT,1.0,55.0,17.046,6.5,0,6.5,10.546,58.9888,98.31,1.69,16.777,-0.593,
2676.0,44.6,SUNLIT,1.0,55.0,17.028,6.5,0,6.5,10.528,58.9916,98.32,1.68,16.777,-0.592,
2677.0,44.617,SUNLIT,1.0,55.0,17.01,6.5,0,6.5,10.51,58.9943,98.32,1.68,16.777,-0.591,
2678.0,44.633,SUNLIT,1.0,55.0,16.992,6.5,0,6.5,10.492,58.9971,98.33,1.67,16.777,-0.59,
2679.0,44.65,SUNLIT,1.0,55.0,16.974,6.5,0,6.5,10.474,58.9998,98.33,1.67,16.778,-0.589,
2680.0,44.667,SUNLIT,1.0,55.0,16.955,6.5,0,6.5,10.455,59.0025,98.34,1.66,16.778,-0.588,
2681.0,44.683,SUNLIT,1.0,55.0,16.937,6.5,0,6.5,10.437,59.0053,98.34,1.66,16.778,-0.587,
2682.0,44.7,SUNLIT,1.0,55.0,16.919,6.5,0,6.5,10.419,59.008,98.35,1.65,16.778,-0.586,
2683.0,44.717,SUNLIT,1.0,55.0,16.901,6.5,0,6.5,10.401,59.0107,98.35,1.65,16.778,-0.585,
2684.0,44.733,SUNLIT,1.0,55.0,16.883,6.5,0,6.5,10.383,59.0134,98.36,1.64,16.778,-0.584,
2685.0,44.75,SUNLIT,1.0,55.0,16.865,6.5,0,6.5,10.365,59.0161,98.36,1.64,16.778,-0.583,
2686.0,44.767,SUNLIT,1.0,55.0,16.847,6.5,0,6.5,10.347,59.0188,98.36,1.64,16.778,-0.582,
2687.0,44.783,SUNLIT,1.0,55.0,16.828,6.5,0,6.5,10.328,59.0215,98.37,1.63,16.779,-0.581,
2688.0,44.8,SUNLIT,1.0,55.0,16.81,6.5,0,6.5,10.31,59.0242,98.37,1.63,16.779,-0.58,
2689.0,44.817,SUNLIT,1.0,55.0,16.792,6.5,0,6.5,10.292,59.0269,98.38,1.62,16.779,-0.579,
2690.0,44.833,SUNLIT,1.0,55.0,16.774,6.5,0,6.5,10.274,59.0296,98.38,1.62,16.779,-0.578,
2691.0,44.85,SUNLIT,1.0,55.0,16.755,6.5,0,6.5,10.255,59.0322,98.39,1.61,16.779,-0.577,
2692.0,44.867,SUNLIT,1.0,55.0,16.737,6.5,0,6.5,10.237,59.0349,98.39,1.61,16.779,-0.576,
2693.0,44.883,SUNLIT,1.0,55.0,16.719,6.5,0,6.5,10.219,59.0376,98.4,1.6,16.779,-0.575,
2694.0,44.9,SUNLIT,1.0,55.0,16.701,6.5,0,6.5,10.201,59.0403,98.4,1.6,16.779,-0.574,
2695.0,44.917,SUNLIT,1.0,55.0,16.682,6.5,0,6.5,10.182,59.0429,98.4,1.6,16.78,-0.573,
2696.0,44.933,SUNLIT,1.0,55.0,16.664,6.5,0,6.5,10.164,59.0456,98.41,1.59,16.78,-0.572,
2697.0,44.95,SUNLIT,1.0,55.0,16.646,6.5,0,6.5,10.146,59.0482,98.41,1.59,16.78,-0.571,
2698.0,44.967,SUNLIT,1.0,55.0,16.627,6.5,0,6.5,10.127,59.0509,98.42,1.58,16.78,-0.57,
2699.0,44.983,SUNLIT,1.0,55.0,16.609,6.5,0,6.5,10.109,59.0535,98.42,1.58,16.78,-0.569,
2700.0,45.0,SUNLIT,1.0,55.0,16.591,6.5,0,6.5,10.091,59.0561,98.43,1.57,16.78,-0.568,
2701.0,45.017,SUNLIT,1.0,55.0,16.572,6.5,0,6.5,10.072,59.0588,98.43,1.57,16.78,-0.567,
2702.0,45.033,SUNLIT,1.0,55.0,16.554,6.5,0,6.5,10.054,59.0614,98.44,1.56,16.78,-0.565,
2703.0,45.05,SUNLIT,1.0,55.0,16.535,6.5,0,6.5,10.035,59.064,98.44,1.56,16.781,-0.564,
2704.0,45.067,SUNLIT,1.0,55.0,16.517,6.5,0,6.5,10.017,59.0666,98.44,1.56,16.781,-0.563,
2705.0,45.083,SUNLIT,1.0,55.0,16.499,6.5,0,6.5,9.999,59.0692,98.45,1.55,16.781,-0.562,
2706.0,45.1,SUNLIT,1.0,55.0,16.48,6.5,0,6.5,9.98,59.0718,98.45,1.55,16.781,-0.561,
2707.0,45.117,SUNLIT,1.0,55.0,16.462,6.5,0,6.5,9.962,59.0744,98.46,1.54,16.781,-0.56,
2708.0,45.133,SUNLIT,1.0,55.0,16.443,6.5,0,6.5,9.943,59.077,98.46,1.54,16.781,-0.559,
2709.0,45.15,SUNLIT,1.0,55.0,16.425,6.5,0,6.5,9.925,59.0796,98.47,1.53,16.781,-0.558,
2710.0,45.167,SUNLIT,1.0,55.0,16.406,6.5,0,6.5,9.906,59.0822,98.47,1.53,16.781,-0.557,
2711.0,45.183,SUNLIT,1.0,55.0,16.388,6.5,0,6.5,9.888,59.0848,98.47,1.53,16.781,-0.556,
2712.0,45.2,SUNLIT,1.0,55.0,16.369,6.5,0,6.5,9.869,59.0874,98.48,1.52,16.782,-0.555,
2713.0,45.217,SUNLIT,1.0,55.0,16.351,6.5,0,6.5,9.851,59.0899,98.48,1.52,16.782,-0.554,
2714.0,45.233,SUNLIT,1.0,55.0,16.332,6.5,0,6.5,9.832,59.0925,98.49,1.51,16.782,-0.553,
2715.0,45.25,SUNLIT,1.0,55.0,16.313,6.5,0,6.5,9.813,59.0951,98.49,1.51,16.782,-0.552,
2716.0,45.267,SUNLIT,1.0,55.0,16.295,6.5,0,6.5,9.795,59.0976,98.5,1.5,16.782,-0.551,
2717.0,45.283,SUNLIT,1.0,55.0,16.276,6.5,0,6.5,9.776,59.1002,98.5,1.5,16.782,-0.55,
2718.0,45.3,SUNLIT,1.0,55.0,16.258,6.5,0,6.5,9.758,59.1027,98.5,1.5,16.782,-0.549,
2719.0,45.317,SUNLIT,1.0,55.0,16.239,6.5,0,6.5,9.739,59.1053,98.51,1.49,16.782,-0.548,
2720.0,45.333,SUNLIT,1.0,55.0,16.22,6.5,0,6.5,9.72,59.1078,98.51,1.49,16.782,-0.547,
2721.0,45.35,SUNLIT,1.0,55.0,16.202,6.5,0,6.5,9.702,59.1103,98.52,1.48,16.783,-0.546,
2722.0,45.367,SUNLIT,1.0,55.0,16.183,6.5,0,6.5,9.683,59.1129,98.52,1.48,16.783,-0.544,
2723.0,45.383,SUNLIT,1.0,55.0,16.164,6.5,0,6.5,9.664,59.1154,98.53,1.47,16.783,-0.543,
2724.0,45.4,SUNLIT,1.0,55.0,16.146,6.5,0,6.5,9.646,59.1179,98.53,1.47,16.783,-0.542,
2725.0,45.417,SUNLIT,1.0,55.0,16.127,6.5,0,6.5,9.627,59.1204,98.53,1.47,16.783,-0.541,
2726.0,45.433,SUNLIT,1.0,55.0,16.108,6.5,0,6.5,9.608,59.1229,98.54,1.46,16.783,-0.54,
2727.0,45.45,SUNLIT,1.0,55.0,16.09,6.5,0,6.5,9.59,59.1254,98.54,1.46,16.783,-0.539,
2728.0,45.467,SUNLIT,1.0,55.0,16.071,6.5,0,6.5,9.571,59.1279,98.55,1.45,16.783,-0.538,
2729.0,45.483,SUNLIT,1.0,55.0,16.052,6.5,0,6.5,9.552,59.1304,98.55,1.45,16.783,-0.537,
2730.0,45.5,SUNLIT,1.0,55.0,16.033,6.5,0,6.5,9.533,59.1329,98.55,1.45,16.784,-0.536,
2731.0,45.517,SUNLIT,1.0,55.0,16.014,6.5,0,6.5,9.514,59.1354,98.56,1.44,16.784,-0.535,
2732.0,45.533,SUNLIT,1.0,55.0,15.996,6.5,0,6.5,9.496,59.1379,98.56,1.44,16.784,-0.534,
2733.0,45.55,SUNLIT,1.0,55.0,15.977,6.5,0,6.5,9.477,59.1404,98.57,1.43,16.784,-0.533,
2734.0,45.567,SUNLIT,1.0,55.0,15.958,6.5,0,6.5,9.458,59.1428,98.57,1.43,16.784,-0.532,
2735.0,45.583,SUNLIT,1.0,55.0,15.939,6.5,0,6.5,9.439,59.1453,98.58,1.42,16.784,-0.531,
2736.0,45.6,SUNLIT,1.0,55.0,15.92,6.5,0,6.5,9.42,59.1478,98.58,1.42,16.784,-0.53,
2737.0,45.617,SUNLIT,1.0,55.0,15.901,6.5,0,6.5,9.401,59.1502,98.58,1.42,16.784,-0.529,
2738.0,45.633,SUNLIT,1.0,55.0,15.883,6.5,0,6.5,9.383,59.1527,98.59,1.41,16.784,-0.527,
2739.0,45.65,SUNLIT,1.0,55.0,15.864,6.5,0,6.5,9.364,59.1551,98.59,1.41,16.784,-0.526,
2740.0,45.667,SUNLIT,1.0,55.0,15.845,6.5,0,6.5,9.345,59.1576,98.6,1.4,16.785,-0.525,
2741.0,45.683,SUNLIT,1.0,55.0,15.826,6.5,0,6.5,9.326,59.16,98.6,1.4,16.785,-0.524,
2742.0,45.7,SUNLIT,1.0,55.0,15.807,6.5,0,6.5,9.307,59.1624,98.6,1.4,16.785,-0.523,
2743.0,45.717,SUNLIT,1.0,55.0,15.788,6.5,0,6.5,9.288,59.1648,98.61,1.39,16.785,-0.522,
2744.0,45.733,SUNLIT,1.0,55.0,15.769,6.5,0,6.5,9.269,59.1673,98.61,1.39,16.785,-0.521,
2745.0,45.75,SUNLIT,1.0,55.0,15.75,6.5,0,6.5,9.25,59.1697,98.62,1.38,16.785,-0.52,
2746.0,45.767,SUNLIT,1.0,55.0,15.731,6.5,0,6.5,9.231,59.1721,98.62,1.38,16.785,-0.519,
2747.0,45.783,SUNLIT,1.0,55.0,15.712,6.5,0,6.5,9.212,59.1745,98.62,1.38,16.785,-0.518,
2748.0,45.8,SUNLIT,1.0,55.0,15.693,6.5,0,6.5,9.193,59.1769,98.63,1.37,16.785,-0.517,
2749.0,45.817,SUNLIT,1.0,55.0,15.674,6.5,0,6.5,9.174,59.1793,98.63,1.37,16.785,-0.516,
2750.0,45.833,SUNLIT,1.0,55.0,15.655,6.5,0,6.5,9.155,59.1817,98.64,1.36,16.786,-0.515,
2751.0,45.85,SUNLIT,1.0,55.0,15.636,6.5,0,6.5,9.136,59.1841,98.64,1.36,16.786,-0.514,
2752.0,45.867,SUNLIT,1.0,55.0,15.617,6.5,0,6.5,9.117,59.1864,98.64,1.36,16.786,-0.512,
2753.0,45.883,SUNLIT,1.0,55.0,15.598,6.5,0,6.5,9.098,59.1888,98.65,1.35,16.786,-0.511,
2754.0,45.9,SUNLIT,1.0,55.0,15.579,6.5,0,6.5,9.079,59.1912,98.65,1.35,16.786,-0.51,
2755.0,45.917,SUNLIT,1.0,55.0,15.56,6.5,0,6.5,9.06,59.1936,98.66,1.34,16.786,-0.509,
2756.0,45.933,SUNLIT,1.0,55.0,15.541,6.5,0,6.5,9.041,59.1959,98.66,1.34,16.786,-0.508,
2757.0,45.95,SUNLIT,1.0,55.0,15.521,6.5,0,6.5,9.021,59.1983,98.66,1.34,16.786,-0.507,
2758.0,45.967,SUNLIT,1.0,55.0,15.502,6.5,0,6.5,9.002,59.2006,98.67,1.33,16.786,-0.506,
2759.0,45.983,SUNLIT,1.0,55.0,15.483,6.5,0,6.5,8.983,59.203,98.67,1.33,16.786,-0.505,
2760.0,46.0,SUNLIT,1.0,55.0,15.464,6.5,0,6.5,8.964,59.2053,98.68,1.32,16.786,-0.504,
2761.0,46.017,SUNLIT,1.0,55.0,15.445,6.5,0,6.5,8.945,59.2076,98.68,1.32,16.787,-0.503,
2762.0,46.033,SUNLIT,1.0,55.0,15.426,6.5,0,6.5,8.926,59.21,98.68,1.32,16.787,-0.502,
2763.0,46.05,SUNLIT,1.0,55.0,15.406,6.5,0,6.5,8.906,59.2123,98.69,1.31,16.787,-0.501,
2764.0,46.067,SUNLIT,1.0,55.0,15.387,6.5,0,6.5,8.887,59.2146,98.69,1.31,16.787,-0.499,
2765.0,46.083,SUNLIT,1.0,55.0,15.368,6.5,0,6.5,8.868,59.2169,98.69,1.31,16.787,-0.498,
2766.0,46.1,SUNLIT,1.0,55.0,15.349,6.5,0,6.5,8.849,59.2192,98.7,1.3,16.787,-0.497,
2767.0,46.117,SUNLIT,1.0,55.0,15.329,6.5,0,6.5,8.829,59.2216,98.7,1.3,16.787,-0.496,
2768.0,46.133,SUNLIT,1.0,55.0,15.31,6.5,0,6.5,8.81,59.2239,98.71,1.29,16.787,-0.495,
2769.0,46.15,SUNLIT,1.0,55.0,15.291,6.5,0,6.5,8.791,59.2261,98.71,1.29,16.787,-0.494,
2770.0,46.167,SUNLIT,1.0,55.0,15.272,6.5,0,6.5,8.772,59.2284,98.71,1.29,16.787,-0.493,
2771.0,46.183,SUNLIT,1.0,55.0,15.252,6.5,0,6.5,8.752,59.2307,98.72,1.28,16.787,-0.492,
2772.0,46.2,SUNLIT,1.0,55.0,15.233,6.5,0,6.5,8.733,59.233,98.72,1.28,16.787,-0.491,
2773.0,46.217,SUNLIT,1.0,55.0,15.214,6.5,0,6.5,8.714,59.2353,98.73,1.27,16.788,-0.49,
2774.0,46.233,SUNLIT,1.0,55.0,15.194,6.5,0,6.5,8.694,59.2376,98.73,1.27,16.788,-0.489,
2775.0,46.25,SUNLIT,1.0,55.0,15.175,6.5,0,6.5,8.675,59.2398,98.73,1.27,16.788,-0.487,
2776.0,46.267,SUNLIT,1.0,55.0,15.156,6.5,0,6.5,8.656,59.2421,98.74,1.26,16.788,-0.486,
2777.0,46.283,SUNLIT,1.0,55.0,15.136,6.5,0,6.5,8.636,59.2443,98.74,1.26,16.788,-0.485,
2778.0,46.3,SUNLIT,1.0,55.0,15.117,6.5,0,6.5,8.617,59.2466,98.74,1.26,16.788,-0.484,
2779.0,46.317,SUNLIT,1.0,55.0,15.097,6.5,0,6.5,8.597,59.2488,98.75,1.25,16.788,-0.483,
2780.0,46.333,SUNLIT,1.0,55.0,15.078,6.5,0,6.5,8.578,59.2511,98.75,1.25,16.788,-0.482,
2781.0,46.35,SUNLIT,1.0,55.0,15.059,6.5,0,6.5,8.559,59.2533,98.76,1.24,16.788,-0.481,
2782.0,46.367,SUNLIT,1.0,55.0,15.039,6.5,0,6.5,8.539,59.2555,98.76,1.24,16.788,-0.48,
2783.0,46.383,SUNLIT,1.0,55.0,15.02,6.5,0,6.5,8.52,59.2578,98.76,1.24,16.788,-0.479,
2784.0,46.4,SUNLIT,1.0,55.0,15.0,6.5,0,6.5,8.5,59.26,98.77,1.23,16.788,-0.478,
2785.0,46.417,SUNLIT,1.0,55.0,14.981,6.5,0,6.5,8.481,59.2622,98.77,1.23,16.788,-0.476,
2786.0,46.433,SUNLIT,1.0,55.0,14.961,6.5,0,6.5,8.461,59.2644,98.77,1.23,16.789,-0.475,
2787.0,46.45,SUNLIT,1.0,55.0,14.942,6.5,0,6.5,8.442,59.2666,98.78,1.22,16.789,-0.474,
2788.0,46.467,SUNLIT,1.0,55.0,14.922,6.5,0,6.5,8.422,59.2688,98.78,1.22,16.789,-0.473,
2789.0,46.483,SUNLIT,1.0,55.0,14.903,6.5,0,6.5,8.403,59.271,98.78,1.22,16.789,-0.472,
2790.0,46.5,SUNLIT,1.0,55.0,14.883,6.5,0,6.5,8.383,59.2732,98.79,1.21,16.789,-0.471,
2791.0,46.517,SUNLIT,1.0,55.0,14.864,6.5,0,6.5,8.364,59.2754,98.79,1.21,16.789,-0.47,
2792.0,46.533,SUNLIT,1.0,55.0,14.844,6.5,0,6.5,8.344,59.2775,98.8,1.2,16.789,-0.469,
2793.0,46.55,SUNLIT,1.0,55.0,14.824,6.5,0,6.5,8.324,59.2797,98.8,1.2,16.789,-0.468,
2794.0,46.567,SUNLIT,1.0,55.0,14.805,6.5,0,6.5,8.305,59.2819,98.8,1.2,16.789,-0.467,
2795.0,46.583,SUNLIT,1.0,55.0,14.785,6.5,0,6.5,8.285,59.2841,98.81,1.19,16.789,-0.465,
2796.0,46.6,SUNLIT,1.0,55.0,14.766,6.5,0,6.5,8.266,59.2862,98.81,1.19,16.789,-0.464,
2797.0,46.617,SUNLIT,1.0,55.0,14.746,6.5,0,6.5,8.246,59.2884,98.81,1.19,16.789,-0.463,
2798.0,46.633,SUNLIT,1.0,55.0,14.726,6.5,0,6.5,8.226,59.2905,98.82,1.18,16.789,-0.462,
2799.0,46.65,SUNLIT,1.0,55.0,14.707,6.5,0,6.5,8.207,59.2927,98.82,1.18,16.789,-0.461,
2800.0,46.667,SUNLIT,1.0,55.0,14.687,6.5,0,6.5,8.187,59.2948,98.82,1.18,16.789,-0.46,
2801.0,46.683,SUNLIT,1.0,55.0,14.667,6.5,0,6.5,8.167,59.2969,98.83,1.17,16.79,-0.459,
2802.0,46.7,SUNLIT,1.0,55.0,14.648,6.5,0,6.5,8.148,59.2991,98.83,1.17,16.79,-0.458,
2803.0,46.717,SUNLIT,1.0,55.0,14.628,6.5,0,6.5,8.128,59.3012,98.84,1.16,16.79,-0.457,
2804.0,46.733,SUNLIT,1.0,55.0,14.608,6.5,0,6.5,8.108,59.3033,98.84,1.16,16.79,-0.455,
2805.0,46.75,SUNLIT,1.0,55.0,14.589,6.5,0,6.5,8.089,59.3054,98.84,1.16,16.79,-0.454,
2806.0,46.767,SUNLIT,1.0,55.0,14.569,6.5,0,6.5,8.069,59.3075,98.85,1.15,16.79,-0.453,
2807.0,46.783,SUNLIT,1.0,55.0,14.549,6.5,0,6.5,8.049,59.3096,98.85,1.15,16.79,-0.452,
2808.0,46.8,SUNLIT,1.0,55.0,14.529,6.5,0,6.5,8.029,59.3117,98.85,1.15,16.79,-0.451,
2809.0,46.817,SUNLIT,1.0,55.0,14.51,6.5,0,6.5,8.01,59.3138,98.86,1.14,16.79,-0.45,
2810.0,46.833,SUNLIT,1.0,55.0,14.49,6.5,0,6.5,7.99,59.3159,98.86,1.14,16.79,-0.449,
2811.0,46.85,SUNLIT,1.0,55.0,14.47,6.5,0,6.5,7.97,59.318,98.86,1.14,16.79,-0.448,
2812.0,46.867,SUNLIT,1.0,55.0,14.45,6.5,0,6.5,7.95,59.32,98.87,1.13,16.79,-0.447,
2813.0,46.883,SUNLIT,1.0,55.0,14.43,6.5,0,6.5,7.93,59.3221,98.87,1.13,16.79,-0.445,
2814.0,46.9,SUNLIT,1.0,55.0,14.41,6.5,0,6.5,7.91,59.3242,98.87,1.13,16.79,-0.444,
2815.0,46.917,SUNLIT,1.0,55.0,14.391,6.5,0,6.5,7.891,59.3262,98.88,1.12,16.79,-0.443,
2816.0,46.933,SUNLIT,1.0,55.0,14.371,6.5,0,6.5,7.871,59.3283,98.88,1.12,16.79,-0.442,
2817.0,46.95,SUNLIT,1.0,55.0,14.351,6.5,0,6.5,7.851,59.3303,98.88,1.12,16.791,-0.441,
2818.0,46.967,SUNLIT,1.0,55.0,14.331,6.5,0,6.5,7.831,59.3324,98.89,1.11,16.791,-0.44,
2819.0,46.983,SUNLIT,1.0,55.0,14.311,6.5,0,6.5,7.811,59.3344,98.89,1.11,16.791,-0.439,
2820.0,47.0,SUNLIT,1.0,55.0,14.291,6.5,0,6.5,7.791,59.3365,98.89,1.11,16.791,-0.438,
2821.0,47.017,SUNLIT,1.0,55.0,14.271,6.5,0,6.5,7.771,59.3385,98.9,1.1,16.791,-0.436,
2822.0,47.033,SUNLIT,1.0,55.0,14.251,6.5,0,6.5,7.751,59.3405,98.9,1.1,16.791,-0.435,
2823.0,47.05,SUNLIT,1.0,55.0,14.231,6.5,0,6.5,7.731,59.3425,98.9,1.1,16.791,-0.434,
2824.0,47.067,SUNLIT,1.0,55.0,14.211,6.5,0,6.5,7.711,59.3445,98.91,1.09,16.791,-0.433,
2825.0,47.083,SUNLIT,1.0,55.0,14.192,6.5,0,6.5,7.692,59.3466,98.91,1.09,16.791,-0.432,
2826.0,47.1,SUNLIT,1.0,55.0,14.172,6.5,0,6.5,7.672,59.3486,98.91,1.09,16.791,-0.431,
2827.0,47.117,SUNLIT,1.0,55.0,14.152,6.5,0,6.5,7.652,59.3506,98.92,1.08,16.791,-0.43,
2828.0,47.133,SUNLIT,1.0,55.0,14.132,6.5,0,6.5,7.632,59.3526,98.92,1.08,16.791,-0.429,
2829.0,47.15,SUNLIT,1.0,55.0,14.112,6.5,0,6.5,7.612,59.3545,98.92,1.08,16.791,-0.427,
2830.0,47.167,SUNLIT,1.0,55.0,14.092,6.5,0,6.5,7.592,59.3565,98.93,1.07,16.791,-0.426,
2831.0,47.183,SUNLIT,1.0,55.0,14.072,6.5,0,6.5,7.572,59.3585,98.93,1.07,16.791,-0.425,
2832.0,47.2,SUNLIT,1.0,55.0,14.051,6.5,0,6.5,7.551,59.3605,98.93,1.07,16.791,-0.424,
2833.0,47.217,SUNLIT,1.0,55.0,14.031,6.5,0,6.5,7.531,59.3624,98.94,1.06,16.791,-0.423,
2834.0,47.233,SUNLIT,1.0,55.0,14.011,6.5,0,6.5,7.511,59.3644,98.94,1.06,16.791,-0.422,
2835.0,47.25,SUNLIT,1.0,55.0,13.991,6.5,0,6.5,7.491,59.3664,98.94,1.06,16.791,-0.421,
2836.0,47.267,SUNLIT,1.0,55.0,13.971,6.5,0,6.5,7.471,59.3683,98.95,1.05,16.791,-0.42,
2837.0,47.283,SUNLIT,1.0,55.0,13.951,6.5,0,6.5,7.451,59.3702,98.95,1.05,16.792,-0.418,
2838.0,47.3,SUNLIT,1.0,55.0,13.931,6.5,0,6.5,7.431,59.3722,98.95,1.05,16.792,-0.417,
2839.0,47.317,SUNLIT,1.0,55.0,13.911,6.5,0,6.5,7.411,59.3741,98.96,1.04,16.792,-0.416,
2840.0,47.333,SUNLIT,1.0,55.0,13.891,6.5,0,6.5,7.391,59.3761,98.96,1.04,16.792,-0.415,
2841.0,47.35,SUNLIT,1.0,55.0,13.871,6.5,0,6.5,7.371,59.378,98.96,1.04,16.792,-0.414,
2842.0,47.367,SUNLIT,1.0,55.0,13.85,6.5,0,6.5,7.35,59.3799,98.97,1.03,16.792,-0.413,
2843.0,47.383,SUNLIT,1.0,55.0,13.83,6.5,0,6.5,7.33,59.3818,98.97,1.03,16.792,-0.412,
2844.0,47.4,SUNLIT,1.0,55.0,13.81,6.5,0,6.5,7.31,59.3837,98.97,1.03,16.792,-0.41,
2845.0,47.417,SUNLIT,1.0,55.0,13.79,6.5,0,6.5,7.29,59.3856,98.98,1.02,16.792,-0.409,
2846.0,47.433,SUNLIT,1.0,55.0,13.77,6.5,0,6.5,7.27,59.3875,98.98,1.02,16.792,-0.408,
2847.0,47.45,SUNLIT,1.0,55.0,13.749,6.5,0,6.5,7.249,59.3894,98.98,1.02,16.792,-0.407,
2848.0,47.467,SUNLIT,1.0,55.0,13.729,6.5,0,6.5,7.229,59.3913,98.99,1.01,16.792,-0.406,
2849.0,47.483,SUNLIT,1.0,55.0,13.709,6.5,0,6.5,7.209,59.3932,98.99,1.01,16.792,-0.405,
2850.0,47.5,SUNLIT,1.0,55.0,13.689,6.5,0,6.5,7.189,59.3951,98.99,1.01,16.792,-0.404,
2851.0,47.517,SUNLIT,1.0,55.0,13.668,6.5,0,6.5,7.168,59.3969,98.99,1.01,16.792,-0.402,
2852.0,47.533,SUNLIT,1.0,55.0,13.648,6.5,0,6.5,7.148,59.3988,99.0,1.0,16.792,-0.401,
2853.0,47.55,SUNLIT,1.0,55.0,13.628,6.5,0,6.5,7.128,59.4007,99.0,1.0,16.792,-0.4,
2854.0,47.567,SUNLIT,1.0,55.0,13.608,6.5,0,6.5,7.108,59.4025,99.0,1.0,16.792,-0.399,
2855.0,47.583,SUNLIT,1.0,55.0,13.587,6.5,0,6.5,7.087,59.4044,99.01,0.99,16.792,-0.398,
2856.0,47.6,SUNLIT,1.0,55.0,13.567,6.5,0,6.5,7.067,59.4062,99.01,0.99,16.792,-0.397,
2857.0,47.617,SUNLIT,1.0,55.0,13.547,6.5,0,6.5,7.047,59.4081,99.01,0.99,16.792,-0.396,
2858.0,47.633,SUNLIT,1.0,55.0,13.526,6.5,0,6.5,7.026,59.4099,99.02,0.98,16.792,-0.394,
2859.0,47.65,SUNLIT,1.0,55.0,13.506,6.5,0,6.5,7.006,59.4117,99.02,0.98,16.792,-0.393,
2860.0,47.667,SUNLIT,1.0,55.0,13.486,6.5,0,6.5,6.986,59.4135,99.02,0.98,16.792,-0.392,
2861.0,47.683,SUNLIT,1.0,55.0,13.465,6.5,0,6.5,6.965,59.4154,99.03,0.97,16.792,-0.391,
2862.0,47.7,SUNLIT,1.0,55.0,13.445,6.5,0,6.5,6.945,59.4172,99.03,0.97,16.792,-0.39,
2863.0,47.717,SUNLIT,1.0,55.0,13.424,6.5,0,6.5,6.924,59.419,99.03,0.97,16.792,-0.389,
2864.0,47.733,SUNLIT,1.0,55.0,13.404,6.5,0,6.5,6.904,59.4208,99.03,0.97,16.793,-0.388,
2865.0,47.75,SUNLIT,1.0,55.0,13.384,6.5,0,6.5,6.884,59.4226,99.04,0.96,16.793,-0.386,
2866.0,47.767,SUNLIT,1.0,55.0,13.363,6.5,0,6.5,6.863,59.4244,99.04,0.96,16.793,-0.385,
2867.0,47.783,SUNLIT,1.0,55.0,13.343,6.5,0,6.5,6.843,59.4262,99.04,0.96,16.793,-0.384,
2868.0,47.8,SUNLIT,1.0,55.0,13.322,6.5,0,6.5,6.822,59.4279,99.05,0.95,16.793,-0.383,
2869.0,47.817,SUNLIT,1.0,55.0,13.302,6.5,0,6.5,6.802,59.4297,99.05,0.95,16.793,-0.382,
2870.0,47.833,SUNLIT,1.0,55.0,13.281,6.5,0,6.5,6.781,59.4315,99.05,0.95,16.793,-0.381,
2871.0,47.85,SUNLIT,1.0,55.0,13.261,6.5,0,6.5,6.761,59.4333,99.06,0.94,16.793,-0.379,
2872.0,47.867,SUNLIT,1.0,55.0,13.24,6.5,0,6.5,6.74,59.435,99.06,0.94,16.793,-0.378,
2873.0,47.883,SUNLIT,1.0,55.0,13.22,6.5,0,6.5,6.72,59.4368,99.06,0.94,16.793,-0.377,
2874.0,47.9,SUNLIT,1.0,55.0,13.199,6.5,0,6.5,6.699,59.4385,99.06,0.94,16.793,-0.376,
2875.0,47.917,SUNLIT,1.0,55.0,13.179,6.5,0,6.5,6.679,59.4403,99.07,0.93,16.793,-0.375,
2876.0,47.933,SUNLIT,1.0,55.0,13.158,6.5,0,6.5,6.658,59.442,99.07,0.93,16.793,-0.374,
2877.0,47.95,SUNLIT,1.0,55.0,13.138,6.5,0,6.5,6.638,59.4437,99.07,0.93,16.793,-0.373,
2878.0,47.967,SUNLIT,1.0,55.0,13.117,6.5,0,6.5,6.617,59.4455,99.08,0.92,16.793,-0.371,
2879.0,47.983,SUNLIT,1.0,55.0,13.097,6.5,0,6.5,6.597,59.4472,99.08,0.92,16.793,-0.37,
2880.0,48.0,SUNLIT,1.0,55.0,13.076,6.5,0,6.5,6.576,59.4489,99.08,0.92,16.793,-0.369,
2881.0,48.017,SUNLIT,1.0,55.0,13.055,6.5,0,6.5,6.555,59.4506,99.08,0.92,16.793,-0.368,
2882.0,48.033,SUNLIT,1.0,55.0,13.035,6.5,0,6.5,6.535,59.4523,99.09,0.91,16.793,-0.367,
2883.0,48.05,SUNLIT,1.0,55.0,13.014,6.5,0,6.5,6.514,59.454,99.09,0.91,16.793,-0.366,
2884.0,48.067,SUNLIT,1.0,55.0,12.994,6.5,0,6.5,6.494,59.4557,99.09,0.91,16.793,-0.364,
2885.0,48.083,SUNLIT,1.0,55.0,12.973,6.5,0,6.5,6.473,59.4574,99.1,0.9,16.793,-0.363,
2886.0,48.1,SUNLIT,1.0,55.0,12.952,6.5,0,6.5,6.452,59.4591,99.1,0.9,16.793,-0.362,
2887.0,48.117,SUNLIT,1.0,55.0,12.932,6.5,0,6.5,6.432,59.4608,99.1,0.9,16.793,-0.361,
2888.0,48.133,SUNLIT,1.0,55.0,12.911,6.5,0,6.5,6.411,59.4624,99.1,0.9,16.793,-0.36,
2889.0,48.15,SUNLIT,1.0,55.0,12.89,6.5,0,6.5,6.39,59.4641,99.11,0.89,16.793,-0.359,
2890.0,48.167,SUNLIT,1.0,55.0,12.87,6.5,0,6.5,6.37,59.4658,99.11,0.89,16.793,-0.357,
2891.0,48.183,SUNLIT,1.0,55.0,12.849,6.5,0,6.5,6.349,59.4674,99.11,0.89,16.793,-0.356,
2892.0,48.2,SUNLIT,1.0,55.0,12.828,6.5,0,6.5,6.328,59.4691,99.12,0.88,16.793,-0.355,
2893.0,48.217,SUNLIT,1.0,55.0,12.807,6.5,0,6.5,6.307,59.4707,99.12,0.88,16.793,-0.354,
2894.0,48.233,SUNLIT,1.0,55.0,12.787,6.5,0,6.5,6.287,59.4724,99.12,0.88,16.793,-0.353,
2895.0,48.25,SUNLIT,1.0,55.0,12.766,6.5,0,6.5,6.266,59.474,99.12,0.88,16.793,-0.352,
2896.0,48.267,SUNLIT,1.0,55.0,12.745,6.5,0,6.5,6.245,59.4756,99.13,0.87,16.793,-0.35,
2897.0,48.283,SUNLIT,1.0,55.0,12.724,6.5,0,6.5,6.224,59.4773,99.13,0.87,16.793,-0.349,
2898.0,48.3,SUNLIT,1.0,55.0,12.704,6.5,0,6.5,6.204,59.4789,99.13,0.87,16.793,-0.348,
2899.0,48.317,SUNLIT,1.0,55.0,12.683,6.5,0,6.5,6.183,59.4805,99.13,0.87,16.793,-0.347,
2900.0,48.333,SUNLIT,1.0,55.0,12.662,6.5,0,6.5,6.162,59.4821,99.14,0.86,16.793,-0.346,
2901.0,48.35,SUNLIT,1.0,55.0,12.641,6.5,0,6.5,6.141,59.4837,99.14,0.86,16.793,-0.345,
2902.0,48.367,SUNLIT,1.0,55.0,12.62,6.5,0,6.5,6.12,59.4853,99.14,0.86,16.793,-0.343,
2903.0,48.383,SUNLIT,1.0,55.0,12.6,6.5,0,6.5,6.1,59.4869,99.14,0.86,16.793,-0.342,
2904.0,48.4,SUNLIT,1.0,55.0,12.579,6.5,0,6.5,6.079,59.4885,99.15,0.85,16.793,-0.341,
2905.0,48.417,SUNLIT,1.0,55.0,12.558,6.5,0,6.5,6.058,59.4901,99.15,0.85,16.793,-0.34,
2906.0,48.433,SUNLIT,1.0,55.0,12.537,6.5,0,6.5,6.037,59.4916,99.15,0.85,16.793,-0.339,
2907.0,48.45,SUNLIT,1.0,55.0,12.516,6.5,0,6.5,6.016,59.4932,99.16,0.84,16.793,-0.338,
2908.0,48.467,SUNLIT,1.0,55.0,12.495,6.5,0,6.5,5.995,59.4948,99.16,0.84,16.793,-0.336,
2909.0,48.483,SUNLIT,1.0,55.0,12.474,6.5,0,6.5,5.974,59.4963,99.16,0.84,16.793,-0.335,
2910.0,48.5,SUNLIT,1.0,55.0,12.454,6.5,0,6.5,5.954,59.4979,99.16,0.84,16.793,-0.334,
2911.0,48.517,SUNLIT,1.0,55.0,12.433,6.5,0,6.5,5.933,59.4994,99.17,0.83,16.793,-0.333,
2912.0,48.533,SUNLIT,1.0,55.0,12.412,6.5,0,6.5,5.912,59.501,99.17,0.83,16.793,-0.332,
2913.0,48.55,SUNLIT,1.0,55.0,12.391,6.5,0,6.5,5.891,59.5025,99.17,0.83,16.793,-0.331,
2914.0,48.567,SUNLIT,1.0,55.0,12.37,6.5,0,6.5,5.87,59.5041,99.17,0.83,16.793,-0.329,
2915.0,48.583,SUNLIT,1.0,55.0,12.349,6.5,0,6.5,5.849,59.5056,99.18,0.82,16.793,-0.328,
2916.0,48.6,SUNLIT,1.0,55.0,12.328,6.5,0,6.5,5.828,59.5071,99.18,0.82,16.793,-0.327,
2917.0,48.617,SUNLIT,1.0,55.0,12.307,6.5,0,6.5,5.807,59.5086,99.18,0.82,16.793,-0.326,
2918.0,48.633,SUNLIT,1.0,55.0,12.286,6.5,0,6.5,5.786,59.5101,99.18,0.82,16.793,-0.325,
2919.0,48.65,SUNLIT,1.0,55.0,12.265,6.5,0,6.5,5.765,59.5116,99.19,0.81,16.793,-0.323,
2920.0,48.667,SUNLIT,1.0,55.0,12.244,6.5,0,6.5,5.744,59.5131,99.19,0.81,16.793,-0.322,
2921.0,48.683,SUNLIT,1.0,55.0,12.223,6.5,0,6.5,5.723,59.5146,99.19,0.81,16.793,-0.321,
2922.0,48.7,SUNLIT,1.0,55.0,12.202,6.5,0,6.5,5.702,59.5161,99.19,0.81,16.793,-0.32,
2923.0,48.717,SUNLIT,1.0,55.0,12.181,6.5,0,6.5,5.681,59.5176,99.2,0.8,16.793,-0.319,
2924.0,48.733,SUNLIT,1.0,55.0,12.16,6.5,0,6.5,5.66,59.5191,99.2,0.8,16.793,-0.318,
2925.0,48.75,SUNLIT,1.0,55.0,12.139,6.5,0,6.5,5.639,59.5206,99.2,0.8,16.793,-0.316,
2926.0,48.767,SUNLIT,1.0,55.0,12.118,6.5,0,6.5,5.618,59.522,99.2,0.8,16.793,-0.315,
2927.0,48.783,SUNLIT,1.0,55.0,12.097,6.5,0,6.5,5.597,59.5235,99.21,0.79,16.793,-0.314,
2928.0,48.8,SUNLIT,1.0,55.0,12.076,6.5,0,6.5,5.576,59.5249,99.21,0.79,16.793,-0.313,
2929.0,48.817,SUNLIT,1.0,55.0,12.055,6.5,0,6.5,5.555,59.5264,99.21,0.79,16.793,-0.312,
2930.0,48.833,SUNLIT,1.0,55.0,12.033,6.5,0,6.5,5.533,59.5278,99.21,0.79,16.793,-0.31,
2931.0,48.85,SUNLIT,1.0,55.0,12.012,6.5,0,6.5,5.512,59.5293,99.22,0.78,16.793,-0.309,
2932.0,48.867,SUNLIT,1.0,55.0,11.991,6.5,0,6.5,5.491,59.5307,99.22,0.78,16.793,-0.308,
2933.0,48.883,SUNLIT,1.0,55.0,11.97,6.5,0,6.5,5.47,59.5321,99.22,0.78,16.793,-0.307,
2934.0,48.9,SUNLIT,1.0,55.0,11.949,6.5,0,6.5,5.449,59.5336,99.22,0.78,16.793,-0.306,
2935.0,48.917,SUNLIT,1.0,55.0,11.928,6.5,0,6.5,5.428,59.535,99.22,0.78,16.793,-0.304,
2936.0,48.933,SUNLIT,1.0,55.0,11.907,6.5,0,6.5,5.407,59.5364,99.23,0.77,16.793,-0.303,
2937.0,48.95,SUNLIT,1.0,55.0,11.885,6.5,0,6.5,5.385,59.5378,99.23,0.77,16.793,-0.302,
2938.0,48.967,SUNLIT,1.0,55.0,11.864,6.5,0,6.5,5.364,59.5392,99.23,0.77,16.793,-0.301,
2939.0,48.983,SUNLIT,1.0,55.0,11.843,6.5,0,6.5,5.343,59.5406,99.23,0.77,16.793,-0.3,
2940.0,49.0,SUNLIT,1.0,55.0,11.822,6.5,0,6.5,5.322,59.542,99.24,0.76,16.793,-0.299,
2941.0,49.017,SUNLIT,1.0,55.0,11.801,6.5,0,6.5,5.301,59.5434,99.24,0.76,16.793,-0.297,
2942.0,49.033,SUNLIT,1.0,55.0,11.779,6.5,0,6.5,5.279,59.5447,99.24,0.76,16.793,-0.296,
2943.0,49.05,SUNLIT,1.0,55.0,11.758,6.5,0,6.5,5.258,59.5461,99.24,0.76,16.793,-0.295,
2944.0,49.067,SUNLIT,1.0,55.0,11.737,6.5,0,6.5,5.237,59.5475,99.25,0.75,16.793,-0.294,
2945.0,49.083,SUNLIT,1.0,55.0,11.716,6.5,0,6.5,5.216,59.5489,99.25,0.75,16.793,-0.293,
2946.0,49.1,SUNLIT,1.0,55.0,11.694,6.5,0,6.5,5.194,59.5502,99.25,0.75,16.793,-0.291,
2947.0,49.117,SUNLIT,1.0,55.0,11.673,6.5,0,6.5,5.173,59.5516,99.25,0.75,16.793,-0.29,
2948.0,49.133,SUNLIT,1.0,55.0,11.652,6.5,0,6.5,5.152,59.5529,99.25,0.75,16.793,-0.289,
2949.0,49.15,SUNLIT,1.0,55.0,11.631,6.5,0,6.5,5.131,59.5542,99.26,0.74,16.793,-0.288,
2950.0,49.167,SUNLIT,1.0,55.0,11.609,6.5,0,6.5,5.109,59.5556,99.26,0.74,16.793,-0.287,
2951.0,49.183,SUNLIT,1.0,55.0,11.588,6.5,0,6.5,5.088,59.5569,99.26,0.74,16.793,-0.285,
2952.0,49.2,SUNLIT,1.0,55.0,11.567,6.5,0,6.5,5.067,59.5582,99.26,0.74,16.793,-0.284,
2953.0,49.217,SUNLIT,1.0,55.0,11.545,6.5,0,6.5,5.045,59.5595,99.27,0.73,16.793,-0.283,
2954.0,49.233,SUNLIT,1.0,55.0,11.524,6.5,0,6.5,5.024,59.5609,99.27,0.73,16.793,-0.282,
2955.0,49.25,SUNLIT,1.0,55.0,11.503,6.5,0,6.5,5.003,59.5622,99.27,0.73,16.793,-0.281,
2956.0,49.267,SUNLIT,1.0,55.0,11.481,6.5,0,6.5,4.981,59.5635,99.27,0.73,16.793,-0.279,
2957.0,49.283,SUNLIT,1.0,55.0,11.46,6.5,0,6.5,4.96,59.5648,99.27,0.73,16.793,-0.278,
2958.0,49.3,SUNLIT,1.0,55.0,11.439,6.5,0,6.5,4.939,59.566,99.28,0.72,16.793,-0.277,
2959.0,49.317,SUNLIT,1.0,55.0,11.417,6.5,0,6.5,4.917,59.5673,99.28,0.72,16.793,-0.276,
2960.0,49.333,SUNLIT,1.0,55.0,11.396,6.5,0,6.5,4.896,59.5686,99.28,0.72,16.793,-0.275,
2961.0,49.35,SUNLIT,1.0,55.0,11.374,6.5,0,6.5,4.874,59.5699,99.28,0.72,16.793,-0.273,
2962.0,49.367,SUNLIT,1.0,55.0,11.353,6.5,0,6.5,4.853,59.5712,99.29,0.71,16.793,-0.272,
2963.0,49.383,SUNLIT,1.0,55.0,11.332,6.5,0,6.5,4.832,59.5724,99.29,0.71,16.793,-0.271,
2964.0,49.4,SUNLIT,1.0,55.0,11.31,6.5,0,6.5,4.81,59.5737,99.29,0.71,16.793,-0.27,
2965.0,49.417,SUNLIT,1.0,55.0,11.289,6.5,0,6.5,4.789,59.5749,99.29,0.71,16.793,-0.269,
2966.0,49.433,SUNLIT,1.0,55.0,11.267,6.5,0,6.5,4.767,59.5762,99.29,0.71,16.793,-0.267,
2967.0,49.45,SUNLIT,1.0,55.0,11.246,6.5,0,6.5,4.746,59.5774,99.3,0.7,16.793,-0.266,
2968.0,49.467,SUNLIT,1.0,55.0,11.224,6.5,0,6.5,4.724,59.5786,99.3,0.7,16.793,-0.265,
2969.0,49.483,SUNLIT,1.0,55.0,11.203,6.5,0,6.5,4.703,59.5799,99.3,0.7,16.792,-0.264,
2970.0,49.5,SUNLIT,1.0,55.0,11.181,6.5,0,6.5,4.681,59.5811,99.3,0.7,16.792,-0.263,
2971.0,49.517,SUNLIT,1.0,55.0,11.16,6.5,0,6.5,4.66,59.5823,99.3,0.7,16.792,-0.261,
2972.0,49.533,SUNLIT,1.0,55.0,11.138,6.5,0,6.5,4.638,59.5835,99.31,0.69,16.792,-0.26,
2973.0,49.55,SUNLIT,1.0,55.0,11.117,6.5,0,6.5,4.617,59.5847,99.31,0.69,16.792,-0.259,
2974.0,49.567,SUNLIT,1.0,55.0,11.095,6.5,0,6.5,4.595,59.5859,99.31,0.69,16.792,-0.258,
2975.0,49.583,SUNLIT,1.0,55.0,11.074,6.5,0,6.5,4.574,59.5871,99.31,0.69,16.792,-0.257,
2976.0,49.6,SUNLIT,1.0,55.0,11.052,6.5,0,6.5,4.552,59.5883,99.31,0.69,16.792,-0.255,
2977.0,49.617,SUNLIT,1.0,55.0,11.031,6.5,0,6.5,4.531,59.5895,99.32,0.68,16.792,-0.254,
2978.0,49.633,SUNLIT,1.0,55.0,11.009,6.5,0,6.5,4.509,59.5907,99.32,0.68,16.792,-0.253,
2979.0,49.65,SUNLIT,1.0,55.0,10.988,6.5,0,6.5,4.488,59.5918,99.32,0.68,16.792,-0.252,
2980.0,49.667,SUNLIT,1.0,55.0,10.966,6.5,0,6.5,4.466,59.593,99.32,0.68,16.792,-0.25,
2981.0,49.683,SUNLIT,1.0,55.0,10.944,6.5,0,6.5,4.444,59.5942,99.32,0.68,16.792,-0.249,
2982.0,49.7,SUNLIT,1.0,55.0,10.923,6.5,0,6.5,4.423,59.5953,99.33,0.67,16.792,-0.248,
2983.0,49.717,SUNLIT,1.0,55.0,10.901,6.5,0,6.5,4.401,59.5965,99.33,0.67,16.792,-0.247,
2984.0,49.733,SUNLIT,1.0,55.0,10.88,6.5,0,6.5,4.38,59.5976,99.33,0.67,16.792,-0.246,
2985.0,49.75,SUNLIT,1.0,55.0,10.858,6.5,0,6.5,4.358,59.5987,99.33,0.67,16.792,-0.244,
2986.0,49.767,SUNLIT,1.0,55.0,10.836,6.5,0,6.5,4.336,59.5999,99.33,0.67,16.792,-0.243,
2987.0,49.783,SUNLIT,1.0,55.0,10.815,6.5,0,6.5,4.315,59.601,99.34,0.66,16.792,-0.242,
2988.0,49.8,SUNLIT,1.0,55.0,10.793,6.5,0,6.5,4.293,59.6021,99.34,0.66,16.792,-0.241,
2989.0,49.817,SUNLIT,1.0,55.0,10.771,6.5,0,6.5,4.271,59.6032,99.34,0.66,16.792,-0.24,
2990.0,49.833,SUNLIT,1.0,55.0,10.75,6.5,0,6.5,4.25,59.6044,99.34,0.66,16.792,-0.238,
2991.0,49.85,SUNLIT,1.0,55.0,10.728,6.5,0,6.5,4.228,59.6055,99.34,0.66,16.792,-0.237,
2992.0,49.867,SUNLIT,1.0,55.0,10.706,6.5,0,6.5,4.206,59.6066,99.34,0.66,16.792,-0.236,
2993.0,49.883,SUNLIT,1.0,55.0,10.685,6.5,0,6.5,4.185,59.6076,99.35,0.65,16.792,-0.235,
2994.0,49.9,SUNLIT,1.0,55.0,10.663,6.5,0,6.5,4.163,59.6087,99.35,0.65,16.792,-0.233,
2995.0,49.917,SUNLIT,1.0,55.0,10.641,6.5,0,6.5,4.141,59.6098,99.35,0.65,16.791,-0.232,
2996.0,49.933,SUNLIT,1.0,55.0,10.62,6.5,0,6.5,4.12,59.6109,99.35,0.65,16.791,-0.231,
2997.0,49.95,SUNLIT,1.0,55.0,10.598,6.5,0,6.5,4.098,59.612,99.35,0.65,16.791,-0.23,
2998.0,49.967,SUNLIT,1.0,55.0,10.576,6.5,0,6.5,4.076,59.613,99.36,0.64,16.791,-0.229,
2999.0,49.983,SUNLIT,1.0,55.0,10.554,6.5,0,6.5,4.054,59.6141,99.36,0.64,16.791,-0.227,
3000.0,50.0,SUNLIT,1.0,55.0,10.533,6.5,0,6.5,4.033,59.6151,99.36,0.64,16.791,-0.226,
3001.0,50.017,SUNLIT,1.0,55.0,10.511,6.5,0,6.5,4.011,59.6162,99.36,0.64,16.791,-0.225,
3002.0,50.033,SUNLIT,1.0,55.0,10.489,6.5,0,6.5,3.989,59.6172,99.36,0.64,16.791,-0.224,
3003.0,50.05,SUNLIT,1.0,55.0,10.467,6.5,0,6.5,3.967,59.6183,99.36,0.64,16.791,-0.222,
3004.0,50.067,SUNLIT,1.0,55.0,10.446,6.5,0,6.5,3.946,59.6193,99.37,0.63,16.791,-0.221,
3005.0,50.083,SUNLIT,1.0,55.0,10.424,6.5,0,6.5,3.924,59.6203,99.37,0.63,16.791,-0.22,
3006.0,50.1,SUNLIT,1.0,55.0,10.402,6.5,0,6.5,3.902,59.6213,99.37,0.63,16.791,-0.219,
3007.0,50.117,SUNLIT,1.0,55.0,10.38,6.5,0,6.5,3.88,59.6223,99.37,0.63,16.791,-0.218,
3008.0,50.133,SUNLIT,1.0,55.0,10.358,6.5,0,6.5,3.858,59.6234,99.37,0.63,16.791,-0.216,
3009.0,50.15,SUNLIT,1.0,55.0,10.336,6.5,0,6.5,3.836,59.6244,99.37,0.63,16.791,-0.215,
3010.0,50.167,SUNLIT,1.0,55.0,10.315,6.5,0,6.5,3.815,59.6254,99.38,0.62,16.791,-0.214,
3011.0,50.183,SUNLIT,1.0,55.0,10.293,6.5,0,6.5,3.793,59.6263,99.38,0.62,16.791,-0.213,
3012.0,50.2,SUNLIT,1.0,55.0,10.271,6.5,0,6.5,3.771,59.6273,99.38,0.62,16.791,-0.211,
3013.0,50.217,SUNLIT,1.0,55.0,10.249,6.5,0,6.5,3.749,59.6283,99.38,0.62,16.791,-0.21,
3014.0,50.233,SUNLIT,1.0,55.0,10.227,6.5,0,6.5,3.727,59.6293,99.38,0.62,16.791,-0.209,
3015.0,50.25,SUNLIT,1.0,55.0,10.205,6.5,0,6.5,3.705,59.6302,99.38,0.62,16.79,-0.208,
3016.0,50.267,SUNLIT,1.0,55.0,10.183,6.5,0,6.5,3.683,59.6312,99.39,0.61,16.79,-0.207,
3017.0,50.283,SUNLIT,1.0,55.0,10.161,6.5,0,6.5,3.661,59.6322,99.39,0.61,16.79,-0.205,
3018.0,50.3,SUNLIT,1.0,55.0,10.14,6.5,0,6.5,3.64,59.6331,99.39,0.61,16.79,-0.204,
3019.0,50.317,SUNLIT,1.0,55.0,10.118,6.5,0,6.5,3.618,59.6341,99.39,0.61,16.79,-0.203,
3020.0,50.333,SUNLIT,1.0,55.0,10.096,6.5,0,6.5,3.596,59.635,99.39,0.61,16.79,-0.202,
3021.0,50.35,SUNLIT,1.0,55.0,10.074,6.5,0,6.5,3.574,59.6359,99.39,0.61,16.79,-0.2,
3022.0,50.367,SUNLIT,1.0,55.0,10.052,6.5,0,6.5,3.552,59.6369,99.39,0.61,16.79,-0.199,
3023.0,50.383,SUNLIT,1.0,55.0,10.03,6.5,0,6.5,3.53,59.6378,99.4,0.6,16.79,-0.198,
3024.0,50.4,SUNLIT,1.0,55.0,10.008,6.5,0,6.5,3.508,59.6387,99.4,0.6,16.79,-0.197,
3025.0,50.417,SUNLIT,1.0,55.0,9.986,6.5,0,6.5,3.486,59.6396,99.4,0.6,16.79,-0.195,
3026.0,50.433,SUNLIT,1.0,55.0,9.964,6.5,0,6.5,3.464,59.6405,99.4,0.6,16.79,-0.194,
3027.0,50.45,SUNLIT,1.0,55.0,9.942,6.5,0,6.5,3.442,59.6414,99.4,0.6,16.79,-0.193,
3028.0,50.467,SUNLIT,1.0,55.0,9.92,6.5,0,6.5,3.42,59.6423,99.4,0.6,16.79,-0.192,
3029.0,50.483,SUNLIT,1.0,55.0,9.898,6.5,0,6.5,3.398,59.6432,99.41,0.59,16.79,-0.191,
3030.0,50.5,SUNLIT,1.0,55.0,9.876,6.5,0,6.5,3.376,59.6441,99.41,0.59,16.79,-0.189,
3031.0,50.517,SUNLIT,1.0,55.0,9.854,6.5,0,6.5,3.354,59.6449,99.41,0.59,16.789,-0.188,
3032.0,50.533,SUNLIT,1.0,55.0,9.832,6.5,0,6.5,3.332,59.6458,99.41,0.59,16.789,-0.187,
3033.0,50.55,SUNLIT,1.0,55.0,9.81,6.5,0,6.5,3.31,59.6467,99.41,0.59,16.789,-0.186,
3034.0,50.567,SUNLIT,1.0,55.0,9.788,6.5,0,6.5,3.288,59.6475,99.41,0.59,16.789,-0.184,
3035.0,50.583,SUNLIT,1.0,55.0,9.766,6.5,0,6.5,3.266,59.6484,99.41,0.59,16.789,-0.183,
3036.0,50.6,SUNLIT,1.0,55.0,9.744,6.5,0,6.5,3.244,59.6492,99.42,0.58,16.789,-0.182,
3037.0,50.617,SUNLIT,1.0,55.0,9.722,6.5,0,6.5,3.222,59.6501,99.42,0.58,16.789,-0.181,
3038.0,50.633,SUNLIT,1.0,55.0,9.7,6.5,0,6.5,3.2,59.6509,99.42,0.58,16.789,-0.179,
3039.0,50.65,SUNLIT,1.0,55.0,9.678,6.5,0,6.5,3.178,59.6517,99.42,0.58,16.789,-0.178,
3040.0,50.667,SUNLIT,1.0,55.0,9.655,6.5,0,6.5,3.155,59.6526,99.42,0.58,16.789,-0.177,
3041.0,50.683,SUNLIT,1.0,55.0,9.633,6.5,0,6.5,3.133,59.6534,99.42,0.58,16.789,-0.176,
3042.0,50.7,SUNLIT,1.0,55.0,9.611,6.5,0,6.5,3.111,59.6542,99.42,0.58,16.789,-0.174,
3043.0,50.717,SUNLIT,1.0,55.0,9.589,6.5,0,6.5,3.089,59.655,99.43,0.57,16.789,-0.173,
3044.0,50.733,SUNLIT,1.0,55.0,9.567,6.5,0,6.5,3.067,59.6558,99.43,0.57,16.789,-0.172,
3045.0,50.75,SUNLIT,1.0,55.0,9.545,6.5,0,6.5,3.045,59.6566,99.43,0.57,16.788,-0.171,
3046.0,50.767,SUNLIT,1.0,55.0,9.523,6.5,0,6.5,3.023,59.6574,99.43,0.57,16.788,-0.169,
3047.0,50.783,SUNLIT,1.0,55.0,9.501,6.5,0,6.5,3.001,59.6582,99.43,0.57,16.788,-0.168,
3048.0,50.8,SUNLIT,1.0,55.0,9.478,6.5,0,6.5,2.978,59.659,99.43,0.57,16.788,-0.167,
3049.0,50.817,SUNLIT,1.0,55.0,9.456,6.5,0,6.5,2.956,59.6597,99.43,0.57,16.788,-0.166,
3050.0,50.833,SUNLIT,1.0,55.0,9.434,6.5,0,6.5,2.934,59.6605,99.43,0.57,16.788,-0.164,
3051.0,50.85,SUNLIT,1.0,55.0,9.412,6.5,0,6.5,2.912,59.6613,99.44,0.56,16.788,-0.163,
3052.0,50.867,SUNLIT,1.0,55.0,9.39,6.5,0,6.5,2.89,59.662,99.44,0.56,16.788,-0.162,
3053.0,50.883,SUNLIT,1.0,55.0,9.368,6.5,0,6.5,2.868,59.6628,99.44,0.56,16.788,-0.161,
3054.0,50.9,SUNLIT,1.0,55.0,9.345,6.5,0,6.5,2.845,59.6635,99.44,0.56,16.788,-0.16,
3055.0,50.917,SUNLIT,1.0,55.0,9.323,6.5,0,6.5,2.823,59.6642,99.44,0.56,16.788,-0.158,
3056.0,50.933,SUNLIT,1.0,55.0,9.301,6.5,0,6.5,2.801,59.665,99.44,0.56,16.788,-0.157,
3057.0,50.95,SUNLIT,1.0,55.0,9.279,6.5,0,6.5,2.779,59.6657,99.44,0.56,16.788,-0.156,
3058.0,50.967,SUNLIT,1.0,55.0,9.257,6.5,0,6.5,2.757,59.6664,99.44,0.56,16.787,-0.155,
3059.0,50.983,SUNLIT,1.0,55.0,9.234,6.5,0,6.5,2.734,59.6671,99.45,0.55,16.787,-0.153,
3060.0,51.0,SUNLIT,1.0,55.0,9.212,6.5,0,6.5,2.712,59.6678,99.45,0.55,16.787,-0.152,
3061.0,51.017,SUNLIT,1.0,55.0,9.19,6.5,0,6.5,2.69,59.6685,99.45,0.55,16.787,-0.151,
3062.0,51.033,SUNLIT,1.0,55.0,9.168,6.5,0,6.5,2.668,59.6692,99.45,0.55,16.787,-0.15,
3063.0,51.05,SUNLIT,1.0,55.0,9.145,6.5,0,6.5,2.645,59.6699,99.45,0.55,16.787,-0.148,
3064.0,51.067,SUNLIT,1.0,55.0,9.123,6.5,0,6.5,2.623,59.6706,99.45,0.55,16.787,-0.147,
3065.0,51.083,SUNLIT,1.0,55.0,9.101,6.5,0,6.5,2.601,59.6713,99.45,0.55,16.787,-0.146,
3066.0,51.1,SUNLIT,1.0,55.0,9.078,6.5,0,6.5,2.578,59.672,99.45,0.55,16.787,-0.145,
3067.0,51.117,SUNLIT,1.0,55.0,9.056,6.5,0,6.5,2.556,59.6726,99.45,0.55,16.787,-0.143,
3068.0,51.133,SUNLIT,1.0,55.0,9.034,6.5,0,6.5,2.534,59.6733,99.46,0.54,16.787,-0.142,
3069.0,51.15,SUNLIT,1.0,55.0,9.011,6.5,0,6.5,2.511,59.6739,99.46,0.54,16.786,-0.141,
3070.0,51.167,SUNLIT,1.0,55.0,8.989,6.5,0,6.5,2.489,59.6746,99.46,0.54,16.786,-0.14,
3071.0,51.183,SUNLIT,1.0,55.0,8.967,6.5,0,6.5,2.467,59.6752,99.46,0.54,16.786,-0.138,
3072.0,51.2,SUNLIT,1.0,55.0,8.945,6.5,0,6.5,2.445,59.6759,99.46,0.54,16.786,-0.137,
3073.0,51.217,SUNLIT,1.0,55.0,8.922,6.5,0,6.5,2.422,59.6765,99.46,0.54,16.786,-0.136,
3074.0,51.233,SUNLIT,1.0,55.0,8.9,6.5,0,6.5,2.4,59.6771,99.46,0.54,16.786,-0.135,
3075.0,51.25,SUNLIT,1.0,55.0,8.877,6.5,0,6.5,2.377,59.6778,99.46,0.54,16.786,-0.133,
3076.0,51.267,SUNLIT,1.0,55.0,8.855,6.5,0,6.5,2.355,59.6784,99.46,0.54,16.786,-0.132,
3077.0,51.283,SUNLIT,1.0,55.0,8.833,6.5,0,6.5,2.333,59.679,99.46,0.54,16.786,-0.131,
3078.0,51.3,SUNLIT,1.0,55.0,8.81,6.5,0,6.5,2.31,59.6796,99.47,0.53,16.786,-0.129,
3079.0,51.317,SUNLIT,1.0,55.0,8.788,6.5,0,6.5,2.288,59.6802,99.47,0.53,16.786,-0.128,
3080.0,51.333,SUNLIT,1.0,55.0,8.766,6.5,0,6.5,2.266,59.6808,99.47,0.53,16.785,-0.127,
3081.0,51.35,SUNLIT,1.0,55.0,8.743,6.5,0,6.5,2.243,59.6814,99.47,0.53,16.785,-0.126,
3082.0,51.367,SUNLIT,1.0,55.0,8.721,6.5,0,6.5,2.221,59.6819,99.47,0.53,16.785,-0.124,
3083.0,51.383,SUNLIT,1.0,55.0,8.698,6.5,0,6.5,2.198,59.6825,99.47,0.53,16.785,-0.123,
3084.0,51.4,SUNLIT,1.0,55.0,8.676,6.5,0,6.5,2.176,59.6831,99.47,0.53,16.785,-0.122,
3085.0,51.417,SUNLIT,1.0,55.0,8.653,6.5,0,6.5,2.153,59.6836,99.47,0.53,16.785,-0.121,
3086.0,51.433,SUNLIT,1.0,55.0,8.631,6.5,0,6.5,2.131,59.6842,99.47,0.53,16.785,-0.119,
3087.0,51.45,SUNLIT,1.0,55.0,8.609,6.5,0,6.5,2.109,59.6848,99.47,0.53,16.785,-0.118,
3088.0,51.467,SUNLIT,1.0,55.0,8.586,6.5,0,6.5,2.086,59.6853,99.48,0.52,16.785,-0.117,
3089.0,51.483,SUNLIT,1.0,55.0,8.564,6.5,0,6.5,2.064,59.6858,99.48,0.52,16.785,-0.116,
3090.0,51.5,SUNLIT,1.0,55.0,8.541,6.5,0,6.5,2.041,59.6864,99.48,0.52,16.784,-0.114,
3091.0,51.517,SUNLIT,1.0,55.0,8.519,6.5,0,6.5,2.019,59.6869,99.48,0.52,16.784,-0.113,
3092.0,51.533,SUNLIT,1.0,55.0,8.496,6.5,0,6.5,1.996,59.6874,99.48,0.52,16.784,-0.112,
3093.0,51.55,SUNLIT,1.0,55.0,8.474,6.5,0,6.5,1.974,59.6879,99.48,0.52,16.784,-0.111,
3094.0,51.567,SUNLIT,1.0,55.0,8.451,6.5,0,6.5,1.951,59.6884,99.48,0.52,16.784,-0.109,
3095.0,51.583,SUNLIT,1.0,55.0,8.429,6.5,0,6.5,1.929,59.6889,99.48,0.52,16.784,-0.108,
3096.0,51.6,SUNLIT,1.0,55.0,8.406,6.5,0,6.5,1.906,59.6894,99.48,0.52,16.784,-0.107,
3097.0,51.617,SUNLIT,1.0,55.0,8.384,6.5,0,6.5,1.884,59.6899,99.48,0.52,16.784,-0.106,
3098.0,51.633,SUNLIT,1.0,55.0,8.361,6.5,0,6.5,1.861,59.6904,99.48,0.52,16.784,-0.104,
3099.0,51.65,SUNLIT,1.0,55.0,8.339,6.5,0,6.5,1.839,59.6909,99.48,0.52,16.784,-0.103,
3100.0,51.667,SUNLIT,1.0,55.0,8.316,6.5,0,6.5,1.816,59.6914,99.49,0.51,16.783,-0.102,
3101.0,51.683,SUNLIT,1.0,55.0,8.294,6.5,0,6.5,1.794,59.6918,99.49,0.51,16.783,-0.101,
3102.0,51.7,SUNLIT,1.0,55.0,8.271,6.5,0,6.5,1.771,59.6923,99.49,0.51,16.783,-0.099,
3103.0,51.717,SUNLIT,1.0,55.0,8.249,6.5,0,6.5,1.749,59.6928,99.49,0.51,16.783,-0.098,
3104.0,51.733,SUNLIT,1.0,55.0,8.226,6.5,0,6.5,1.726,59.6932,99.49,0.51,16.783,-0.097,
3105.0,51.75,SUNLIT,1.0,55.0,8.203,6.5,0,6.5,1.703,59.6937,99.49,0.51,16.783,-0.095,
3106.0,51.767,SUNLIT,1.0,55.0,8.181,6.5,0,6.5,1.681,59.6941,99.49,0.51,16.783,-0.094,
3107.0,51.783,SUNLIT,1.0,55.0,8.158,6.5,0,6.5,1.658,59.6945,99.49,0.51,16.783,-0.093,
3108.0,51.8,SUNLIT,1.0,55.0,8.136,6.5,0,6.5,1.636,59.695,99.49,0.51,16.783,-0.092,
3109.0,51.817,SUNLIT,1.0,55.0,8.113,6.5,0,6.5,1.613,59.6954,99.49,0.51,16.782,-0.09,
3110.0,51.833,SUNLIT,1.0,55.0,8.09,6.5,0,6.5,1.59,59.6958,99.49,0.51,16.782,-0.089,
3111.0,51.85,SUNLIT,1.0,55.0,8.068,6.5,0,6.5,1.568,59.6962,99.49,0.51,16.782,-0.088,
3112.0,51.867,SUNLIT,1.0,55.0,8.045,6.5,0,6.5,1.545,59.6966,99.49,0.51,16.782,-0.087,
3113.0,51.883,SUNLIT,1.0,55.0,8.023,6.5,0,6.5,1.523,59.697,99.5,0.5,16.782,-0.085,
3114.0,51.9,SUNLIT,1.0,55.0,8.0,6.5,0,6.5,1.5,59.6974,99.5,0.5,16.782,-0.084,
3115.0,51.917,SUNLIT,1.0,55.0,7.977,6.5,0,6.5,1.477,59.6978,99.5,0.5,16.782,-0.083,
3116.0,51.933,SUNLIT,1.0,55.0,7.955,6.5,0,6.5,1.455,59.6982,99.5,0.5,16.782,-0.082,
3117.0,51.95,SUNLIT,1.0,55.0,7.932,6.5,0,6.5,1.432,59.6985,99.5,0.5,16.782,-0.08,
3118.0,51.967,SUNLIT,1.0,55.0,7.909,6.5,0,6.5,1.409,59.6989,99.5,0.5,16.781,-0.079,
3119.0,51.983,SUNLIT,1.0,55.0,7.887,6.5,0,6.5,1.387,59.6993,99.5,0.5,16.781,-0.078,
3120.0,52.0,SUNLIT,1.0,55.0,7.864,6.5,0,6.5,1.364,59.6996,99.5,0.5,16.781,-0.076,
3121.0,52.017,SUNLIT,1.0,55.0,7.841,6.5,0,6.5,1.341,59.7,99.5,0.5,16.781,-0.075,
3122.0,52.033,SUNLIT,1.0,55.0,7.819,6.5,0,6.5,1.319,59.7003,99.5,0.5,16.781,-0.074,
3123.0,52.05,SUNLIT,1.0,55.0,7.796,6.5,0,6.5,1.296,59.7007,99.5,0.5,16.781,-0.073,
3124.0,52.067,SUNLIT,1.0,55.0,7.773,6.5,0,6.5,1.273,59.701,99.5,0.5,16.781,-0.071,
3125.0,52.083,SUNLIT,1.0,55.0,7.751,6.5,0,6.5,1.251,59.7013,99.5,0.5,16.781,-0.07,
3126.0,52.1,SUNLIT,1.0,55.0,7.728,6.5,0,6.5,1.228,59.7016,99.5,0.5,16.78,-0.069,
3127.0,52.117,SUNLIT,1.0,55.0,7.705,6.5,0,6.5,1.205,59.702,99.5,0.5,16.78,-0.068,
3128.0,52.133,SUNLIT,1.0,55.0,7.682,6.5,0,6.5,1.182,59.7023,99.5,0.5,16.78,-0.066,
3129.0,52.15,SUNLIT,1.0,55.0,7.66,6.5,0,6.5,1.16,59.7026,99.5,0.5,16.78,-0.065,
3130.0,52.167,SUNLIT,1.0,55.0,7.637,6.5,0,6.5,1.137,59.7029,99.5,0.5,16.78,-0.064,
3131.0,52.183,SUNLIT,1.0,55.0,7.614,6.5,0,6.5,1.114,59.7031,99.51,0.49,16.78,-0.062,
3132.0,52.2,SUNLIT,1.0,55.0,7.592,6.5,0,6.5,1.092,59.7034,99.51,0.49,16.78,-0.061,
3133.0,52.217,SUNLIT,1.0,55.0,7.569,6.5,0,6.5,1.069,59.7037,99.51,0.49,16.78,-0.06,
3134.0,52.233,SUNLIT,1.0,55.0,7.546,6.5,0,6.5,1.046,59.704,99.51,0.49,16.779,-0.059,
3135.0,52.25,SUNLIT,1.0,55.0,7.523,6.5,0,6.5,1.023,59.7043,99.51,0.49,16.779,-0.057,
3136.0,52.267,SUNLIT,1.0,55.0,7.5,6.5,0,6.5,1.0,59.7045,99.51,0.49,16.779,-0.056,
3137.0,52.283,SUNLIT,1.0,55.0,7.478,6.5,0,6.5,0.978,59.7048,99.51,0.49,16.779,-0.055,
3138.0,52.3,SUNLIT,1.0,55.0,7.455,6.5,0,6.5,0.955,59.705,99.51,0.49,16.779,-0.054,
3139.0,52.317,SUNLIT,1.0,55.0,7.432,6.5,0,6.5,0.932,59.7053,99.51,0.49,16.779,-0.052,
3140.0,52.333,SUNLIT,1.0,55.0,7.409,6.5,0,6.5,0.909,59.7055,99.51,0.49,16.779,-0.051,
3141.0,52.35,SUNLIT,1.0,55.0,7.387,6.5,0,6.5,0.887,59.7057,99.51,0.49,16.779,-0.05,
3142.0,52.367,SUNLIT,1.0,55.0,7.364,6.5,0,6.5,0.864,59.706,99.51,0.49,16.778,-0.048,
3143.0,52.383,SUNLIT,1.0,55.0,7.341,6.5,0,6.5,0.841,59.7062,99.51,0.49,16.778,-0.047,
3144.0,52.4,SUNLIT,1.0,55.0,7.318,6.5,0,6.5,0.818,59.7064,99.51,0.49,16.778,-0.046,
3145.0,52.417,SUNLIT,1.0,55.0,7.295,6.5,0,6.5,0.795,59.7066,99.51,0.49,16.778,-0.045,
3146.0,52.433,SUNLIT,1.0,55.0,7.272,6.5,0,6.5,0.772,59.7068,99.51,0.49,16.778,-0.043,
3147.0,52.45,SUNLIT,1.0,55.0,7.25,6.5,0,6.5,0.75,59.707,99.51,0.49,16.778,-0.042,
3148.0,52.467,SUNLIT,1.0,55.0,7.227,6.5,0,6.5,0.727,59.7072,99.51,0.49,16.778,-0.041,
3149.0,52.483,SUNLIT,1.0,55.0,7.204,6.5,0,6.5,0.704,59.7074,99.51,0.49,16.777,-0.039,
3150.0,52.5,SUNLIT,1.0,55.0,7.181,6.5,0,6.5,0.681,59.7075,99.51,0.49,16.777,-0.038,
3151.0,52.517,SUNLIT,1.0,55.0,7.158,6.5,0,6.5,0.658,59.7077,99.51,0.49,16.777,-0.037,
3152.0,52.533,SUNLIT,1.0,55.0,7.135,6.5,0,6.5,0.635,59.7079,99.51,0.49,16.777,-0.036,
3153.0,52.55,SUNLIT,1.0,55.0,7.112,6.5,0,6.5,0.612,59.708,99.51,0.49,16.777,-0.034,
3154.0,52.567,SUNLIT,1.0,55.0,7.09,6.5,0,6.5,0.59,59.7082,99.51,0.49,16.777,-0.033,
3155.0,52.583,SUNLIT,1.0,55.0,7.067,6.5,0,6.5,0.567,59.7083,99.51,0.49,16.777,-0.032,
3156.0,52.6,SUNLIT,1.0,55.0,7.044,6.5,0,6.5,0.544,59.7085,99.51,0.49,16.776,-0.03,
3157.0,52.617,SUNLIT,1.0,55.0,7.021,6.5,0,6.5,0.521,59.7086,99.51,0.49,16.776,-0.029,
3158.0,52.633,SUNLIT,1.0,55.0,6.998,6.5,0,6.5,0.498,59.7088,99.51,0.49,16.776,-0.028,
3159.0,52.65,SUNLIT,1.0,55.0,6.975,6.5,0,6.5,0.475,59.7089,99.51,0.49,16.776,-0.027,
3160.0,52.667,SUNLIT,1.0,55.0,6.952,6.5,0,6.5,0.452,59.709,99.51,0.49,16.776,-0.025,
3161.0,52.683,SUNLIT,1.0,55.0,6.929,6.5,0,6.5,0.429,59.7091,99.52,0.48,16.776,-0.024,
3162.0,52.7,SUNLIT,1.0,55.0,6.906,6.5,0,6.5,0.406,59.7092,99.52,0.48,16.776,-0.023,
3163.0,52.717,SUNLIT,1.0,55.0,6.883,6.5,0,6.5,0.383,59.7093,99.52,0.48,16.775,-0.021,
3164.0,52.733,SUNLIT,1.0,55.0,6.86,6.5,0,6.5,0.36,59.7094,99.52,0.48,16.775,-0.02,
3165.0,52.75,SUNLIT,1.0,55.0,6.837,6.5,0,6.5,0.337,59.7095,99.52,0.48,16.775,-0.019,
3166.0,52.767,SUNLIT,1.0,55.0,6.815,6.5,0,6.5,0.315,59.7096,99.52,0.48,16.775,-0.018,
3167.0,52.783,SUNLIT,1.0,55.0,6.792,6.5,0,6.5,0.292,59.7097,99.52,0.48,16.775,-0.016,
3168.0,52.8,SUNLIT,1.0,55.0,6.769,6.5,0,6.5,0.269,59.7097,99.52,0.48,16.775,-0.015,
3169.0,52.817,SUNLIT,1.0,55.0,6.746,6.5,0,6.5,0.246,59.7098,99.52,0.48,16.775,-0.014,
3170.0,52.833,SUNLIT,1.0,55.0,6.723,6.5,0,6.5,0.223,59.7098,99.52,0.48,16.774,-0.012,
3171.0,52.85,SUNLIT,1.0,55.0,6.7,6.5,0,6.5,0.2,59.7099,99.52,0.48,16.774,-0.011,
3172.0,52.867,SUNLIT,1.0,55.0,6.677,6.5,0,6.5,0.177,59.7099,99.52,0.48,16.774,-0.01,
3173.0,52.883,SUNLIT,1.0,55.0,6.654,6.5,0,6.5,0.154,59.71,99.52,0.48,16.774,-0.009,
3174.0,52.9,SUNLIT,1.0,55.0,6.631,6.5,0,6.5,0.131,59.71,99.52,0.48,16.774,-0.007,
3175.0,52.917,SUNLIT,1.0,55.0,6.608,6.5,0,6.5,0.108,59.71,99.52,0.48,16.774,-0.006,
3176.0,52.933,SUNLIT,1.0,55.0,6.585,6.5,0,6.5,0.085,59.7101,99.52,0.48,16.774,-0.005,
3177.0,52.95,SUNLIT,1.0,55.0,6.562,6.5,0,6.5,0.062,59.7101,99.52,0.48,16.773,-0.003,
3178.0,52.967,SUNLIT,1.0,55.0,6.539,6.5,0,6.5,0.039,59.7101,99.52,0.48,16.773,-0.002,
3179.0,52.983,SUNLIT,1.0,55.0,6.516,6.5,0,6.5,0.016,59.7101,99.52,0.48,16.773,-0.001,
3180.0,53.0,SUNLIT,1.0,55.0,6.493,6.5,0,6.5,-0.007,59.7101,99.52,0.48,16.773,0.0,
3181.0,53.017,SUNLIT,1.0,55.0,6.47,6.5,0,6.5,-0.03,59.7101,99.52,0.48,16.773,0.002,
3182.0,53.033,SUNLIT,1.0,55.0,6.447,6.5,0,6.5,-0.053,59.7101,99.52,0.48,16.773,0.003,
3183.0,53.05,SUNLIT,1.0,55.0,6.424,6.5,0,6.5,-0.076,59.7101,99.52,0.48,16.772,0.005,
3184.0,53.067,SUNLIT,1.0,55.0,6.401,6.5,0,6.5,-0.099,59.71,99.52,0.48,16.772,0.006,
3185.0,53.083,SUNLIT,1.0,55.0,6.377,6.5,0,6.5,-0.123,59.71,99.52,0.48,16.772,0.008,
3186.0,53.1,SUNLIT,1.0,55.0,6.354,6.5,0,6.5,-0.146,59.7099,99.52,0.48,16.772,0.009,
3187.0,53.117,SUNLIT,1.0,55.0,6.331,6.5,0,6.5,-0.169,59.7099,99.52,0.48,16.772,0.01,
3188.0,53.133,SUNLIT,1.0,55.0,6.308,6.5,0,6.5,-0.192,59.7098,99.52,0.48,16.772,0.012,
3189.0,53.15,SUNLIT,1.0,55.0,6.285,6.5,0,6.5,-0.215,59.7098,99.52,0.48,16.771,0.013,
3190.0,53.167,SUNLIT,1.0,55.0,6.262,6.5,0,6.5,-0.238,59.7097,99.52,0.48,16.771,0.015,
3191.0,53.183,SUNLIT,1.0,55.0,6.239,6.5,0,6.5,-0.261,59.7096,99.52,0.48,16.771,0.016,
3192.0,53.2,SUNLIT,1.0,55.0,6.216,6.5,0,6.5,-0.284,59.7096,99.52,0.48,16.771,0.017,
3193.0,53.217,SUNLIT,1.0,55.0,6.193,6.5,0,6.5,-0.307,59.7095,99.52,0.48,16.771,0.019,
3194.0,53.233,SUNLIT,1.0,55.0,6.17,6.5,0,6.5,-0.33,59.7094,99.52,0.48,16.77,0.02,
3195.0,53.25,SUNLIT,1.0,55.0,6.147,6.5,0,6.5,-0.353,59.7093,99.52,0.48,16.77,0.022,
3196.0,53.267,SUNLIT,1.0,55.0,6.124,6.5,0,6.5,-0.376,59.7092,99.52,0.48,16.77,0.023,
3197.0,53.283,SUNLIT,1.0,55.0,6.1,6.5,0,6.5,-0.4,59.7091,99.52,0.48,16.77,0.025,
3198.0,53.3,SUNLIT,1.0,55.0,6.077,6.5,0,6.5,-0.423,59.7089,99.51,0.49,16.77,0.026,
3199.0,53.317,SUNLIT,1.0,55.0,6.054,6.5,0,6.5,-0.446,59.7088,99.51,0.49,16.77,0.027,
3200.0,53.333,SUNLIT,1.0,55.0,6.031,6.5,0,6.5,-0.469,59.7087,99.51,0.49,16.769,0.029,
3201.0,53.35,SUNLIT,1.0,55.0,6.008,6.5,0,6.5,-0.492,59.7085,99.51,0.49,16.769,0.03,
3202.0,53.367,SUNLIT,1.0,55.0,5.985,6.5,0,6.5,-0.515,59.7084,99.51,0.49,16.769,0.032,
3203.0,53.383,SUNLIT,1.0,55.0,5.962,6.5,0,6.5,-0.538,59.7082,99.51,0.49,16.769,0.033,
3204.0,53.4,SUNLIT,1.0,55.0,5.938,6.5,0,6.5,-0.562,59.7081,99.51,0.49,16.769,0.035,
3205.0,53.417,SUNLIT,1.0,55.0,5.915,6.5,0,6.5,-0.585,59.7079,99.51,0.49,16.768,0.036,
3206.0,53.433,SUNLIT,1.0,55.0,5.892,6.5,0,6.5,-0.608,59.7077,99.51,0.49,16.768,0.037,
3207.0,53.45,SUNLIT,1.0,55.0,5.869,6.5,0,6.5,-0.631,59.7075,99.51,0.49,16.768,0.039,
3208.0,53.467,SUNLIT,1.0,55.0,5.846,6.5,0,6.5,-0.654,59.7074,99.51,0.49,16.768,0.04,
3209.0,53.483,SUNLIT,1.0,55.0,5.823,6.5,0,6.5,-0.677,59.7072,99.51,0.49,16.768,0.042,
3210.0,53.5,SUNLIT,1.0,55.0,5.799,6.5,0,6.5,-0.701,59.707,99.51,0.49,16.768,0.043,
3211.0,53.517,SUNLIT,1.0,55.0,5.776,6.5,0,6.5,-0.724,59.7068,99.51,0.49,16.767,0.044,
3212.0,53.533,SUNLIT,1.0,55.0,5.753,6.5,0,6.5,-0.747,59.7065,99.51,0.49,16.767,0.046,
3213.0,53.55,SUNLIT,1.0,55.0,5.73,6.5,0,6.5,-0.77,59.7063,99.51,0.49,16.767,0.047,
3214.0,53.567,SUNLIT,1.0,55.0,5.707,6.5,0,6.5,-0.793,59.7061,99.51,0.49,16.767,0.049,
3215.0,53.583,SUNLIT,1.0,55.0,5.684,6.5,0,6.5,-0.816,59.7059,99.51,0.49,16.767,0.05,
3216.0,53.6,SUNLIT,1.0,55.0,5.66,6.5,0,6.5,-0.84,59.7056,99.51,0.49,16.766,0.052,
3217.0,53.617,SUNLIT,1.0,55.0,5.637,6.5,0,6.5,-0.863,59.7054,99.51,0.49,16.766,0.053,
3218.0,53.633,SUNLIT,1.0,55.0,5.614,6.5,0,6.5,-0.886,59.7051,99.51,0.49,16.766,0.054,
3219.0,53.65,SUNLIT,1.0,55.0,5.591,6.5,0,6.5,-0.909,59.7049,99.51,0.49,16.766,0.056,
3220.0,53.667,SUNLIT,1.0,55.0,5.567,6.5,0,6.5,-0.933,59.7046,99.51,0.49,16.766,0.057,
3221.0,53.683,SUNLIT,1.0,55.0,5.544,6.5,0,6.5,-0.956,59.7043,99.51,0.49,16.765,0.059,
3222.0,53.7,SUNLIT,1.0,55.0,5.521,6.5,0,6.5,-0.979,59.704,99.51,0.49,16.765,0.06,
3223.0,53.717,SUNLIT,1.0,55.0,5.498,6.5,0,6.5,-1.002,59.7038,99.51,0.49,16.765,0.062,
3224.0,53.733,SUNLIT,1.0,55.0,5.475,6.5,0,6.5,-1.025,59.7035,99.51,0.49,16.765,0.063,
3225.0,53.75,SUNLIT,1.0,55.0,5.451,6.5,0,6.5,-1.049,59.7032,99.51,0.49,16.765,0.064,
3226.0,53.767,SUNLIT,1.0,55.0,5.428,6.5,0,6.5,-1.072,59.7028,99.5,0.5,16.764,0.066,
3227.0,53.783,SUNLIT,1.0,55.0,5.405,6.5,0,6.5,-1.095,59.7025,99.5,0.5,16.764,0.067,
3228.0,53.8,SUNLIT,1.0,55.0,5.381,6.5,0,6.5,-1.119,59.7022,99.5,0.5,16.764,0.069,
3229.0,53.817,SUNLIT,1.0,55.0,5.358,6.5,0,6.5,-1.142,59.7019,99.5,0.5,16.764,0.07,
3230.0,53.833,SUNLIT,1.0,55.0,5.335,6.5,0,6.5,-1.165,59.7016,99.5,0.5,16.764,0.072,
3231.0,53.85,SUNLIT,1.0,55.0,5.312,6.5,0,6.5,-1.188,59.7012,99.5,0.5,16.763,0.073,
3232.0,53.867,SUNLIT,1.0,55.0,5.288,6.5,0,6.5,-1.212,59.7009,99.5,0.5,16.763,0.074,
3233.0,53.883,SUNLIT,1.0,55.0,5.265,6.5,0,6.5,-1.235,59.7005,99.5,0.5,16.763,0.076,
3234.0,53.9,SUNLIT,1.0,55.0,5.242,6.5,0,6.5,-1.258,59.7002,99.5,0.5,16.763,0.077,
3235.0,53.917,SUNLIT,1.0,55.0,5.219,6.5,0,6.5,-1.281,59.6998,99.5,0.5,16.763,0.079,
3236.0,53.933,SUNLIT,1.0,55.0,5.195,6.5,0,6.5,-1.305,59.6994,99.5,0.5,16.762,0.08,
3237.0,53.95,SUNLIT,1.0,55.0,5.172,6.5,0,6.5,-1.328,59.699,99.5,0.5,16.762,0.082,
3238.0,53.967,SUNLIT,1.0,55.0,5.149,6.5,0,6.5,-1.351,59.6986,99.5,0.5,16.762,0.083,
3239.0,53.983,SUNLIT,1.0,55.0,5.125,6.5,0,6.5,-1.375,59.6983,99.5,0.5,16.762,0.084,
3240.0,54.0,SUNLIT,1.0,55.0,5.102,6.5,0,6.5,-1.398,59.6979,99.5,0.5,16.762,0.086,
3241.0,54.017,SUNLIT,1.0,55.0,5.079,6.5,0,6.5,-1.421,59.6974,99.5,0.5,16.761,0.087,
3242.0,54.033,SUNLIT,1.0,55.0,5.055,6.5,0,6.5,-1.445,59.697,99.5,0.5,16.761,0.089,
3243.0,54.05,SUNLIT,1.0,55.0,5.032,6.5,0,6.5,-1.468,59.6966,99.49,0.51,16.761,0.09,
3244.0,54.067,SUNLIT,1.0,55.0,5.009,6.5,0,6.5,-1.491,59.6962,99.49,0.51,16.761,0.092,
3245.0,54.083,SUNLIT,1.0,55.0,4.985,6.5,0,6.5,-1.515,59.6958,99.49,0.51,16.76,0.093,
3246.0,54.1,SUNLIT,1.0,55.0,4.962,6.5,0,6.5,-1.538,59.6953,99.49,0.51,16.76,0.095,
3247.0,54.117,SUNLIT,1.0,55.0,4.939,6.5,0,6.5,-1.561,59.6949,99.49,0.51,16.76,0.096,
3248.0,54.133,SUNLIT,1.0,55.0,4.915,6.5,0,6.5,-1.585,59.6944,99.49,0.51,16.76,0.097,
3249.0,54.15,SUNLIT,1.0,55.0,4.892,6.5,0,6.5,-1.608,59.6939,99.49,0.51,16.76,0.099,
3250.0,54.167,SUNLIT,1.0,55.0,4.869,6.5,0,6.5,-1.631,59.6935,99.49,0.51,16.759,0.1,
3251.0,54.183,SUNLIT,1.0,55.0,4.845,6.5,0,6.5,-1.655,59.693,99.49,0.51,16.759,0.102,
3252.0,54.2,SUNLIT,1.0,55.0,4.822,6.5,0,6.5,-1.678,59.6925,99.49,0.51,16.759,0.103,
3253.0,54.217,SUNLIT,1.0,55.0,4.799,6.5,0,6.5,-1.701,59.692,99.49,0.51,16.759,0.105,
3254.0,54.233,SUNLIT,1.0,55.0,4.775,6.5,0,6.5,-1.725,59.6915,99.49,0.51,16.759,0.106,
3255.0,54.25,SUNLIT,1.0,55.0,4.752,6.5,0,6.5,-1.748,59.691,99.49,0.51,16.758,0.107,
3256.0,54.267,SUNLIT,1.0,55.0,4.728,6.5,0,6.5,-1.772,59.6905,99.48,0.52,16.758,0.109,
3257.0,54.283,SUNLIT,1.0,55.0,4.705,6.5,0,6.5,-1.795,59.69,99.48,0.52,16.758,0.11,
3258.0,54.3,SUNLIT,1.0,55.0,4.682,6.5,0,6.5,-1.818,59.6895,99.48,0.52,16.758,0.112,
3259.0,54.317,SUNLIT,1.0,55.0,4.658,6.5,0,6.5,-1.842,59.689,99.48,0.52,16.757,0.113,
3260.0,54.333,SUNLIT,1.0,55.0,4.635,6.5,0,6.5,-1.865,59.6884,99.48,0.52,16.757,0.115,
3261.0,54.35,SUNLIT,1.0,55.0,4.611,6.5,0,6.5,-1.889,59.6879,99.48,0.52,16.757,0.116,
3262.0,54.367,SUNLIT,1.0,55.0,4.588,6.5,0,6.5,-1.912,59.6874,99.48,0.52,16.757,0.118,
3263.0,54.383,SUNLIT,1.0,55.0,4.565,6.5,0,6.5,-1.935,59.6868,99.48,0.52,16.757,0.119,
3264.0,54.4,SUNLIT,1.0,55.0,4.541,6.5,0,6.5,-1.959,59.6862,99.48,0.52,16.756,0.12,
3265.0,54.417,SUNLIT,1.0,55.0,4.518,6.5,0,6.5,-1.982,59.6857,99.48,0.52,16.756,0.122,
3266.0,54.433,SUNLIT,1.0,55.0,4.494,6.5,0,6.5,-2.006,59.6851,99.48,0.52,16.756,0.123,
3267.0,54.45,SUNLIT,1.0,55.0,4.471,6.5,0,6.5,-2.029,59.6845,99.47,0.53,16.756,0.125,
3268.0,54.467,SUNLIT,1.0,55.0,4.448,6.5,0,6.5,-2.052,59.6839,99.47,0.53,16.755,0.126,
3269.0,54.483,SUNLIT,1.0,55.0,4.424,6.5,0,6.5,-2.076,59.6833,99.47,0.53,16.755,0.128,
3270.0,54.5,SUNLIT,1.0,55.0,4.401,6.5,0,6.5,-2.099,59.6827,99.47,0.53,16.755,0.129,
3271.0,54.517,SUNLIT,1.0,55.0,4.377,6.5,0,6.5,-2.123,59.6821,99.47,0.53,16.755,0.13,
3272.0,54.533,SUNLIT,1.0,55.0,4.354,6.5,0,6.5,-2.146,59.6815,99.47,0.53,16.754,0.132,
3273.0,54.55,SUNLIT,1.0,55.0,4.33,6.5,0,6.5,-2.17,59.6809,99.47,0.53,16.754,0.133,
3274.0,54.567,SUNLIT,1.0,55.0,4.307,6.5,0,6.5,-2.193,59.6803,99.47,0.53,16.754,0.135,
3275.0,54.583,SUNLIT,1.0,55.0,4.283,6.5,0,6.5,-2.217,59.6796,99.47,0.53,16.754,0.136,
3276.0,54.6,SUNLIT,1.0,55.0,4.26,6.5,0,6.5,-2.24,59.679,99.46,0.54,16.754,0.138,
3277.0,54.617,SUNLIT,1.0,55.0,4.237,6.5,0,6.5,-2.263,59.6783,99.46,0.54,16.753,0.139,
3278.0,54.633,SUNLIT,1.0,55.0,4.213,6.5,0,6.5,-2.287,59.6777,99.46,0.54,16.753,0.141,
3279.0,54.65,SUNLIT,1.0,55.0,4.19,6.5,0,6.5,-2.31,59.677,99.46,0.54,16.753,0.142,
3280.0,54.667,SUNLIT,1.0,55.0,4.166,6.5,0,6.5,-2.334,59.6764,99.46,0.54,16.753,0.143,
3281.0,54.683,SUNLIT,1.0,55.0,4.143,6.5,0,6.5,-2.357,59.6757,99.46,0.54,16.752,0.145,
3282.0,54.7,SUNLIT,1.0,55.0,4.119,6.5,0,6.5,-2.381,59.675,99.46,0.54,16.752,0.146,
3283.0,54.717,SUNLIT,1.0,55.0,4.096,6.5,0,6.5,-2.404,59.6743,99.46,0.54,16.752,0.148,
3284.0,54.733,SUNLIT,1.0,55.0,4.072,6.5,0,6.5,-2.428,59.6736,99.46,0.54,16.752,0.149,
3285.0,54.75,SUNLIT,1.0,55.0,4.049,6.5,0,6.5,-2.451,59.6729,99.45,0.55,16.751,0.151,
3286.0,54.767,SUNLIT,1.0,55.0,4.025,6.5,0,6.5,-2.475,59.6722,99.45,0.55,16.751,0.152,
3287.0,54.783,SUNLIT,1.0,55.0,4.002,6.5,0,6.5,-2.498,59.6715,99.45,0.55,16.751,0.154,
3288.0,54.8,SUNLIT,1.0,55.0,3.978,6.5,0,6.5,-2.522,59.6708,99.45,0.55,16.751,0.155,
3289.0,54.817,SUNLIT,1.0,55.0,3.955,6.5,0,6.5,-2.545,59.67,99.45,0.55,16.75,0.156,
3290.0,54.833,SUNLIT,1.0,55.0,3.931,6.5,0,6.5,-2.569,59.6693,99.45,0.55,16.75,0.158,
3291.0,54.85,SUNLIT,1.0,55.0,3.908,6.5,0,6.5,-2.592,59.6686,99.45,0.55,16.75,0.159,
3292.0,54.867,SUNLIT,1.0,55.0,3.884,6.5,0,6.5,-2.616,59.6678,99.45,0.55,16.75,0.161,
3293.0,54.883,SUNLIT,1.0,55.0,3.861,6.5,0,6.5,-2.639,59.6671,99.45,0.55,16.749,0.162,
3294.0,54.9,SUNLIT,1.0,55.0,3.837,6.5,0,6.5,-2.663,59.6663,99.44,0.56,16.749,0.164,
3295.0,54.917,SUNLIT,1.0,55.0,3.814,6.5,0,6.5,-2.686,59.6655,99.44,0.56,16.749,0.165,
3296.0,54.933,SUNLIT,1.0,55.0,3.79,6.5,0,6.5,-2.71,59.6647,99.44,0.56,16.749,0.167,
3297.0,54.95,SUNLIT,1.0,55.0,3.767,6.5,0,6.5,-2.733,59.664,99.44,0.56,16.748,0.168,
3298.0,54.967,SUNLIT,1.0,55.0,3.743,6.5,0,6.5,-2.757,59.6632,99.44,0.56,16.748,0.169,
3299.0,54.983,SUNLIT,1.0,55.0,3.72,6.5,0,6.5,-2.78,59.6624,99.44,0.56,16.748,0.171,
3300.0,55.0,SUNLIT,1.0,55.0,3.696,6.5,0,6.5,-2.804,59.6616,99.44,0.56,16.748,0.172,
3301.0,55.017,SUNLIT,1.0,55.0,3.673,6.5,0,6.5,-2.827,59.6608,99.43,0.57,16.748,0.174,
3302.0,55.033,SUNLIT,1.0,55.0,3.649,6.5,0,6.5,-2.851,59.6599,99.43,0.57,16.747,0.175,
3303.0,55.05,SUNLIT,1.0,55.0,3.626,6.5,0,6.5,-2.874,59.6591,99.43,0.57,16.747,0.177,
3304.0,55.067,SUNLIT,1.0,55.0,3.602,6.5,0,6.5,-2.898,59.6583,99.43,0.57,16.747,0.178,
3305.0,55.083,SUNLIT,1.0,55.0,3.578,6.5,0,6.5,-2.922,59.6575,99.43,0.57,16.747,0.18,
3306.0,55.1,SUNLIT,1.0,55.0,3.555,6.5,0,6.5,-2.945,59.6566,99.43,0.57,16.746,0.181,
3307.0,55.117,SUNLIT,1.0,55.0,3.531,6.5,0,6.5,-2.969,59.6558,99.43,0.57,16.746,0.183,
3308.0,55.133,SUNLIT,1.0,55.0,3.508,6.5,0,6.5,-2.992,59.6549,99.42,0.58,16.746,0.184,
3309.0,55.15,SUNLIT,1.0,55.0,3.484,6.5,0,6.5,-3.016,59.654,99.42,0.58,16.745,0.185,
3310.0,55.167,SUNLIT,1.0,55.0,3.461,6.5,0,6.5,-3.039,59.6532,99.42,0.58,16.745,0.187,
3311.0,55.183,SUNLIT,1.0,55.0,3.437,6.5,0,6.5,-3.063,59.6523,99.42,0.58,16.745,0.188,
3312.0,55.2,SUNLIT,1.0,55.0,3.414,6.5,0,6.5,-3.086,59.6514,99.42,0.58,16.745,0.19,
3313.0,55.217,SUNLIT,1.0,55.0,3.39,6.5,0,6.5,-3.11,59.6505,99.42,0.58,16.744,0.191,
3314.0,55.233,SUNLIT,1.0,55.0,3.366,6.5,0,6.5,-3.134,59.6496,99.42,0.58,16.744,0.193,
3315.0,55.25,SUNLIT,1.0,55.0,3.343,6.5,0,6.5,-3.157,59.6487,99.41,0.59,16.744,0.194,
3316.0,55.267,SUNLIT,1.0,55.0,3.319,6.5,0,6.5,-3.181,59.6478,99.41,0.59,16.744,0.196,
3317.0,55.283,SUNLIT,1.0,55.0,3.296,6.5,0,6.5,-3.204,59.6469,99.41,0.59,16.743,0.197,
3318.0,55.3,SUNLIT,1.0,55.0,3.272,6.5,0,6.5,-3.228,59.646,99.41,0.59,16.743,0.198,
3319.0,55.317,SUNLIT,1.0,55.0,3.248,6.5,0,6.5,-3.252,59.645,99.41,0.59,16.743,0.2,
3320.0,55.333,SUNLIT,1.0,55.0,3.225,6.5,0,6.5,-3.275,59.6441,99.41,0.59,16.743,0.201,
3321.0,55.35,SUNLIT,1.0,55.0,3.201,6.5,0,6.5,-3.299,59.6432,99.41,0.59,16.742,0.203,
3322.0,55.367,SUNLIT,1.0,55.0,3.178,6.5,0,6.5,-3.322,59.6422,99.4,0.6,16.742,0.204,
3323.0,55.383,SUNLIT,1.0,55.0,3.154,6.5,0,6.5,-3.346,59.6412,99.4,0.6,16.742,0.206,
3324.0,55.4,SUNLIT,1.0,55.0,3.13,6.5,0,6.5,-3.37,59.6403,99.4,0.6,16.742,0.207,
3325.0,55.417,SUNLIT,1.0,55.0,3.107,6.5,0,6.5,-3.393,59.6393,99.4,0.6,16.741,0.209,
3326.0,55.433,SUNLIT,1.0,55.0,3.083,6.5,0,6.5,-3.417,59.6383,99.4,0.6,16.741,0.21,
3327.0,55.45,SUNLIT,1.0,55.0,3.06,6.5,0,6.5,-3.44,59.6373,99.4,0.6,16.741,0.212,
3328.0,55.467,SUNLIT,1.0,55.0,3.036,6.5,0,6.5,-3.464,59.6363,99.39,0.61,16.741,0.213,
3329.0,55.483,SUNLIT,1.0,55.0,3.012,6.5,0,6.5,-3.488,59.6354,99.39,0.61,16.74,0.214,
3330.0,55.5,SUNLIT,1.0,55.0,2.989,6.5,0,6.5,-3.511,59.6343,99.39,0.61,16.74,0.216,
3331.0,55.517,SUNLIT,1.0,55.0,2.965,6.5,0,6.5,-3.535,59.6333,99.39,0.61,16.74,0.217,
3332.0,55.533,SUNLIT,1.0,55.0,2.942,6.5,0,6.5,-3.558,59.6323,99.39,0.61,16.739,0.219,
3333.0,55.55,SUNLIT,1.0,55.0,2.918,6.5,0,6.5,-3.582,59.6313,99.39,0.61,16.739,0.22,
3334.0,55.567,SUNLIT,1.0,55.0,2.894,6.5,0,6.5,-3.606,59.6303,99.38,0.62,16.739,0.222,
3335.0,55.583,SUNLIT,1.0,55.0,2.871,6.5,0,6.5,-3.629,59.6292,99.38,0.62,16.739,0.223,
3336.0,55.6,SUNLIT,1.0,55.0,2.847,6.5,0,6.5,-3.653,59.6282,99.38,0.62,16.738,0.225,
3337.0,55.617,SUNLIT,1.0,55.0,2.823,6.5,0,6.5,-3.677,59.6271,99.38,0.62,16.738,0.226,
3338.0,55.633,SUNLIT,1.0,55.0,2.8,6.5,0,6.5,-3.7,59.6261,99.38,0.62,16.738,0.228,
3339.0,55.65,SUNLIT,1.0,55.0,2.776,6.5,0,6.5,-3.724,59.625,99.37,0.63,16.738,0.229,
3340.0,55.667,SUNLIT,1.0,55.0,2.753,6.5,0,6.5,-3.747,59.6239,99.37,0.63,16.737,0.23,
3341.0,55.683,SUNLIT,1.0,55.0,2.729,6.5,0,6.5,-3.771,59.6228,99.37,0.63,16.737,0.232,
3342.0,55.7,SUNLIT,1.0,55.0,2.705,6.5,0,6.5,-3.795,59.6218,99.37,0.63,16.737,0.233,
3343.0,55.717,SUNLIT,1.0,55.0,2.682,6.5,0,6.5,-3.818,59.6207,99.37,0.63,16.736,0.235,
3344.0,55.733,SUNLIT,1.0,55.0,2.658,6.5,0,6.5,-3.842,59.6196,99.37,0.63,16.736,0.236,
3345.0,55.75,SUNLIT,1.0,55.0,2.634,6.5,0,6.5,-3.866,59.6185,99.36,0.64,16.736,0.238,
3346.0,55.767,SUNLIT,1.0,55.0,2.611,6.5,0,6.5,-3.889,59.6173,99.36,0.64,16.736,0.239,
3347.0,55.783,SUNLIT,1.0,55.0,2.587,6.5,0,6.5,-3.913,59.6162,99.36,0.64,16.735,0.241,
3348.0,55.8,SUNLIT,1.0,55.0,2.563,6.5,0,6.5,-3.937,59.6151,99.36,0.64,16.735,0.242,
3349.0,55.817,SUNLIT,1.0,55.0,2.54,6.5,0,6.5,-3.96,59.614,99.36,0.64,16.735,0.244,
3350.0,55.833,SUNLIT,1.0,55.0,2.516,6.5,0,6.5,-3.984,59.6128,99.35,0.65,16.734,0.245,
3351.0,55.85,SUNLIT,1.0,55.0,2.492,6.5,0,6.5,-4.008,59.6117,99.35,0.65,16.734,0.246,
3352.0,55.867,SUNLIT,1.0,55.0,2.469,6.5,0,6.5,-4.031,59.6105,99.35,0.65,16.734,0.248,
3353.0,55.883,SUNLIT,1.0,55.0,2.445,6.5,0,6.5,-4.055,59.6094,99.35,0.65,16.734,0.249,
3354.0,55.9,SUNLIT,1.0,55.0,2.421,6.5,0,6.5,-4.079,59.6082,99.35,0.65,16.733,0.251,
3355.0,55.917,SUNLIT,1.0,55.0,2.398,6.5,0,6.5,-4.102,59.607,99.35,0.65,16.733,0.252,
3356.0,55.933,SUNLIT,1.0,55.0,2.374,6.5,0,6.5,-4.126,59.6058,99.34,0.66,16.733,0.254,
3357.0,55.95,SUNLIT,1.0,55.0,2.35,6.5,0,6.5,-4.15,59.6046,99.34,0.66,16.733,0.255,
3358.0,55.967,SUNLIT,1.0,55.0,2.327,6.5,0,6.5,-4.173,59.6034,99.34,0.66,16.732,0.257,
3359.0,55.983,SUNLIT,1.0,55.0,2.303,6.5,0,6.5,-4.197,59.6022,99.34,0.66,16.732,0.258,
3360.0,56.0,SUNLIT,1.0,55.0,2.279,6.5,0,6.5,-4.221,59.601,99.34,0.66,16.732,0.26,
3361.0,56.017,SUNLIT,1.0,55.0,2.256,6.5,0,6.5,-4.244,59.5998,99.33,0.67,16.731,0.261,
3362.0,56.033,SUNLIT,1.0,55.0,2.232,6.5,0,6.5,-4.268,59.5986,99.33,0.67,16.731,0.262,
3363.0,56.05,SUNLIT,1.0,55.0,2.208,6.5,0,6.5,-4.292,59.5974,99.33,0.67,16.731,0.264,
3364.0,56.067,SUNLIT,1.0,55.0,2.185,6.5,0,6.5,-4.315,59.5961,99.33,0.67,16.73,0.265,
3365.0,56.083,SUNLIT,1.0,55.0,2.161,6.5,0,6.5,-4.339,59.5949,99.32,0.68,16.73,0.267,
3366.0,56.1,SUNLIT,1.0,55.0,2.137,6.5,0,6.5,-4.363,59.5936,99.32,0.68,16.73,0.268,
3367.0,56.117,SUNLIT,1.0,55.0,2.113,6.5,0,6.5,-4.387,59.5924,99.32,0.68,16.73,0.27,
3368.0,56.133,SUNLIT,1.0,55.0,2.09,6.5,0,6.5,-4.41,59.5911,99.32,0.68,16.729,0.271,
3369.0,56.15,SUNLIT,1.0,55.0,2.066,6.5,0,6.5,-4.434,59.5898,99.32,0.68,16.729,0.273,
3370.0,56.167,SUNLIT,1.0,55.0,2.042,6.5,0,6.5,-4.458,59.5886,99.31,0.69,16.729,0.274,
3371.0,56.183,SUNLIT,1.0,55.0,2.019,6.5,0,6.5,-4.481,59.5873,99.31,0.69,16.728,0.276,
3372.0,56.2,SUNLIT,1.0,55.0,1.995,6.5,0,6.5,-4.505,59.586,99.31,0.69,16.728,0.277,
3373.0,56.217,SUNLIT,1.0,55.0,1.971,6.5,0,6.5,-4.529,59.5847,99.31,0.69,16.728,0.279,
3374.0,56.233,SUNLIT,1.0,55.0,1.948,6.5,0,6.5,-4.552,59.5834,99.31,0.69,16.728,0.28,
3375.0,56.25,SUNLIT,1.0,55.0,1.924,6.5,0,6.5,-4.576,59.5821,99.3,0.7,16.727,0.281,
3376.0,56.267,SUNLIT,1.0,55.0,1.9,6.5,0,6.5,-4.6,59.5808,99.3,0.7,16.727,0.283,
3377.0,56.283,SUNLIT,1.0,55.0,1.876,6.5,0,6.5,-4.624,59.5794,99.3,0.7,16.727,0.284,
3378.0,56.3,SUNLIT,1.0,55.0,1.853,6.5,0,6.5,-4.647,59.5781,99.3,0.7,16.726,0.286,
3379.0,56.317,SUNLIT,1.0,55.0,1.829,6.5,0,6.5,-4.671,59.5768,99.29,0.71,16.726,0.287,
3380.0,56.333,SUNLIT,1.0,55.0,1.805,6.5,0,6.5,-4.695,59.5754,99.29,0.71,16.726,0.289,
3381.0,56.35,SUNLIT,1.0,55.0,1.782,6.5,0,6.5,-4.718,59.5741,99.29,0.71,16.725,0.29,
3382.0,56.367,SUNLIT,1.0,55.0,1.758,6.5,0,6.5,-4.742,59.5727,99.29,0.71,16.725,0.292,
3383.0,56.383,SUNLIT,1.0,55.0,1.734,6.5,0,6.5,-4.766,59.5714,99.29,0.71,16.725,0.293,
3384.0,56.4,SUNLIT,1.0,55.0,1.71,6.5,0,6.5,-4.79,59.57,99.28,0.72,16.725,0.295,
3385.0,56.417,SUNLIT,1.0,55.0,1.687,6.5,0,6.5,-4.813,59.5686,99.28,0.72,16.724,0.296,
3386.0,56.433,SUNLIT,1.0,55.0,1.663,6.5,0,6.5,-4.837,59.5672,99.28,0.72,16.724,0.298,
3387.0,56.45,SUNLIT,1.0,55.0,1.639,6.5,0,6.5,-4.861,59.5658,99.28,0.72,16.724,0.299,
3388.0,56.467,SUNLIT,1.0,55.0,1.616,6.5,0,6.5,-4.884,59.5644,99.27,0.73,16.723,0.3,
3389.0,56.483,SUNLIT,1.0,55.0,1.592,6.5,0,6.5,-4.908,59.563,99.27,0.73,16.723,0.302,
3390.0,56.5,SUNLIT,1.0,55.0,1.568,6.5,0,6.5,-4.932,59.5616,99.27,0.73,16.723,0.303,
3391.0,56.517,SUNLIT,1.0,55.0,1.544,6.5,0,6.5,-4.956,59.5602,99.27,0.73,16.722,0.305,
3392.0,56.533,SUNLIT,1.0,55.0,1.521,6.5,0,6.5,-4.979,59.5588,99.26,0.74,16.722,0.306,
3393.0,56.55,SUNLIT,1.0,55.0,1.497,6.5,0,6.5,-5.003,59.5573,99.26,0.74,16.722,0.308,
3394.0,56.567,SUNLIT,1.0,55.0,1.473,6.5,0,6.5,-5.027,59.5559,99.26,0.74,16.721,0.309,
3395.0,56.583,SUNLIT,1.0,55.0,1.449,6.5,0,6.5,-5.051,59.5545,99.26,0.74,16.721,0.311,
3396.0,56.6,SUNLIT,1.0,55.0,1.426,6.5,0,6.5,-5.074,59.553,99.25,0.75,16.721,0.312,
3397.0,56.617,SUNLIT,1.0,55.0,1.402,6.5,0,6.5,-5.098,59.5515,99.25,0.75,16.721,0.314,
3398.0,56.633,SUNLIT,1.0,55.0,1.378,6.5,0,6.5,-5.122,59.5501,99.25,0.75,16.72,0.315,
3399.0,56.65,SUNLIT,1.0,55.0,1.354,6.5,0,6.5,-5.146,59.5486,99.25,0.75,16.72,0.317,
3400.0,56.667,SUNLIT,1.0,55.0,1.331,6.5,0,6.5,-5.169,59.5471,99.25,0.75,16.72,0.318,
3401.0,56.683,SUNLIT,1.0,55.0,1.307,6.5,0,6.5,-5.193,59.5456,99.24,0.76,16.719,0.319,
3402.0,56.7,SUNLIT,1.0,55.0,1.283,6.5,0,6.5,-5.217,59.5441,99.24,0.76,16.719,0.321,
3403.0,56.717,SUNLIT,1.0,55.0,1.259,6.5,0,6.5,-5.241,59.5426,99.24,0.76,16.719,0.322,
3404.0,56.733,SUNLIT,1.0,55.0,1.236,6.5,0,6.5,-5.264,59.5411,99.24,0.76,16.718,0.324,
3405.0,56.75,SUNLIT,1.0,55.0,1.212,6.5,0,6.5,-5.288,59.5396,99.23,0.77,16.718,0.325,
3406.0,56.767,SUNLIT,1.0,55.0,1.188,6.5,0,6.5,-5.312,59.5381,99.23,0.77,16.718,0.327,
3407.0,56.783,SUNLIT,1.0,55.0,1.164,6.5,0,6.5,-5.336,59.5366,99.23,0.77,16.717,0.328,
3408.0,56.8,SUNLIT,1.0,55.0,1.141,6.5,0,6.5,-5.359,59.535,99.23,0.77,16.717,0.33,
3409.0,56.817,SUNLIT,1.0,55.0,1.117,6.5,0,6.5,-5.383,59.5335,99.22,0.78,16.717,0.331,
3410.0,56.833,SUNLIT,1.0,55.0,1.093,6.5,0,6.5,-5.407,59.5319,99.22,0.78,16.716,0.333,
3411.0,56.85,SUNLIT,1.0,55.0,1.069,6.5,0,6.5,-5.431,59.5304,99.22,0.78,16.716,0.334,
3412.0,56.867,SUNLIT,1.0,55.0,1.046,6.5,0,6.5,-5.454,59.5288,99.21,0.79,16.716,0.336,
3413.0,56.883,SUNLIT,1.0,55.0,1.022,6.5,0,6.5,-5.478,59.5273,99.21,0.79,16.715,0.337,
3414.0,56.9,SUNLIT,1.0,55.0,0.998,6.5,0,6.5,-5.502,59.5257,99.21,0.79,16.715,0.339,
3415.0,56.917,SUNLIT,1.0,55.0,0.974,6.5,0,6.5,-5.526,59.5241,99.21,0.79,16.715,0.34,
3416.0,56.933,SUNLIT,1.0,55.0,0.951,6.5,0,6.5,-5.549,59.5225,99.2,0.8,16.715,0.341,
3417.0,56.95,SUNLIT,1.0,55.0,0.927,6.5,0,6.5,-5.573,59.5209,99.2,0.8,16.714,0.343,
3418.0,56.967,SUNLIT,1.0,55.0,0.903,6.5,0,6.5,-5.597,59.5193,99.2,0.8,16.714,0.344,
3419.0,56.983,SUNLIT,1.0,55.0,0.879,6.5,0,6.5,-5.621,59.5177,99.2,0.8,16.714,0.346,
3420.0,57.0,SUNLIT,1.0,55.0,0.856,6.5,0,6.5,-5.644,59.5161,99.19,0.81,16.713,0.347,
3421.0,57.017,PENUMBRA_INGRESS,1.0,55.0,0.832,6.5,0,6.5,-5.668,59.5145,99.19,0.81,16.713,0.349,
3422.0,57.033,PENUMBRA_INGRESS,0.998,55.0,0.807,6.5,0,6.5,-5.693,59.5128,99.19,0.81,16.713,0.35,
3423.0,57.05,PENUMBRA_INGRESS,0.992,55.0,0.778,6.5,0,6.5,-5.722,59.5112,99.19,0.81,16.712,0.352,
3424.0,57.067,PENUMBRA_INGRESS,0.982,55.0,0.747,6.5,0,6.5,-5.753,59.5095,99.18,0.82,16.712,0.354,
3425.0,57.083,PENUMBRA_INGRESS,0.9681,55.0,0.713,6.5,0,6.5,-5.787,59.5079,99.18,0.82,16.711,0.356,
3426.0,57.1,PENUMBRA_INGRESS,0.9505,55.0,0.678,6.5,0,6.5,-5.822,59.5062,99.18,0.82,16.711,0.358,
3427.0,57.117,PENUMBRA_INGRESS,0.9292,55.0,0.641,6.5,0,6.5,-5.859,59.5045,99.17,0.83,16.711,0.361,
3428.0,57.133,PENUMBRA_INGRESS,0.9045,55.0,0.602,6.5,0,6.5,-5.898,59.5029,99.17,0.83,16.71,0.363,
3429.0,57.15,PENUMBRA_INGRESS,0.8765,55.0,0.563,6.5,0,6.5,-5.937,59.5012,99.17,0.83,16.71,0.365,
3430.0,57.167,PENUMBRA_INGRESS,0.8455,55.0,0.523,6.5,0,6.5,-5.977,59.4994,99.17,0.83,16.709,0.368,
3431.0,57.183,PENUMBRA_INGRESS,0.8117,55.0,0.482,6.5,0,6.5,-6.018,59.4977,99.16,0.84,16.709,0.37,
3432.0,57.2,PENUMBRA_INGRESS,0.7754,55.0,0.442,6.5,0,6.5,-6.058,59.496,99.16,0.84,16.708,0.373,
3433.0,57.217,PENUMBRA_INGRESS,0.7369,55.0,0.403,6.5,0,6.5,-6.097,59.4942,99.16,0.84,16.708,0.375,
3434.0,57.233,PENUMBRA_INGRESS,0.6965,55.0,0.364,6.5,0,6.5,-6.136,59.4925,99.15,0.85,16.707,0.378,
3435.0,57.25,PENUMBRA_INGRESS,0.6545,55.0,0.327,6.5,0,6.5,-6.173,59.4907,99.15,0.85,16.707,0.38,
3436.0,57.267,PENUMBRA_INGRESS,0.6113,55.0,0.291,6.5,0,6.5,-6.209,59.4889,99.15,0.85,16.707,0.382,
3437.0,57.283,PENUMBRA_INGRESS,0.5671,55.0,0.256,6.5,0,6.5,-6.244,59.4871,99.15,0.85,16.706,0.384,
3438.0,57.3,PENUMBRA_INGRESS,0.5224,55.0,0.224,6.5,0,6.5,-6.276,59.4853,99.14,0.86,16.706,0.386,
3439.0,57.317,PENUMBRA_INGRESS,0.4776,55.0,0.193,6.5,0,6.5,-6.307,59.4835,99.14,0.86,16.705,0.388,
3440.0,57.333,PENUMBRA_INGRESS,0.4329,55.0,0.165,6.5,0,6.5,-6.335,59.4817,99.14,0.86,16.705,0.39,
3441.0,57.35,PENUMBRA_INGRESS,0.3887,55.0,0.139,6.5,0,6.5,-6.361,59.4799,99.13,0.87,16.705,0.391,
3442.0,57.367,PENUMBRA_INGRESS,0.3455,55.0,0.115,6.5,0,6.5,-6.385,59.4781,99.13,0.87,16.704,0.393,
3443.0,57.383,PENUMBRA_INGRESS,0.3035,55.0,0.094,6.5,0,6.5,-6.406,59.4762,99.13,0.87,16.704,0.394,
3444.0,57.4,PENUMBRA_INGRESS,0.2631,55.0,0.075,6.5,0,6.5,-6.425,59.4744,99.12,0.88,16.704,0.395,
3445.0,57.417,PENUMBRA_INGRESS,0.2246,55.0,0.059,6.5,0,6.5,-6.441,59.4726,99.12,0.88,16.703,0.396,
3446.0,57.433,PENUMBRA_INGRESS,0.1883,55.0,0.045,6.5,0,6.5,-6.455,59.4707,99.12,0.88,16.703,0.397,
3447.0,57.45,PENUMBRA_INGRESS,0.1545,55.0,0.033,6.5,0,6.5,-6.467,59.4689,99.11,0.89,16.703,0.398,
3448.0,57.467,PENUMBRA_INGRESS,0.1235,55.0,0.023,6.5,0,6.5,-6.477,59.467,99.11,0.89,16.702,0.399,
3449.0,57.483,PENUMBRA_INGRESS,0.0955,54.5,0.016,6.5,0,6.5,-6.484,59.4651,99.11,0.89,16.702,0.399,
3450.0,57.5,PENUMBRA_INGRESS,0.0708,54.01,0.01,6.5,0,6.5,-6.49,59.4633,99.11,0.89,16.702,0.399,
3451.0,57.517,PENUMBRA_INGRESS,0.0495,53.51,0.006,6.5,0,6.5,-6.494,59.4614,99.1,0.9,16.702,0.4,
3452.0,57.533,PENUMBRA_INGRESS,0.0319,53.02,0.003,6.5,0,6.5,-6.497,59.4596,99.1,0.9,16.702,0.4,
3453.0,57.55,PENUMBRA_INGRESS,0.018,52.53,0.001,6.5,0,6.5,-6.499,59.4577,99.1,0.9,16.701,0.4,
3454.0,57.567,PENUMBRA_INGRESS,0.008,52.05,0.0,6.5,0,6.5,-6.5,59.4558,99.09,0.91,16.701,0.4,
3455.0,57.583,PENUMBRA_INGRESS,0.002,51.57,0.0,6.5,0,6.5,-6.5,59.454,99.09,0.91,16.701,0.4,
3456.0,57.6,ECLIPSE,0.0,51.09,0.0,6.5,0,6.5,-6.5,59.4521,99.09,0.91,16.701,0.4,
3457.0,57.617,ECLIPSE,0.0,50.61,0.0,6.5,0,6.5,-6.5,59.4503,99.08,0.92,16.701,0.4,
3458.0,57.633,ECLIPSE,0.0,50.14,0.0,6.5,0,6.5,-6.5,59.4484,99.08,0.92,16.701,0.4,
3459.0,57.65,ECLIPSE,0.0,49.66,0.0,6.5,0,6.5,-6.5,59.4465,99.08,0.92,16.7,0.4,
3460.0,57.667,ECLIPSE,0.0,49.2,0.0,6.5,0,6.5,-6.5,59.4447,99.07,0.93,16.7,0.4,
3461.0,57.683,ECLIPSE,0.0,48.73,0.0,6.5,0,6.5,-6.5,59.4428,99.07,0.93,16.7,0.4,
3462.0,57.7,ECLIPSE,0.0,48.27,0.0,6.5,0,6.5,-6.5,59.441,99.07,0.93,16.7,0.4,
3463.0,57.717,ECLIPSE,0.0,47.8,0.0,6.5,0,6.5,-6.5,59.4391,99.07,0.93,16.7,0.4,
3464.0,57.733,ECLIPSE,0.0,47.35,0.0,6.5,0,6.5,-6.5,59.4372,99.06,0.94,16.7,0.4,
3465.0,57.75,ECLIPSE,0.0,46.89,0.0,6.5,0,6.5,-6.5,59.4354,99.06,0.94,16.699,0.4,
3466.0,57.767,ECLIPSE,0.0,46.44,0.0,6.5,0,6.5,-6.5,59.4335,99.06,0.94,16.699,0.4,
3467.0,57.783,ECLIPSE,0.0,45.98,0.0,6.5,0,6.5,-6.5,59.4316,99.05,0.95,16.699,0.4,
3468.0,57.8,ECLIPSE,0.0,45.54,0.0,6.5,0,6.5,-6.5,59.4298,99.05,0.95,16.699,0.4,
3469.0,57.817,ECLIPSE,0.0,45.09,0.0,6.5,0,6.5,-6.5,59.4279,99.05,0.95,16.699,0.4,
3470.0,57.833,ECLIPSE,0.0,44.65,0.0,6.5,0,6.5,-6.5,59.4261,99.04,0.96,16.698,0.4,
3471.0,57.85,ECLIPSE,0.0,44.2,0.0,6.5,0,6.5,-6.5,59.4242,99.04,0.96,16.698,0.4,
3472.0,57.867,ECLIPSE,0.0,43.77,0.0,6.5,0,6.5,-6.5,59.4223,99.04,0.96,16.698,0.4,
3473.0,57.883,ECLIPSE,0.0,43.33,0.0,6.5,0,6.5,-6.5,59.4205,99.03,0.97,16.698,0.4,
3474.0,57.9,ECLIPSE,0.0,42.9,0.0,6.5,0,6.5,-6.5,59.4186,99.03,0.97,16.698,0.4,
3475.0,57.917,ECLIPSE,0.0,42.46,0.0,6.5,0,6.5,-6.5,59.4168,99.03,0.97,16.698,0.4,
3476.0,57.933,ECLIPSE,0.0,42.03,0.0,6.5,0,6.5,-6.5,59.4149,99.02,0.98,16.697,0.4,
3477.0,57.95,ECLIPSE,0.0,41.61,0.0,6.5,0,6.5,-6.5,59.413,99.02,0.98,16.697,0.4,
3478.0,57.967,ECLIPSE,0.0,41.18,0.0,6.5,0,6.5,-6.5,59.4112,99.02,0.98,16.697,0.4,
3479.0,57.983,ECLIPSE,0.0,40.76,0.0,6.5,0,6.5,-6.5,59.4093,99.02,0.98,16.697,0.4,
3480.0,58.0,ECLIPSE,0.0,40.34,0.0,6.5,0,6.5,-6.5,59.4074,99.01,0.99,16.697,0.4,
3481.0,58.017,ECLIPSE,0.0,39.92,0.0,6.5,0,6.5,-6.5,59.4056,99.01,0.99,16.697,0.4,
3482.0,58.033,ECLIPSE,0.0,39.51,0.0,6.5,0,6.5,-6.5,59.4037,99.01,0.99,16.696,0.4,
3483.0,58.05,ECLIPSE,0.0,39.1,0.0,6.5,0,6.5,-6.5,59.4019,99.0,1.0,16.696,0.4,
3484.0,58.067,ECLIPSE,0.0,38.69,0.0,6.5,0,6.5,-6.5,59.4,99.0,1.0,16.696,0.4,
3485.0,58.083,ECLIPSE,0.0,38.28,0.0,6.5,0,6.5,-6.5,59.3981,99.0,1.0,16.696,0.4,
3486.0,58.1,ECLIPSE,0.0,37.87,0.0,6.5,0,6.5,-6.5,59.3963,98.99,1.01,16.696,0.4,
3487.0,58.117,ECLIPSE,0.0,37.47,0.0,6.5,0,6.5,-6.5,59.3944,98.99,1.01,16.696,0.4,
3488.0,58.133,ECLIPSE,0.0,37.07,0.0,6.5,0,6.5,-6.5,59.3926,98.99,1.01,16.695,0.4,
3489.0,58.15,ECLIPSE,0.0,36.67,0.0,6.5,0,6.5,-6.5,59.3907,98.98,1.02,16.695,0.4,
3490.0,58.167,ECLIPSE,0.0,36.27,0.0,6.5,0,6.5,-6.5,59.3888,98.98,1.02,16.695,0.4,
3491.0,58.183,ECLIPSE,0.0,35.88,0.0,6.5,0,6.5,-6.5,59.387,98.98,1.02,16.695,0.4,
3492.0,58.2,ECLIPSE,0.0,35.48,0.0,6.5,0,6.5,-6.5,59.3851,98.98,1.02,16.695,0.4,
3493.0,58.217,ECLIPSE,0.0,35.09,0.0,6.5,0,6.5,-6.5,59.3833,98.97,1.03,16.694,0.4,
3494.0,58.233,ECLIPSE,0.0,34.7,0.0,6.5,0,6.5,-6.5,59.3814,98.97,1.03,16.694,0.4,
3495.0,58.25,ECLIPSE,0.0,34.32,0.0,6.5,0,6.5,-6.5,59.3795,98.97,1.03,16.694,0.4,
3496.0,58.267,ECLIPSE,0.0,33.93,0.0,6.5,0,6.5,-6.5,59.3777,98.96,1.04,16.694,0.4,
3497.0,58.283,ECLIPSE,0.0,33.55,0.0,6.5,0,6.5,-6.5,59.3758,98.96,1.04,16.694,0.4,
3498.0,58.3,ECLIPSE,0.0,33.17,0.0,6.5,0,6.5,-6.5,59.3739,98.96,1.04,16.694,0.4,
3499.0,58.317,ECLIPSE,0.0,32.79,0.0,6.5,0,6.5,-6.5,59.3721,98.95,1.05,16.693,0.4,
3500.0,58.333,ECLIPSE,0.0,32.42,0.0,6.5,0,6.5,-6.5,59.3702,98.95,1.05,16.693,0.4,
3501.0,58.35,ECLIPSE,0.0,32.05,0.0,6.5,0,6.5,-6.5,59.3684,98.95,1.05,16.693,0.4,
3502.0,58.367,ECLIPSE,0.0,31.67,0.0,6.5,0,6.5,-6.5,59.3665,98.94,1.06,16.693,0.4,
3503.0,58.383,ECLIPSE,0.0,31.3,0.0,6.5,0,6.5,-6.5,59.3646,98.94,1.06,16.693,0.4,
3504.0,58.4,ECLIPSE,0.0,30.94,0.0,6.5,0,6.5,-6.5,59.3628,98.94,1.06,16.693,0.4,
3505.0,58.417,ECLIPSE,0.0,30.57,0.0,6.5,0,6.5,-6.5,59.3609,98.93,1.07,16.692,0.4,
3506.0,58.433,ECLIPSE,0.0,30.21,0.0,6.5,0,6.5,-6.5,59.3591,98.93,1.07,16.692,0.4,
3507.0,58.45,ECLIPSE,0.0,29.85,0.0,6.5,0,6.5,-6.5,59.3572,98.93,1.07,16.692,0.4,
3508.0,58.467,ECLIPSE,0.0,29.49,0.0,6.5,0,6.5,-6.5,59.3553,98.93,1.07,16.692,0.4,
3509.0,58.483,ECLIPSE,0.0,29.13,0.0,6.5,0,6.5,-6.5,59.3535,98.92,1.08,16.692,0.4,
3510.0,58.5,ECLIPSE,0.0,28.78,0.0,6.5,0,6.5,-6.5,59.3516,98.92,1.08,16.692,0.4,
3511.0,58.517,ECLIPSE,0.0,28.42,0.0,6.5,0,6.5,-6.5,59.3497,98.92,1.08,16.691,0.4,
3512.0,58.533,ECLIPSE,0.0,28.07,0.0,6.5,0,6.5,-6.5,59.3479,98.91,1.09,16.691,0.4,
3513.0,58.55,ECLIPSE,0.0,27.72,0.0,6.5,0,6.5,-6.5,59.346,98.91,1.09,16.691,0.4,
3514.0,58.567,ECLIPSE,0.0,27.37,0.0,6.5,0,6.5,-6.5,59.3442,98.91,1.09,16.691,0.4,
3515.0,58.583,ECLIPSE,0.0,27.03,0.0,6.5,0,6.5,-6.5,59.3423,98.9,1.1,16.691,0.4,
3516.0,58.6,ECLIPSE,0.0,26.68,0.0,6.5,0,6.5,-6.5,59.3404,98.9,1.1,16.69,0.4,
3517.0,58.617,ECLIPSE,0.0,26.34,0.0,6.5,0,6.5,-6.5,59.3386,98.9,1.1,16.69,0.4,
3518.0,58.633,ECLIPSE,0.0,26.0,0.0,6.5,0,6.5,-6.5,59.3367,98.89,1.11,16.69,0.4,
3519.0,58.65,ECLIPSE,0.0,25.66,0.0,6.5,0,6.5,-6.5,59.3349,98.89,1.11,16.69,0.4,
3520.0,58.667,ECLIPSE,0.0,25.33,0.0,6.5,0,6.5,-6.5,59.333,98.89,1.11,16.69,0.4,
3521.0,58.683,ECLIPSE,0.0,24.99,0.0,6.5,0,6.5,-6.5,59.3311,98.89,1.11,16.69,0.4,
3522.0,58.7,ECLIPSE,0.0,24.66,0.0,6.5,0,6.5,-6.5,59.3293,98.88,1.12,16.689,0.4,
3523.0,58.717,ECLIPSE,0.0,24.33,0.0,6.5,0,6.5,-6.5,59.3274,98.88,1.12,16.689,0.4,
3524.0,58.733,ECLIPSE,0.0,24.0,0.0,6.5,0,6.5,-6.5,59.3255,98.88,1.12,16.689,0.4,
3525.0,58.75,ECLIPSE,0.0,23.68,0.0,6.5,0,6.5,-6.5,59.3237,98.87,1.13,16.689,0.4,
3526.0,58.767,ECLIPSE,0.0,23.35,0.0,6.5,0,6.5,-6.5,59.3218,98.87,1.13,16.689,0.4,
3527.0,58.783,ECLIPSE,0.0,23.03,0.0,6.5,0,6.5,-6.5,59.32,98.87,1.13,16.689,0.4,
3528.0,58.8,ECLIPSE,0.0,22.71,0.0,6.5,0,6.5,-6.5,59.3181,98.86,1.14,16.688,0.4,
3529.0,58.817,ECLIPSE,0.0,22.39,0.0,6.5,0,6.5,-6.5,59.3162,98.86,1.14,16.688,0.4,
3530.0,58.833,ECLIPSE,0.0,22.07,0.0,6.5,0,6.5,-6.5,59.3144,98.86,1.14,16.688,0.4,
3531.0,58.85,ECLIPSE,0.0,21.75,0.0,6.5,0,6.5,-6.5,59.3125,98.85,1.15,16.688,0.4,
3532.0,58.867,ECLIPSE,0.0,21.44,0.0,6.5,0,6.5,-6.5,59.3107,98.85,1.15,16.688,0.4,
3533.0,58.883,ECLIPSE,0.0,21.13,0.0,6.5,0,6.5,-6.5,59.3088,98.85,1.15,16.688,0.4,
3534.0,58.9,ECLIPSE,0.0,20.81,0.0,6.5,0,6.5,-6.5,59.3069,98.84,1.16,16.687,0.4,
3535.0,58.917,ECLIPSE,0.0,20.51,0.0,6.5,0,6.5,-6.5,59.3051,98.84,1.16,16.687,0.4,
3536.0,58.933,ECLIPSE,0.0,20.2,0.0,6.5,0,6.5,-6.5,59.3032,98.84,1.16,16.687,0.4,
3537.0,58.95,ECLIPSE,0.0,19.89,0.0,6.5,0,6.5,-6.5,59.3014,98.84,1.16,16.687,0.4,
3538.0,58.967,ECLIPSE,0.0,19.59,0.0,6.5,0,6.5,-6.5,59.2995,98.83,1.17,16.687,0.4,
3539.0,58.983,ECLIPSE,0.0,19.29,0.0,6.5,0,6.5,-6.5,59.2976,98.83,1.17,16.687,0.4,
3540.0,59.0,ECLIPSE,0.0,18.98,0.0,6.5,0,6.5,-6.5,59.2958,98.83,1.17,16.686,0.4,
3541.0,59.017,ECLIPSE,0.0,18.69,0.0,6.5,0,6.5,-6.5,59.2939,98.82,1.18,16.686,0.4,
3542.0,59.033,ECLIPSE,0.0,18.39,0.0,6.5,0,6.5,-6.5,59.292,98.82,1.18,16.686,0.4,
3543.0,59.05,ECLIPSE,0.0,18.09,0.0,6.5,0,6.5,-6.5,59.2902,98.82,1.18,16.686,0.4,
3544.0,59.067,ECLIPSE,0.0,17.8,0.0,6.5,0,6.5,-6.5,59.2883,98.81,1.19,16.686,0.4,
3545.0,59.083,ECLIPSE,0.0,17.51,0.0,6.5,0,6.5,-6.5,59.2865,98.81,1.19,16.685,0.4,
3546.0,59.1,ECLIPSE,0.0,17.21,0.0,6.5,0,6.5,-6.5,59.2846,98.81,1.19,16.685,0.4,
3547.0,59.117,ECLIPSE,0.0,16.93,0.0,6.5,0,6.5,-6.5,59.2827,98.8,1.2,16.685,0.4,
3548.0,59.133,ECLIPSE,0.0,16.64,0.0,6.5,0,6.5,-6.5,59.2809,98.8,1.2,16.685,0.4,
3549.0,59.15,ECLIPSE,0.0,16.35,0.0,6.5,0,6.5,-6.5,59.279,98.8,1.2,16.685,0.4,
3550.0,59.167,ECLIPSE,0.0,16.07,0.0,6.5,0,6.5,-6.5,59.2772,98.8,1.2,16.685,0.4,
3551.0,59.183,ECLIPSE,0.0,15.78,0.0,6.5,0,6.5,-6.5,59.2753,98.79,1.21,16.684,0.4,
3552.0,59.2,ECLIPSE,0.0,15.5,0.0,6.5,0,6.5,-6.5,59.2734,98.79,1.21,16.684,0.4,
3553.0,59.217,ECLIPSE,0.0,15.22,0.0,6.5,0,6.5,-6.5,59.2716,98.79,1.21,16.684,0.4,
3554.0,59.233,ECLIPSE,0.0,14.94,0.0,6.5,0,6.5,-6.5,59.2697,98.78,1.22,16.684,0.4,
3555.0,59.25,ECLIPSE,0.0,14.67,0.0,6.5,0,6.5,-6.5,59.2678,98.78,1.22,16.684,0.4,
3556.0,59.267,ECLIPSE,0.0,14.39,0.0,6.5,0,6.5,-6.5,59.266,98.78,1.22,16.684,0.4,
3557.0,59.283,ECLIPSE,0.0,14.12,0.0,6.5,0,6.5,-6.5,59.2641,98.77,1.23,16.683,0.401,
3558.0,59.3,ECLIPSE,0.0,13.85,0.0,6.5,0,6.5,-6.5,59.2623,98.77,1.23,16.683,0.401,
3559.0,59.317,ECLIPSE,0.0,13.58,0.0,6.5,0,6.5,-6.5,59.2604,98.77,1.23,16.683,0.401,
3560.0,59.333,ECLIPSE,0.0,13.31,0.0,6.5,0,6.5,-6.5,59.2585,98.76,1.24,16.683,0.401,
3561.0,59.35,ECLIPSE,0.0,13.04,0.0,6.5,0,6.5,-6.5,59.2567,98.76,1.24,16.683,0.401,
3562.0,59.367,ECLIPSE,0.0,12.77,0.0,6.5,0,6.5,-6.5,59.2548,98.76,1.24,16.683,0.401,
3563.0,59.383,ECLIPSE,0.0,12.51,0.0,6.5,0,6.5,-6.5,59.253,98.75,1.25,16.682,0.401,
3564.0,59.4,ECLIPSE,0.0,12.25,0.0,6.5,0,6.5,-6.5,59.2511,98.75,1.25,16.682,0.401,
3565.0,59.417,ECLIPSE,0.0,11.98,0.0,6.5,0,6.5,-6.5,59.2492,98.75,1.25,16.682,0.401,
3566.0,59.433,ECLIPSE,0.0,11.72,0.0,6.5,0,6.5,-6.5,59.2474,98.75,1.25,16.682,0.401,
3567.0,59.45,ECLIPSE,0.0,11.46,0.0,6.5,0,6.5,-6.5,59.2455,98.74,1.26,16.682,0.401,
3568.0,59.467,ECLIPSE,0.0,11.21,0.0,6.5,0,6.5,-6.5,59.2436,98.74,1.26,16.681,0.401,
3569.0,59.483,ECLIPSE,0.0,10.95,0.0,6.5,0,6.5,-6.5,59.2418,98.74,1.26,16.681,0.401,
3570.0,59.5,ECLIPSE,0.0,10.7,0.0,6.5,0,6.5,-6.5,59.2399,98.73,1.27,16.681,0.401,
3571.0,59.517,ECLIPSE,0.0,10.44,0.0,6.5,0,6.5,-6.5,59.2381,98.73,1.27,16.681,0.401,
3572.0,59.533,ECLIPSE,0.0,10.19,0.0,6.5,0,6.5,-6.5,59.2362,98.73,1.27,16.681,0.401,
3573.0,59.55,ECLIPSE,0.0,9.94,0.0,6.5,0,6.5,-6.5,59.2343,98.72,1.28,16.681,0.401,
3574.0,59.567,ECLIPSE,0.0,9.69,0.0,6.5,0,6.5,-6.5,59.2325,98.72,1.28,16.68,0.401,
3575.0,59.583,ECLIPSE,0.0,9.45,0.0,6.5,0,6.5,-6.5,59.2306,98.72,1.28,16.68,0.401,
3576.0,59.6,ECLIPSE,0.0,9.2,0.0,6.5,0,6.5,-6.5,59.2288,98.71,1.29,16.68,0.401,
3577.0,59.617,ECLIPSE,0.0,8.95,0.0,6.5,0,6.5,-6.5,59.2269,98.71,1.29,16.68,0.401,
3578.0,59.633,ECLIPSE,0.0,8.71,0.0,6.5,0,6.5,-6.5,59.225,98.71,1.29,16.68,0.401,
3579.0,59.65,ECLIPSE,0.0,8.47,0.0,6.5,0,6.5,-6.5,59.2232,98.71,1.29,16.68,0.401,
3580.0,59.667,ECLIPSE,0.0,8.23,0.0,6.5,0,6.5,-6.5,59.2213,98.7,1.3,16.679,0.401,
3581.0,59.683,ECLIPSE,0.0,7.99,0.0,6.5,0,6.5,-6.5,59.2194,98.7,1.3,16.679,0.401,
3582.0,59.7,ECLIPSE,0.0,7.75,0.0,6.5,0,6.5,-6.5,59.2176,98.7,1.3,16.679,0.401,
3583.0,59.717,ECLIPSE,0.0,7.51,0.0,6.5,0,6.5,-6.5,59.2157,98.69,1.31,16.679,0.401,
3584.0,59.733,ECLIPSE,0.0,7.28,0.0,6.5,0,6.5,-6.5,59.2139,98.69,1.31,16.679,0.401,
3585.0,59.75,ECLIPSE,0.0,7.04,0.0,6.5,0,6.5,-6.5,59.212,98.69,1.31,16.679,0.401,
3586.0,59.767,ECLIPSE,0.0,6.81,0.0,6.5,0,6.5,-6.5,59.2101,98.68,1.32,16.678,0.401,
3587.0,59.783,ECLIPSE,0.0,6.58,0.0,6.5,0,6.5,-6.5,59.2083,98.68,1.32,16.678,0.401,
3588.0,59.8,ECLIPSE,0.0,6.35,0.0,6.5,0,6.5,-6.5,59.2064,98.68,1.32,16.678,0.401,
3589.0,59.817,ECLIPSE,0.0,6.12,0.0,6.5,0,6.5,-6.5,59.2046,98.67,1.33,16.678,0.401,
3590.0,59.833,ECLIPSE,0.0,5.89,0.0,6.5,0,6.5,-6.5,59.2027,98.67,1.33,16.678,0.401,
3591.0,59.85,ECLIPSE,0.0,5.66,0.0,6.5,0,6.5,-6.5,59.2008,98.67,1.33,16.677,0.401,
3592.0,59.867,ECLIPSE,0.0,5.44,0.0,6.5,0,6.5,-6.5,59.199,98.66,1.34,16.677,0.401,
3593.0,59.883,ECLIPSE,0.0,5.22,0.0,6.5,0,6.5,-6.5,59.1971,98.66,1.34,16.677,0.401,
3594.0,59.9,ECLIPSE,0.0,4.99,0.0,6.5,0,6.5,-6.5,59.1953,98.66,1.34,16.677,0.401,
3595.0,59.917,ECLIPSE,0.0,4.77,0.0,6.5,0,6.5,-6.5,59.1934,98.66,1.34,16.677,0.401,
3596.0,59.933,ECLIPSE,0.0,4.55,0.0,6.5,0,6.5,-6.5,59.1915,98.65,1.35,16.677,0.401,
3597.0,59.95,ECLIPSE,0.0,4.33,0.0,6.5,0,6.5,-6.5,59.1897,98.65,1.35,16.676,0.401,
3598.0,59.967,ECLIPSE,0.0,4.11,0.0,6.5,0,6.5,-6.5,59.1878,98.65,1.35,16.676,0.401,
3599.0,59.983,ECLIPSE,0.0,3.9,0.0,6.5,0,6.5,-6.5,59.1859,98.64,1.36,16.676,0.401,
3600.0,60.0,ECLIPSE,0.0,3.68,0.0,6.5,0,6.5,-6.5,59.1841,98.64,1.36,16.676,0.401,
3601.0,60.017,ECLIPSE,0.0,3.47,0.0,6.5,0,6.5,-6.5,59.1822,98.64,1.36,16.676,0.401,
3602.0,60.033,ECLIPSE,0.0,3.25,0.0,6.5,0,6.5,-6.5,59.1804,98.63,1.37,16.676,0.401,
3603.0,60.05,ECLIPSE,0.0,3.04,0.0,6.5,0,6.5,-6.5,59.1785,98.63,1.37,16.675,0.401,
3604.0,60.067,ECLIPSE,0.0,2.83,0.0,6.5,0,6.5,-6.5,59.1766,98.63,1.37,16.675,0.401,
3605.0,60.083,ECLIPSE,0.0,2.62,0.0,6.5,0,6.5,-6.5,59.1748,98.62,1.38,16.675,0.401,
3606.0,60.1,ECLIPSE,0.0,2.41,0.0,6.5,0,6.5,-6.5,59.1729,98.62,1.38,16.675,0.401,
3607.0,60.117,ECLIPSE,0.0,2.21,0.0,6.5,0,6.5,-6.5,59.1711,98.62,1.38,16.675,0.401,
3608.0,60.133,ECLIPSE,0.0,2.0,0.0,6.5,0,6.5,-6.5,59.1692,98.62,1.38,16.675,0.401,
3609.0,60.15,ECLIPSE,0.0,1.8,0.0,6.5,0,6.5,-6.5,59.1673,98.61,1.39,16.674,0.401,
3610.0,60.167,ECLIPSE,0.0,1.59,0.0,6.5,0,6.5,-6.5,59.1655,98.61,1.39,16.674,0.401,
3611.0,60.183,ECLIPSE,0.0,1.39,0.0,6.5,0,6.5,-6.5,59.1636,98.61,1.39,16.674,0.401,
3612.0,60.2,ECLIPSE,0.0,1.19,0.0,6.5,0,6.5,-6.5,59.1617,98.6,1.4,16.674,0.401,
3613.0,60.217,ECLIPSE,0.0,0.99,0.0,6.5,0,6.5,-6.5,59.1599,98.6,1.4,16.674,0.401,
3614.0,60.233,ECLIPSE,0.0,0.79,0.0,6.5,0,6.5,-6.5,59.158,98.6,1.4,16.673,0.401,
3615.0,60.25,ECLIPSE,0.0,0.59,0.0,6.5,0,6.5,-6.5,59.1562,98.59,1.41,16.673,0.401,
3616.0,60.267,ECLIPSE,0.0,0.39,0.0,6.5,0,6.5,-6.5,59.1543,98.59,1.41,16.673,0.401,
3617.0,60.283,ECLIPSE,0.0,0.2,0.0,6.5,0,6.5,-6.5,59.1524,98.59,1.41,16.673,0.401,
3618.0,60.3,ECLIPSE,0.0,0.0,0.0,6.5,0,6.5,-6.5,59.1506,98.58,1.42,16.673,0.401,
3619.0,60.317,ECLIPSE,0.0,-0.19,0.0,6.5,0,6.5,-6.5,59.1487,98.58,1.42,16.673,0.401,
3620.0,60.333,ECLIPSE,0.0,-0.39,0.0,6.5,0,6.5,-6.5,59.1469,98.58,1.42,16.672,0.401,
3621.0,60.35,ECLIPSE,0.0,-0.58,0.0,6.5,0,6.5,-6.5,59.145,98.57,1.43,16.672,0.401,
3622.0,60.367,ECLIPSE,0.0,-0.77,0.0,6.5,0,6.5,-6.5,59.1431,98.57,1.43,16.672,0.401,
3623.0,60.383,ECLIPSE,0.0,-0.96,0.0,6.5,0,6.5,-6.5,59.1413,98.57,1.43,16.672,0.401,
3624.0,60.4,ECLIPSE,0.0,-1.15,0.0,6.5,0,6.5,-6.5,59.1394,98.57,1.43,16.672,0.401,
3625.0,60.417,ECLIPSE,0.0,-1.33,0.0,6.5,0,6.5,-6.5,59.1375,98.56,1.44,16.672,0.401,
3626.0,60.433,ECLIPSE,0.0,-1.52,0.0,6.5,0,6.5,-6.5,59.1357,98.56,1.44,16.671,0.401,
3627.0,60.45,ECLIPSE,0.0,-1.71,0.0,6.5,0,6.5,-6.5,59.1338,98.56,1.44,16.671,0.401,
3628.0,60.467,ECLIPSE,0.0,-1.89,0.0,6.5,0,6.5,-6.5,59.132,98.55,1.45,16.671,0.401,
3629.0,60.483,ECLIPSE,0.0,-2.07,0.0,6.5,0,6.5,-6.5,59.1301,98.55,1.45,16.671,0.401,
3630.0,60.5,ECLIPSE,0.0,-2.26,0.0,6.5,0,6.5,-6.5,59.1282,98.55,1.45,16.671,0.401,
3631.0,60.517,ECLIPSE,0.0,-2.44,0.0,6.5,0,6.5,-6.5,59.1264,98.54,1.46,16.671,0.401,
3632.0,60.533,ECLIPSE,0.0,-2.62,0.0,6.5,0,6.5,-6.5,59.1245,98.54,1.46,16.67,0.401,
3633.0,60.55,ECLIPSE,0.0,-2.8,0.0,6.5,0,6.5,-6.5,59.1227,98.54,1.46,16.67,0.401,
3634.0,60.567,ECLIPSE,0.0,-2.98,0.0,6.5,0,6.5,-6.5,59.1208,98.53,1.47,16.67,0.401,
3635.0,60.583,ECLIPSE,0.0,-3.15,0.0,6.5,0,6.5,-6.5,59.1189,98.53,1.47,16.67,0.401,
3636.0,60.6,ECLIPSE,0.0,-3.33,0.0,6.5,0,6.5,-6.5,59.1171,98.53,1.47,16.67,0.401,
3637.0,60.617,ECLIPSE,0.0,-3.51,0.0,6.5,0,6.5,-6.5,59.1152,98.53,1.47,16.669,0.401,
3638.0,60.633,ECLIPSE,0.0,-3.68,0.0,6.5,0,6.5,-6.5,59.1133,98.52,1.48,16.669,0.401,
3639.0,60.65,ECLIPSE,0.0,-3.85,0.0,6.5,0,6.5,-6.5,59.1115,98.52,1.48,16.669,0.401,
3640.0,60.667,ECLIPSE,0.0,-4.03,0.0,6.5,0,6.5,-6.5,59.1096,98.52,1.48,16.669,0.401,
3641.0,60.683,ECLIPSE,0.0,-4.2,0.0,6.5,0,6.5,-6.5,59.1078,98.51,1.49,16.669,0.401,
3642.0,60.7,ECLIPSE,0.0,-4.37,0.0,6.5,0,6.5,-6.5,59.1059,98.51,1.49,16.669,0.401,
3643.0,60.717,ECLIPSE,0.0,-4.54,0.0,6.5,0,6.5,-6.5,59.104,98.51,1.49,16.668,0.401,
3644.0,60.733,ECLIPSE,0.0,-4.71,0.0,6.5,0,6.5,-6.5,59.1022,98.5,1.5,16.668,0.401,
3645.0,60.75,ECLIPSE,0.0,-4.87,0.0,6.5,0,6.5,-6.5,59.1003,98.5,1.5,16.668,0.401,
3646.0,60.767,ECLIPSE,0.0,-5.04,0.0,6.5,0,6.5,-6.5,59.0985,98.5,1.5,16.668,0.401,
3647.0,60.783,ECLIPSE,0.0,-5.21,0.0,6.5,0,6.5,-6.5,59.0966,98.49,1.51,16.668,0.401,
3648.0,60.8,ECLIPSE,0.0,-5.37,0.0,6.5,0,6.5,-6.5,59.0947,98.49,1.51,16.668,0.401,
3649.0,60.817,ECLIPSE,0.0,-5.54,0.0,6.5,0,6.5,-6.5,59.0929,98.49,1.51,16.667,0.401,
3650.0,60.833,ECLIPSE,0.0,-5.7,0.0,6.5,0,6.5,-6.5,59.091,98.49,1.51,16.667,0.401,
3651.0,60.85,ECLIPSE,0.0,-5.86,0.0,6.5,0,6.5,-6.5,59.0892,98.48,1.52,16.667,0.401,
3652.0,60.867,ECLIPSE,0.0,-6.02,0.0,6.5,0,6.5,-6.5,59.0873,98.48,1.52,16.667,0.401,
3653.0,60.883,ECLIPSE,0.0,-6.18,0.0,6.5,0,6.5,-6.5,59.0854,98.48,1.52,16.667,0.401,
3654.0,60.9,ECLIPSE,0.0,-6.34,0.0,6.5,0,6.5,-6.5,59.0836,98.47,1.53,16.667,0.401,
3655.0,60.917,ECLIPSE,0.0,-6.5,0.0,6.5,0,6.5,-6.5,59.0817,98.47,1.53,16.666,0.401,
3656.0,60.933,ECLIPSE,0.0,-6.66,0.0,6.5,0,6.5,-6.5,59.0798,98.47,1.53,16.666,0.401,
3657.0,60.95,ECLIPSE,0.0,-6.82,0.0,6.5,0,6.5,-6.5,59.078,98.46,1.54,16.666,0.401,
3658.0,60.967,ECLIPSE,0.0,-6.97,0.0,6.5,0,6.5,-6.5,59.0761,98.46,1.54,16.666,0.401,
3659.0,60.983,ECLIPSE,0.0,-7.13,0.0,6.5,0,6.5,-6.5,59.0743,98.46,1.54,16.666,0.401,
3660.0,61.0,ECLIPSE,0.0,-7.28,0.0,6.5,0,6.5,-6.5,59.0724,98.45,1.55,16.666,0.401,
3661.0,61.017,ECLIPSE,0.0,-7.44,0.0,6.5,0,6.5,-6.5,59.0705,98.45,1.55,16.665,0.401,
3662.0,61.033,ECLIPSE,0.0,-7.59,0.0,6.5,0,6.5,-6.5,59.0687,98.45,1.55,16.665,0.401,
3663.0,61.05,ECLIPSE,0.0,-7.74,0.0,6.5,0,6.5,-6.5,59.0668,98.44,1.56,16.665,0.401,
3664.0,61.067,ECLIPSE,0.0,-7.89,0.0,6.5,0,6.5,-6.5,59.065,98.44,1.56,16.665,0.401,
3665.0,61.083,ECLIPSE,0.0,-8.04,0.0,6.5,0,6.5,-6.5,59.0631,98.44,1.56,16.665,0.401,
3666.0,61.1,ECLIPSE,0.0,-8.19,0.0,6.5,0,6.5,-6.5,59.0612,98.44,1.56,16.664,0.401,
3667.0,61.117,ECLIPSE,0.0,-8.34,0.0,6.5,0,6.5,-6.5,59.0594,98.43,1.57,16.664,0.401,
3668.0,61.133,ECLIPSE,0.0,-8.49,0.0,6.5,0,6.5,-6.5,59.0575,98.43,1.57,16.664,0.401,
3669.0,61.15,ECLIPSE,0.0,-8.64,0.0,6.5,0,6.5,-6.5,59.0556,98.43,1.57,16.664,0.401,
3670.0,61.167,ECLIPSE,0.0,-8.78,0.0,6.5,0,6.5,-6.5,59.0538,98.42,1.58,16.664,0.401,
3671.0,61.183,ECLIPSE,0.0,-8.93,0.0,6.5,0,6.5,-6.5,59.0519,98.42,1.58,16.664,0.401,
3672.0,61.2,ECLIPSE,0.0,-9.07,0.0,6.5,0,6.5,-6.5,59.0501,98.42,1.58,16.663,0.401,
3673.0,61.217,ECLIPSE,0.0,-9.21,0.0,6.5,0,6.5,-6.5,59.0482,98.41,1.59,16.663,0.401,
3674.0,61.233,ECLIPSE,0.0,-9.36,0.0,6.5,0,6.5,-6.5,59.0463,98.41,1.59,16.663,0.401,
3675.0,61.25,ECLIPSE,0.0,-9.5,0.0,6.5,0,6.5,-6.5,59.0445,98.41,1.59,16.663,0.401,
3676.0,61.267,ECLIPSE,0.0,-9.64,0.0,6.5,0,6.5,-6.5,59.0426,98.4,1.6,16.663,0.401,
3677.0,61.283,ECLIPSE,0.0,-9.78,0.0,6.5,0,6.5,-6.5,59.0408,98.4,1.6,16.663,0.401,
3678.0,61.3,ECLIPSE,0.0,-9.92,0.0,6.5,0,6.5,-6.5,59.0389,98.4,1.6,16.662,0.401,
3679.0,61.317,ECLIPSE,0.0,-10.06,0.0,6.5,0,6.5,-6.5,59.037,98.4,1.6,16.662,0.401,
3680.0,61.333,ECLIPSE,0.0,-10.2,0.0,6.5,0,6.5,-6.5,59.0352,98.39,1.61,16.662,0.401,
3681.0,61.35,ECLIPSE,0.0,-10.34,0.0,6.5,0,6.5,-6.5,59.0333,98.39,1.61,16.662,0.401,
3682.0,61.367,ECLIPSE,0.0,-10.47,0.0,6.5,0,6.5,-6.5,59.0314,98.39,1.61,16.662,0.401,
3683.0,61.383,ECLIPSE,0.0,-10.61,0.0,6.5,0,6.5,-6.5,59.0296,98.38,1.62,16.662,0.401,
3684.0,61.4,ECLIPSE,0.0,-10.74,0.0,6.5,0,6.5,-6.5,59.0277,98.38,1.62,16.661,0.401,
3685.0,61.417,ECLIPSE,0.0,-10.88,0.0,6.5,0,6.5,-6.5,59.0259,98.38,1.62,16.661,0.401,
3686.0,61.433,ECLIPSE,0.0,-11.01,0.0,6.5,0,6.5,-6.5,59.024,98.37,1.63,16.661,0.401,
3687.0,61.45,ECLIPSE,0.0,-11.14,0.0,6.5,0,6.5,-6.5,59.0221,98.37,1.63,16.661,0.401,
3688.0,61.467,ECLIPSE,0.0,-11.28,0.0,6.5,0,6.5,-6.5,59.0203,98.37,1.63,16.661,0.401,
3689.0,61.483,ECLIPSE,0.0,-11.41,0.0,6.5,0,6.5,-6.5,59.0184,98.36,1.64,16.66,0.401,
3690.0,61.5,ECLIPSE,0.0,-11.54,0.0,6.5,0,6.5,-6.5,59.0166,98.36,1.64,16.66,0.401,
3691.0,61.517,ECLIPSE,0.0,-11.67,0.0,6.5,0,6.5,-6.5,59.0147,98.36,1.64,16.66,0.401,
3692.0,61.533,ECLIPSE,0.0,-11.8,0.0,6.5,0,6.5,-6.5,59.0128,98.35,1.65,16.66,0.401,
3693.0,61.55,ECLIPSE,0.0,-11.93,0.0,6.5,0,6.5,-6.5,59.011,98.35,1.65,16.66,0.401,
3694.0,61.567,ECLIPSE,0.0,-12.05,0.0,6.5,0,6.5,-6.5,59.0091,98.35,1.65,16.66,0.401,
3695.0,61.583,ECLIPSE,0.0,-12.18,0.0,6.5,0,6.5,-6.5,59.0072,98.35,1.65,16.659,0.401,
3696.0,61.6,ECLIPSE,0.0,-12.31,0.0,6.5,0,6.5,-6.5,59.0054,98.34,1.66,16.659,0.401,
3697.0,61.617,ECLIPSE,0.0,-12.43,0.0,6.5,0,6.5,-6.5,59.0035,98.34,1.66,16.659,0.401,
3698.0,61.633,ECLIPSE,0.0,-12.56,0.0,6.5,0,6.5,-6.5,59.0017,98.34,1.66,16.659,0.401,
3699.0,61.65,ECLIPSE,0.0,-12.68,0.0,6.5,0,6.5,-6.5,58.9998,98.33,1.67,16.659,0.401,
3700.0,61.667,ECLIPSE,0.0,-12.81,0.0,6.5,0,6.5,-6.5,58.9979,98.33,1.67,16.659,0.401,
3701.0,61.683,ECLIPSE,0.0,-12.93,0.0,6.5,0,6.5,-6.5,58.9961,98.33,1.67,16.658,0.401,
3702.0,61.7,ECLIPSE,0.0,-13.05,0.0,6.5,0,6.5,-6.5,58.9942,98.32,1.68,16.658,0.401,
3703.0,61.717,ECLIPSE,0.0,-13.17,0.0,6.5,0,6.5,-6.5,58.9924,98.32,1.68,16.658,0.401,
3704.0,61.733,ECLIPSE,0.0,-13.29,0.0,6.5,0,6.5,-6.5,58.9905,98.32,1.68,16.658,0.401,
3705.0,61.75,ECLIPSE,0.0,-13.41,0.0,6.5,0,6.5,-6.5,58.9886,98.31,1.69,16.658,0.401,
3706.0,61.767,ECLIPSE,0.0,-13.53,0.0,6.5,0,6.5,-6.5,58.9868,98.31,1.69,16.658,0.401,
3707.0,61.783,ECLIPSE,0.0,-13.65,0.0,6.5,0,6.5,-6.5,58.9849,98.31,1.69,16.657,0.401,
3708.0,61.8,ECLIPSE,0.0,-13.77,0.0,6.5,0,6.5,-6.5,58.9831,98.31,1.69,16.657,0.401,
3709.0,61.817,ECLIPSE,0.0,-13.89,0.0,6.5,0,6.5,-6.5,58.9812,98.3,1.7,16.657,0.401,
3710.0,61.833,ECLIPSE,0.0,-14.01,0.0,6.5,0,6.5,-6.5,58.9793,98.3,1.7,16.657,0.401,
3711.0,61.85,ECLIPSE,0.0,-14.12,0.0,6.5,0,6.5,-6.5,58.9775,98.3,1.7,16.657,0.401,
3712.0,61.867,ECLIPSE,0.0,-14.24,0.0,6.5,0,6.5,-6.5,58.9756,98.29,1.71,16.656,0.401,
3713.0,61.883,ECLIPSE,0.0,-14.35,0.0,6.5,0,6.5,-6.5,58.9737,98.29,1.71,16.656,0.401,
3714.0,61.9,ECLIPSE,0.0,-14.47,0.0,6.5,0,6.5,-6.5,58.9719,98.29,1.71,16.656,0.401,
3715.0,61.917,ECLIPSE,0.0,-14.58,0.0,6.5,0,6.5,-6.5,58.97,98.28,1.72,16.656,0.401,
3716.0,61.933,ECLIPSE,0.0,-14.69,0.0,6.5,0,6.5,-6.5,58.9682,98.28,1.72,16.656,0.401,
3717.0,61.95,ECLIPSE,0.0,-14.81,0.0,6.5,0,6.5,-6.5,58.9663,98.28,1.72,16.656,0.401,
3718.0,61.967,ECLIPSE,0.0,-14.92,0.0,6.5,0,6.5,-6.5,58.9644,98.27,1.73,16.655,0.401,
3719.0,61.983,ECLIPSE,0.0,-15.03,0.0,6.5,0,6.5,-6.5,58.9626,98.27,1.73,16.655,0.401,
3720.0,62.0,ECLIPSE,0.0,-15.14,0.0,6.5,0,6.5,-6.5,58.9607,98.27,1.73,16.655,0.401,
3721.0,62.017,ECLIPSE,0.0,-15.25,0.0,6.5,0,6.5,-6.5,58.9589,98.26,1.74,16.655,0.401,
3722.0,62.033,ECLIPSE,0.0,-15.36,0.0,6.5,0,6.5,-6.5,58.957,98.26,1.74,16.655,0.401,
3723.0,62.05,ECLIPSE,0.0,-15.47,0.0,6.5,0,6.5,-6.5,58.9551,98.26,1.74,16.655,0.401,
3724.0,62.067,ECLIPSE,0.0,-15.58,0.0,6.5,0,6.5,-6.5,58.9533,98.26,1.74,16.654,0.401,
3725.0,62.083,ECLIPSE,0.0,-15.68,0.0,6.5,0,6.5,-6.5,58.9514,98.25,1.75,16.654,0.401,
3726.0,62.1,ECLIPSE,0.0,-15.79,0.0,6.5,0,6.5,-6.5,58.9495,98.25,1.75,16.654,0.401,
3727.0,62.117,ECLIPSE,0.0,-15.9,0.0,6.5,0,6.5,-6.5,58.9477,98.25,1.75,16.654,0.401,
3728.0,62.133,ECLIPSE,0.0,-16.0,0.0,6.5,0,6.5,-6.5,58.9458,98.24,1.76,16.654,0.401,
3729.0,62.15,ECLIPSE,0.0,-16.11,0.0,6.5,0,6.5,-6.5,58.944,98.24,1.76,16.654,0.401,
3730.0,62.167,ECLIPSE,0.0,-16.21,0.0,6.5,0,6.5,-6.5,58.9421,98.24,1.76,16.653,0.401,
3731.0,62.183,ECLIPSE,0.0,-16.32,0.0,6.5,0,6.5,-6.5,58.9402,98.23,1.77,16.653,0.401,
3732.0,62.2,ECLIPSE,0.0,-16.42,0.0,6.5,0,6.5,-6.5,58.9384,98.23,1.77,16.653,0.401,
3733.0,62.217,ECLIPSE,0.0,-16.52,0.0,6.5,0,6.5,-6.5,58.9365,98.23,1.77,16.653,0.401,
3734.0,62.233,ECLIPSE,0.0,-16.63,0.0,6.5,0,6.5,-6.5,58.9347,98.22,1.78,16.653,0.401,
3735.0,62.25,ECLIPSE,0.0,-16.73,0.0,6.5,0,6.5,-6.5,58.9328,98.22,1.78,16.652,0.401,
3736.0,62.267,ECLIPSE,0.0,-16.83,0.0,6.5,0,6.5,-6.5,58.9309,98.22,1.78,16.652,0.401,
3737.0,62.283,ECLIPSE,0.0,-16.93,0.0,6.5,0,6.5,-6.5,58.9291,98.22,1.78,16.652,0.401,
3738.0,62.3,ECLIPSE,0.0,-17.03,0.0,6.5,0,6.5,-6.5,58.9272,98.21,1.79,16.652,0.401,
3739.0,62.317,ECLIPSE,0.0,-17.13,0.0,6.5,0,6.5,-6.5,58.9253,98.21,1.79,16.652,0.401,
3740.0,62.333,ECLIPSE,0.0,-17.23,0.0,6.5,0,6.5,-6.5,58.9235,98.21,1.79,16.652,0.401,
3741.0,62.35,ECLIPSE,0.0,-17.33,0.0,6.5,0,6.5,-6.5,58.9216,98.2,1.8,16.651,0.401,
3742.0,62.367,ECLIPSE,0.0,-17.43,0.0,6.5,0,6.5,-6.5,58.9198,98.2,1.8,16.651,0.401,
3743.0,62.383,ECLIPSE,0.0,-17.52,0.0,6.5,0,6.5,-6.5,58.9179,98.2,1.8,16.651,0.401,
3744.0,62.4,ECLIPSE,0.0,-17.62,0.0,6.5,0,6.5,-6.5,58.916,98.19,1.81,16.651,0.401,
3745.0,62.417,ECLIPSE,0.0,-17.72,0.0,6.5,0,6.5,-6.5,58.9142,98.19,1.81,16.651,0.401,
3746.0,62.433,ECLIPSE,0.0,-17.81,0.0,6.5,0,6.5,-6.5,58.9123,98.19,1.81,16.651,0.401,
3747.0,62.45,ECLIPSE,0.0,-17.91,0.0,6.5,0,6.5,-6.5,58.9105,98.18,1.82,16.65,0.401,
3748.0,62.467,ECLIPSE,0.0,-18.0,0.0,6.5,0,6.5,-6.5,58.9086,98.18,1.82,16.65,0.401,
3749.0,62.483,ECLIPSE,0.0,-18.1,0.0,6.5,0,6.5,-6.5,58.9067,98.18,1.82,16.65,0.401,
3750.0,62.5,ECLIPSE,0.0,-18.19,0.0,6.5,0,6.5,-6.5,58.9049,98.17,1.83,16.65,0.401,
3751.0,62.517,ECLIPSE,0.0,-18.28,0.0,6.5,0,6.5,-6.5,58.903,98.17,1.83,16.65,0.401,
3752.0,62.533,ECLIPSE,0.0,-18.37,0.0,6.5,0,6.5,-6.5,58.9011,98.17,1.83,16.65,0.401,
3753.0,62.55,ECLIPSE,0.0,-18.47,0.0,6.5,0,6.5,-6.5,58.8993,98.17,1.83,16.649,0.401,
3754.0,62.567,ECLIPSE,0.0,-18.56,0.0,6.5,0,6.5,-6.5,58.8974,98.16,1.84,16.649,0.401,
3755.0,62.583,ECLIPSE,0.0,-18.65,0.0,6.5,0,6.5,-6.5,58.8956,98.16,1.84,16.649,0.401,
3756.0,62.6,ECLIPSE,0.0,-18.74,0.0,6.5,0,6.5,-6.5,58.8937,98.16,1.84,16.649,0.401,
3757.0,62.617,ECLIPSE,0.0,-18.83,0.0,6.5,0,6.5,-6.5,58.8918,98.15,1.85,16.649,0.401,
3758.0,62.633,ECLIPSE,0.0,-18.92,0.0,6.5,0,6.5,-6.5,58.89,98.15,1.85,16.649,0.401,
3759.0,62.65,ECLIPSE,0.0,-19.01,0.0,6.5,0,6.5,-6.5,58.8881,98.15,1.85,16.648,0.401,
3760.0,62.667,ECLIPSE,0.0,-19.1,0.0,6.5,0,6.5,-6.5,58.8863,98.14,1.86,16.648,0.401,
3761.0,62.683,ECLIPSE,0.0,-19.19,0.0,6.5,0,6.5,-6.5,58.8844,98.14,1.86,16.648,0.401,
3762.0,62.7,ECLIPSE,0.0,-19.27,0.0,6.5,0,6.5,-6.5,58.8825,98.14,1.86,16.648,0.401,
3763.0,62.717,ECLIPSE,0.0,-19.36,0.0,6.5,0,6.5,-6.5,58.8807,98.13,1.87,16.648,0.401,
3764.0,62.733,ECLIPSE,0.0,-19.45,0.0,6.5,0,6.5,-6.5,58.8788,98.13,1.87,16.647,0.401,
3765.0,62.75,ECLIPSE,0.0,-19.53,0.0,6.5,0,6.5,-6.5,58.877,98.13,1.87,16.647,0.401,
3766.0,62.767,ECLIPSE,0.0,-19.62,0.0,6.5,0,6.5,-6.5,58.8751,98.13,1.87,16.647,0.401,
3767.0,62.783,ECLIPSE,0.0,-19.7,0.0,6.5,0,6.5,-6.5,58.8732,98.12,1.88,16.647,0.401,
3768.0,62.8,ECLIPSE,0.0,-19.79,0.0,6.5,0,6.5,-6.5,58.8714,98.12,1.88,16.647,0.401,
3769.0,62.817,ECLIPSE,0.0,-19.87,0.0,6.5,0,6.5,-6.5,58.8695,98.12,1.88,16.647,0.401,
3770.0,62.833,ECLIPSE,0.0,-19.96,0.0,6.5,0,6.5,-6.5,58.8676,98.11,1.89,16.646,0.401,
3771.0,62.85,ECLIPSE,0.0,-20.04,0.0,6.5,0,6.5,-6.5,58.8658,98.11,1.89,16.646,0.401,
3772.0,62.867,ECLIPSE,0.0,-20.12,0.0,6.5,0,6.5,-6.5,58.8639,98.11,1.89,16.646,0.401,
3773.0,62.883,ECLIPSE,0.0,-20.21,0.0,6.5,0,6.5,-6.5,58.8621,98.1,1.9,16.646,0.401,
3774.0,62.9,ECLIPSE,0.0,-20.29,0.0,6.5,0,6.5,-6.5,58.8602,98.1,1.9,16.646,0.401,
3775.0,62.917,ECLIPSE,0.0,-20.37,0.0,6.5,0,6.5,-6.5,58.8583,98.1,1.9,16.646,0.401,
3776.0,62.933,ECLIPSE,0.0,-20.45,0.0,6.5,0,6.5,-6.5,58.8565,98.09,1.91,16.645,0.401,
3777.0,62.95,ECLIPSE,0.0,-20.53,0.0,6.5,0,6.5,-6.5,58.8546,98.09,1.91,16.645,0.401,
3778.0,62.967,ECLIPSE,0.0,-20.61,0.0,6.5,0,6.5,-6.5,58.8528,98.09,1.91,16.645,0.401,
3779.0,62.983,ECLIPSE,0.0,-20.69,0.0,6.5,0,6.5,-6.5,58.8509,98.08,1.92,16.645,0.401,
3780.0,63.0,ECLIPSE,0.0,-20.77,0.0,6.5,0,6.5,-6.5,58.849,98.08,1.92,16.645,0.401,
3781.0,63.017,ECLIPSE,0.0,-20.85,0.0,6.5,0,6.5,-6.5,58.8472,98.08,1.92,16.645,0.401,
3782.0,63.033,ECLIPSE,0.0,-20.93,0.0,6.5,0,6.5,-6.5,58.8453,98.08,1.92,16.644,0.401,
3783.0,63.05,ECLIPSE,0.0,-21.01,0.0,6.5,0,6.5,-6.5,58.8434,98.07,1.93,16.644,0.401,
3784.0,63.067,ECLIPSE,0.0,-21.08,0.0,6.5,0,6.5,-6.5,58.8416,98.07,1.93,16.644,0.401,
3785.0,63.083,ECLIPSE,0.0,-21.16,0.0,6.5,0,6.5,-6.5,58.8397,98.07,1.93,16.644,0.401,
3786.0,63.1,ECLIPSE,0.0,-21.24,0.0,6.5,0,6.5,-6.5,58.8379,98.06,1.94,16.644,0.401,
3787.0,63.117,ECLIPSE,0.0,-21.31,0.0,6.5,0,6.5,-6.5,58.836,98.06,1.94,16.643,0.401,
3788.0,63.133,ECLIPSE,0.0,-21.39,0.0,6.5,0,6.5,-6.5,58.8341,98.06,1.94,16.643,0.401,
3789.0,63.15,ECLIPSE,0.0,-21.46,0.0,6.5,0,6.5,-6.5,58.8323,98.05,1.95,16.643,0.401,
3790.0,63.167,ECLIPSE,0.0,-21.54,0.0,6.5,0,6.5,-6.5,58.8304,98.05,1.95,16.643,0.401,
3791.0,63.183,ECLIPSE,0.0,-21.61,0.0,6.5,0,6.5,-6.5,58.8286,98.05,1.95,16.643,0.401,
3792.0,63.2,ECLIPSE,0.0,-21.69,0.0,6.5,0,6.5,-6.5,58.8267,98.04,1.96,16.643,0.401,
3793.0,63.217,ECLIPSE,0.0,-21.76,0.0,6.5,0,6.5,-6.5,58.8248,98.04,1.96,16.642,0.401,
3794.0,63.233,ECLIPSE,0.0,-21.83,0.0,6.5,0,6.5,-6.5,58.823,98.04,1.96,16.642,0.401,
3795.0,63.25,ECLIPSE,0.0,-21.91,0.0,6.5,0,6.5,-6.5,58.8211,98.04,1.96,16.642,0.401,
3796.0,63.267,ECLIPSE,0.0,-21.98,0.0,6.5,0,6.5,-6.5,58.8192,98.03,1.97,16.642,0.401,
3797.0,63.283,ECLIPSE,0.0,-22.05,0.0,6.5,0,6.5,-6.5,58.8174,98.03,1.97,16.642,0.401,
3798.0,63.3,ECLIPSE,0.0,-22.12,0.0,6.5,0,6.5,-6.5,58.8155,98.03,1.97,16.642,0.402,
3799.0,63.317,ECLIPSE,0.0,-22.2,0.0,6.5,0,6.5,-6.5,58.8137,98.02,1.98,16.641,0.402,
3800.0,63.333,ECLIPSE,0.0,-22.27,0.0,6.5,0,6.5,-6.5,58.8118,98.02,1.98,16.641,0.402,
3801.0,63.35,ECLIPSE,0.0,-22.34,0.0,6.5,0,6.5,-6.5,58.8099,98.02,1.98,16.641,0.402,
3802.0,63.367,ECLIPSE,0.0,-22.41,0.0,6.5,0,6.5,-6.5,58.8081,98.01,1.99,16.641,0.402,
3803.0,63.383,ECLIPSE,0.0,-22.48,0.0,6.5,0,6.5,-6.5,58.8062,98.01,1.99,16.641,0.402,
3804.0,63.4,ECLIPSE,0.0,-22.55,0.0,6.5,0,6.5,-6.5,58.8044,98.01,1.99,16.641,0.402,
3805.0,63.417,ECLIPSE,0.0,-22.62,0.0,6.5,0,6.5,-6.5,58.8025,98.0,2.0,16.64,0.402,
3806.0,63.433,ECLIPSE,0.0,-22.68,0.0,6.5,0,6.5,-6.5,58.8006,98.0,2.0,16.64,0.402,
3807.0,63.45,ECLIPSE,0.0,-22.75,0.0,6.5,0,6.5,-6.5,58.7988,98.0,2.0,16.64,0.402,
3808.0,63.467,ECLIPSE,0.0,-22.82,0.0,6.5,0,6.5,-6.5,58.7969,97.99,2.01,16.64,0.402,
3809.0,63.483,ECLIPSE,0.0,-22.89,0.0,6.5,0,6.5,-6.5,58.795,97.99,2.01,16.64,0.402,
3810.0,63.5,ECLIPSE,0.0,-22.95,0.0,6.5,0,6.5,-6.5,58.7932,97.99,2.01,16.64,0.402,
3811.0,63.517,ECLIPSE,0.0,-23.02,0.0,6.5,0,6.5,-6.5,58.7913,97.99,2.01,16.639,0.402,
3812.0,63.533,ECLIPSE,0.0,-23.09,0.0,6.5,0,6.5,-6.5,58.7895,97.98,2.02,16.639,0.402,
3813.0,63.55,ECLIPSE,0.0,-23.15,0.0,6.5,0,6.5,-6.5,58.7876,97.98,2.02,16.639,0.402,
3814.0,63.567,ECLIPSE,0.0,-23.22,0.0,6.5,0,6.5,-6.5,58.7857,97.98,2.02,16.639,0.402,
3815.0,63.583,ECLIPSE,0.0,-23.28,0.0,6.5,0,6.5,-6.5,58.7839,97.97,2.03,16.639,0.402,
3816.0,63.6,ECLIPSE,0.0,-23.35,0.0,6.5,0,6.5,-6.5,58.782,97.97,2.03,16.638,0.402,
3817.0,63.617,ECLIPSE,0.0,-23.41,0.0,6.5,0,6.5,-6.5,58.7802,97.97,2.03,16.638,0.402,
3818.0,63.633,ECLIPSE,0.0,-23.48,0.0,6.5,0,6.5,-6.5,58.7783,97.96,2.04,16.638,0.402,
3819.0,63.65,ECLIPSE,0.0,-23.54,0.0,6.5,0,6.5,-6.5,58.7764,97.96,2.04,16.638,0.402,
3820.0,63.667,ECLIPSE,0.0,-23.61,0.0,6.5,0,6.5,-6.5,58.7746,97.96,2.04,16.638,0.402,
3821.0,63.683,ECLIPSE,0.0,-23.67,0.0,6.5,0,6.5,-6.5,58.7727,97.95,2.05,16.638,0.402,
3822.0,63.7,ECLIPSE,0.0,-23.73,0.0,6.5,0,6.5,-6.5,58.7709,97.95,2.05,16.637,0.402,
3823.0,63.717,ECLIPSE,0.0,-23.79,0.0,6.5,0,6.5,-6.5,58.769,97.95,2.05,16.637,0.402,
3824.0,63.733,ECLIPSE,0.0,-23.86,0.0,6.5,0,6.5,-6.5,58.7671,97.95,2.05,16.637,0.402,
3825.0,63.75,ECLIPSE,0.0,-23.92,0.0,6.5,0,6.5,-6.5,58.7653,97.94,2.06,16.637,0.402,
3826.0,63.767,ECLIPSE,0.0,-23.98,0.0,6.5,0,6.5,-6.5,58.7634,97.94,2.06,16.637,0.402,
3827.0,63.783,ECLIPSE,0.0,-24.04,0.0,6.5,0,6.5,-6.5,58.7615,97.94,2.06,16.637,0.402,
3828.0,63.8,ECLIPSE,0.0,-24.1,0.0,6.5,0,6.5,-6.5,58.7597,97.93,2.07,16.636,0.402,
3829.0,63.817,ECLIPSE,0.0,-24.16,0.0,6.5,0,6.5,-6.5,58.7578,97.93,2.07,16.636,0.402,
3830.0,63.833,ECLIPSE,0.0,-24.22,0.0,6.5,0,6.5,-6.5,58.756,97.93,2.07,16.636,0.402,
3831.0,63.85,ECLIPSE,0.0,-24.28,0.0,6.5,0,6.5,-6.5,58.7541,97.92,2.08,16.636,0.402,
3832.0,63.867,ECLIPSE,0.0,-24.34,0.0,6.5,0,6.5,-6.5,58.7522,97.92,2.08,16.636,0.402,
3833.0,63.883,ECLIPSE,0.0,-24.4,0.0,6.5,0,6.5,-6.5,58.7504,97.92,2.08,16.636,0.402,
3834.0,63.9,ECLIPSE,0.0,-24.46,0.0,6.5,0,6.5,-6.5,58.7485,97.91,2.09,16.635,0.402,
3835.0,63.917,ECLIPSE,0.0,-24.52,0.0,6.5,0,6.5,-6.5,58.7467,97.91,2.09,16.635,0.402,
3836.0,63.933,ECLIPSE,0.0,-24.57,0.0,6.5,0,6.5,-6.5,58.7448,97.91,2.09,16.635,0.402,
3837.0,63.95,ECLIPSE,0.0,-24.63,0.0,6.5,0,6.5,-6.5,58.7429,97.9,2.1,16.635,0.402,
3838.0,63.967,ECLIPSE,0.0,-24.69,0.0,6.5,0,6.5,-6.5,58.7411,97.9,2.1,16.635,0.402,
3839.0,63.983,ECLIPSE,0.0,-24.75,0.0,6.5,0,6.5,-6.5,58.7392,97.9,2.1,16.634,0.402,
3840.0,64.0,ECLIPSE,0.0,-24.8,0.0,6.5,0,6.5,-6.5,58.7373,97.9,2.1,16.634,0.402,
3841.0,64.017,ECLIPSE,0.0,-24.86,0.0,6.5,0,6.5,-6.5,58.7355,97.89,2.11,16.634,0.402,
3842.0,64.033,ECLIPSE,0.0,-24.92,0.0,6.5,0,6.5,-6.5,58.7336,97.89,2.11,16.634,0.402,
3843.0,64.05,ECLIPSE,0.0,-24.97,0.0,6.5,0,6.5,-6.5,58.7318,97.89,2.11,16.634,0.402,
3844.0,64.067,ECLIPSE,0.0,-25.03,0.0,6.5,0,6.5,-6.5,58.7299,97.88,2.12,16.634,0.402,
3845.0,64.083,ECLIPSE,0.0,-25.08,0.0,6.5,0,6.5,-6.5,58.728,97.88,2.12,16.633,0.402,
3846.0,64.1,ECLIPSE,0.0,-25.14,0.0,6.5,0,6.5,-6.5,58.7262,97.88,2.12,16.633,0.402,
3847.0,64.117,ECLIPSE,0.0,-25.19,0.0,6.5,0,6.5,-6.5,58.7243,97.87,2.13,16.633,0.402,
3848.0,64.133,ECLIPSE,0.0,-25.25,0.0,6.5,0,6.5,-6.5,58.7225,97.87,2.13,16.633,0.402,
3849.0,64.15,ECLIPSE,0.0,-25.3,0.0,6.5,0,6.5,-6.5,58.7206,97.87,2.13,16.633,0.402,
3850.0,64.167,ECLIPSE,0.0,-25.35,0.0,6.5,0,6.5,-6.5,58.7187,97.86,2.14,16.633,0.402,
3851.0,64.183,ECLIPSE,0.0,-25.41,0.0,6.5,0,6.5,-6.5,58.7169,97.86,2.14,16.632,0.402,
3852.0,64.2,ECLIPSE,0.0,-25.46,0.0,6.5,0,6.5,-6.5,58.715,97.86,2.14,16.632,0.402,
3853.0,64.217,ECLIPSE,0.0,-25.51,0.0,6.5,0,6.5,-6.5,58.7131,97.86,2.14,16.632,0.402,
3854.0,64.233,ECLIPSE,0.0,-25.57,0.0,6.5,0,6.5,-6.5,58.7113,97.85,2.15,16.632,0.402,
3855.0,64.25,ECLIPSE,0.0,-25.62,0.0,6.5,0,6.5,-6.5,58.7094,97.85,2.15,16.632,0.402,
3856.0,64.267,ECLIPSE,0.0,-25.67,0.0,6.5,0,6.5,-6.5,58.7076,97.85,2.15,16.632,0.402,
3857.0,64.283,ECLIPSE,0.0,-25.72,0.0,6.5,0,6.5,-6.5,58.7057,97.84,2.16,16.631,0.402,
3858.0,64.3,ECLIPSE,0.0,-25.77,0.0,6.5,0,6.5,-6.5,58.7038,97.84,2.16,16.631,0.402,
3859.0,64.317,ECLIPSE,0.0,-25.83,0.0,6.5,0,6.5,-6.5,58.702,97.84,2.16,16.631,0.402,
3860.0,64.333,ECLIPSE,0.0,-25.88,0.0,6.5,0,6.5,-6.5,58.7001,97.83,2.17,16.631,0.402,
3861.0,64.35,ECLIPSE,0.0,-25.93,0.0,6.5,0,6.5,-6.5,58.6983,97.83,2.17,16.631,0.402,
3862.0,64.367,ECLIPSE,0.0,-25.98,0.0,6.5,0,6.5,-6.5,58.6964,97.83,2.17,16.63,0.402,
3863.0,64.383,ECLIPSE,0.0,-26.03,0.0,6.5,0,6.5,-6.5,58.6945,97.82,2.18,16.63,0.402,
3864.0,64.4,ECLIPSE,0.0,-26.08,0.0,6.5,0,6.5,-6.5,58.6927,97.82,2.18,16.63,0.402,
3865.0,64.417,ECLIPSE,0.0,-26.13,0.0,6.5,0,6.5,-6.5,58.6908,97.82,2.18,16.63,0.402,
3866.0,64.433,ECLIPSE,0.0,-26.18,0.0,6.5,0,6.5,-6.5,58.689,97.81,2.19,16.63,0.402,
3867.0,64.45,ECLIPSE,0.0,-26.22,0.0,6.5,0,6.5,-6.5,58.6871,97.81,2.19,16.63,0.402,
3868.0,64.467,ECLIPSE,0.0,-26.27,0.0,6.5,0,6.5,-6.5,58.6852,97.81,2.19,16.629,0.402,
3869.0,64.483,ECLIPSE,0.0,-26.32,0.0,6.5,0,6.5,-6.5,58.6834,97.81,2.19,16.629,0.402,
3870.0,64.5,ECLIPSE,0.0,-26.37,0.0,6.5,0,6.5,-6.5,58.6815,97.8,2.2,16.629,0.402,
3871.0,64.517,ECLIPSE,0.0,-26.42,0.0,6.5,0,6.5,-6.5,58.6796,97.8,2.2,16.629,0.402,
3872.0,64.533,ECLIPSE,0.0,-26.46,0.0,6.5,0,6.5,-6.5,58.6778,97.8,2.2,16.629,0.402,
3873.0,64.55,ECLIPSE,0.0,-26.51,0.0,6.5,0,6.5,-6.5,58.6759,97.79,2.21,16.629,0.402,
3874.0,64.567,ECLIPSE,0.0,-26.56,0.0,6.5,0,6.5,-6.5,58.6741,97.79,2.21,16.628,0.402,
3875.0,64.583,ECLIPSE,0.0,-26.61,0.0,6.5,0,6.5,-6.5,58.6722,97.79,2.21,16.628,0.402,
3876.0,64.6,ECLIPSE,0.0,-26.65,0.0,6.5,0,6.5,-6.5,58.6703,97.78,2.22,16.628,0.402,
3877.0,64.617,ECLIPSE,0.0,-26.7,0.0,6.5,0,6.5,-6.5,58.6685,97.78,2.22,16.628,0.402,
3878.0,64.633,ECLIPSE,0.0,-26.74,0.0,6.5,0,6.5,-6.5,58.6666,97.78,2.22,16.628,0.402,
3879.0,64.65,ECLIPSE,0.0,-26.79,0.0,6.5,0,6.5,-6.5,58.6648,97.77,2.23,16.628,0.402,
3880.0,64.667,ECLIPSE,0.0,-26.84,0.0,6.5,0,6.5,-6.5,58.6629,97.77,2.23,16.627,0.402,
3881.0,64.683,ECLIPSE,0.0,-26.88,0.0,6.5,0,6.5,-6.5,58.661,97.77,2.23,16.627,0.402,
3882.0,64.7,ECLIPSE,0.0,-26.93,0.0,6.5,0,6.5,-6.5,58.6592,97.77,2.23,16.627,0.402,
3883.0,64.717,ECLIPSE,0.0,-26.97,0.0,6.5,0,6.5,-6.5,58.6573,97.76,2.24,16.627,0.402,
3884.0,64.733,ECLIPSE,0.0,-27.01,0.0,6.5,0,6.5,-6.5,58.6554,97.76,2.24,16.627,0.402,
3885.0,64.75,ECLIPSE,0.0,-27.06,0.0,6.5,0,6.5,-6.5,58.6536,97.76,2.24,16.627,0.402,
3886.0,64.767,ECLIPSE,0.0,-27.1,0.0,6.5,0,6.5,-6.5,58.6517,97.75,2.25,16.626,0.402,
3887.0,64.783,ECLIPSE,0.0,-27.15,0.0,6.5,0,6.5,-6.5,58.6499,97.75,2.25,16.626,0.402,
3888.0,64.8,ECLIPSE,0.0,-27.19,0.0,6.5,0,6.5,-6.5,58.648,97.75,2.25,16.626,0.402,
3889.0,64.817,ECLIPSE,0.0,-27.23,0.0,6.5,0,6.5,-6.5,58.6461,97.74,2.26,16.626,0.402,
3890.0,64.833,ECLIPSE,0.0,-27.28,0.0,6.5,0,6.5,-6.5,58.6443,97.74,2.26,16.626,0.402,
3891.0,64.85,ECLIPSE,0.0,-27.32,0.0,6.5,0,6.5,-6.5,58.6424,97.74,2.26,16.625,0.402,
3892.0,64.867,ECLIPSE,0.0,-27.36,0.0,6.5,0,6.5,-6.5,58.6406,97.73,2.27,16.625,0.402,
3893.0,64.883,ECLIPSE,0.0,-27.4,0.0,6.5,0,6.5,-6.5,58.6387,97.73,2.27,16.625,0.402,
3894.0,64.9,ECLIPSE,0.0,-27.45,0.0,6.5,0,6.5,-6.5,58.6368,97.73,2.27,16.625,0.402,
3895.0,64.917,ECLIPSE,0.0,-27.49,0.0,6.5,0,6.5,-6.5,58.635,97.72,2.28,16.625,0.402,
3896.0,64.933,ECLIPSE,0.0,-27.53,0.0,6.5,0,6.5,-6.5,58.6331,97.72,2.28,16.625,0.402,
3897.0,64.95,ECLIPSE,0.0,-27.57,0.0,6.5,0,6.5,-6.5,58.6312,97.72,2.28,16.624,0.402,
3898.0,64.967,ECLIPSE,0.0,-27.61,0.0,6.5,0,6.5,-6.5,58.6294,97.72,2.28,16.624,0.402,
3899.0,64.983,ECLIPSE,0.0,-27.65,0.0,6.5,0,6.5,-6.5,58.6275,97.71,2.29,16.624,0.402,
3900.0,65.0,ECLIPSE,0.0,-27.69,0.0,6.5,10.0,16.5,-16.5,58.6228,97.7,2.3,16.549,1.02,HJ_CBF_SOLVER_SPIKE
3901.0,65.017,ECLIPSE,0.0,-27.73,0.0,6.5,10.0,16.5,-16.5,58.6181,97.7,2.3,16.549,1.02,HJ_CBF_SOLVER_SPIKE
3902.0,65.033,ECLIPSE,0.0,-27.77,0.0,6.5,10.0,16.5,-16.5,58.6133,97.69,2.31,16.549,1.02,HJ_CBF_SOLVER_SPIKE
3903.0,65.05,ECLIPSE,0.0,-27.81,0.0,6.5,10.0,16.5,-16.5,58.6086,97.68,2.32,16.548,1.02,HJ_CBF_SOLVER_SPIKE
3904.0,65.067,ECLIPSE,0.0,-27.85,0.0,6.5,10.0,16.5,-16.5,58.6039,97.67,2.33,16.548,1.02,HJ_CBF_SOLVER_SPIKE
3905.0,65.083,ECLIPSE,0.0,-27.89,0.0,6.5,10.0,16.5,-16.5,58.5992,97.67,2.33,16.547,1.02,HJ_CBF_SOLVER_SPIKE
3906.0,65.1,ECLIPSE,0.0,-27.93,0.0,6.5,10.0,16.5,-16.5,58.5944,97.66,2.34,16.547,1.02,HJ_CBF_SOLVER_SPIKE
3907.0,65.117,ECLIPSE,0.0,-27.97,0.0,6.5,10.0,16.5,-16.5,58.5897,97.65,2.35,16.546,1.02,HJ_CBF_SOLVER_SPIKE
3908.0,65.133,ECLIPSE,0.0,-28.01,0.0,6.5,10.0,16.5,-16.5,58.585,97.64,2.36,16.546,1.02,HJ_CBF_SOLVER_SPIKE
3909.0,65.15,ECLIPSE,0.0,-28.05,0.0,6.5,10.0,16.5,-16.5,58.5803,97.63,2.37,16.545,1.021,HJ_CBF_SOLVER_SPIKE
3910.0,65.167,ECLIPSE,0.0,-28.09,0.0,6.5,10.0,16.5,-16.5,58.5755,97.63,2.37,16.545,1.021,HJ_CBF_SOLVER_SPIKE
3911.0,65.183,ECLIPSE,0.0,-28.13,0.0,6.5,10.0,16.5,-16.5,58.5708,97.62,2.38,16.545,1.021,HJ_CBF_SOLVER_SPIKE
3912.0,65.2,ECLIPSE,0.0,-28.17,0.0,6.5,10.0,16.5,-16.5,58.5661,97.61,2.39,16.544,1.021,HJ_CBF_SOLVER_SPIKE
3913.0,65.217,ECLIPSE,0.0,-28.2,0.0,6.5,10.0,16.5,-16.5,58.5614,97.6,2.4,16.544,1.021,HJ_CBF_SOLVER_SPIKE
3914.0,65.233,ECLIPSE,0.0,-28.24,0.0,6.5,10.0,16.5,-16.5,58.5566,97.59,2.41,16.543,1.021,HJ_CBF_SOLVER_SPIKE
3915.0,65.25,ECLIPSE,0.0,-28.28,0.0,6.5,10.0,16.5,-16.5,58.5519,97.59,2.41,16.543,1.021,HJ_CBF_SOLVER_SPIKE
3916.0,65.267,ECLIPSE,0.0,-28.32,0.0,6.5,10.0,16.5,-16.5,58.5472,97.58,2.42,16.542,1.021,HJ_CBF_SOLVER_SPIKE
3917.0,65.283,ECLIPSE,0.0,-28.35,0.0,6.5,10.0,16.5,-16.5,58.5425,97.57,2.43,16.542,1.021,HJ_CBF_SOLVER_SPIKE
3918.0,65.3,ECLIPSE,0.0,-28.39,0.0,6.5,10.0,16.5,-16.5,58.5377,97.56,2.44,16.542,1.021,HJ_CBF_SOLVER_SPIKE
3919.0,65.317,ECLIPSE,0.0,-28.43,0.0,6.5,10.0,16.5,-16.5,58.533,97.56,2.44,16.541,1.021,HJ_CBF_SOLVER_SPIKE
3920.0,65.333,ECLIPSE,0.0,-28.46,0.0,6.5,10.0,16.5,-16.5,58.5283,97.55,2.45,16.541,1.021,HJ_CBF_SOLVER_SPIKE
3921.0,65.35,ECLIPSE,0.0,-28.5,0.0,6.5,10.0,16.5,-16.5,58.5236,97.54,2.46,16.54,1.021,HJ_CBF_SOLVER_SPIKE
3922.0,65.367,ECLIPSE,0.0,-28.53,0.0,6.5,10.0,16.5,-16.5,58.5188,97.53,2.47,16.54,1.021,HJ_CBF_SOLVER_SPIKE
3923.0,65.383,ECLIPSE,0.0,-28.57,0.0,6.5,10.0,16.5,-16.5,58.5141,97.52,2.48,16.539,1.021,HJ_CBF_SOLVER_SPIKE
3924.0,65.4,ECLIPSE,0.0,-28.61,0.0,6.5,10.0,16.5,-16.5,58.5094,97.52,2.48,16.539,1.021,HJ_CBF_SOLVER_SPIKE
3925.0,65.417,ECLIPSE,0.0,-28.64,0.0,6.5,10.0,16.5,-16.5,58.5047,97.51,2.49,16.538,1.021,HJ_CBF_SOLVER_SPIKE
3926.0,65.433,ECLIPSE,0.0,-28.68,0.0,6.5,10.0,16.5,-16.5,58.4999,97.5,2.5,16.538,1.021,HJ_CBF_SOLVER_SPIKE
3927.0,65.45,ECLIPSE,0.0,-28.71,0.0,6.5,10.0,16.5,-16.5,58.4952,97.49,2.51,16.538,1.021,HJ_CBF_SOLVER_SPIKE
3928.0,65.467,ECLIPSE,0.0,-28.75,0.0,6.5,10.0,16.5,-16.5,58.4905,97.48,2.52,16.537,1.021,HJ_CBF_SOLVER_SPIKE
3929.0,65.483,ECLIPSE,0.0,-28.78,0.0,6.5,10.0,16.5,-16.5,58.4858,97.48,2.52,16.537,1.021,HJ_CBF_SOLVER_SPIKE
3930.0,65.5,ECLIPSE,0.0,-28.82,0.0,6.5,10.0,16.5,-16.5,58.481,97.47,2.53,16.536,1.021,HJ_CBF_SOLVER_SPIKE
3931.0,65.517,ECLIPSE,0.0,-28.85,0.0,6.5,10.0,16.5,-16.5,58.4763,97.46,2.54,16.536,1.021,HJ_CBF_SOLVER_SPIKE
3932.0,65.533,ECLIPSE,0.0,-28.88,0.0,6.5,10.0,16.5,-16.5,58.4716,97.45,2.55,16.535,1.021,HJ_CBF_SOLVER_SPIKE
3933.0,65.55,ECLIPSE,0.0,-28.92,0.0,6.5,10.0,16.5,-16.5,58.4669,97.44,2.56,16.535,1.021,HJ_CBF_SOLVER_SPIKE
3934.0,65.567,ECLIPSE,0.0,-28.95,0.0,6.5,10.0,16.5,-16.5,58.4621,97.44,2.56,16.534,1.021,HJ_CBF_SOLVER_SPIKE
3935.0,65.583,ECLIPSE,0.0,-28.99,0.0,6.5,10.0,16.5,-16.5,58.4574,97.43,2.57,16.534,1.021,HJ_CBF_SOLVER_SPIKE
3936.0,65.6,ECLIPSE,0.0,-29.02,0.0,6.5,10.0,16.5,-16.5,58.4527,97.42,2.58,16.534,1.021,HJ_CBF_SOLVER_SPIKE
3937.0,65.617,ECLIPSE,0.0,-29.05,0.0,6.5,10.0,16.5,-16.5,58.448,97.41,2.59,16.533,1.021,HJ_CBF_SOLVER_SPIKE
3938.0,65.633,ECLIPSE,0.0,-29.08,0.0,6.5,10.0,16.5,-16.5,58.4432,97.41,2.59,16.533,1.021,HJ_CBF_SOLVER_SPIKE
3939.0,65.65,ECLIPSE,0.0,-29.12,0.0,6.5,10.0,16.5,-16.5,58.4385,97.4,2.6,16.532,1.021,HJ_CBF_SOLVER_SPIKE
3940.0,65.667,ECLIPSE,0.0,-29.15,0.0,6.5,10.0,16.5,-16.5,58.4338,97.39,2.61,16.532,1.021,HJ_CBF_SOLVER_SPIKE
3941.0,65.683,ECLIPSE,0.0,-29.18,0.0,6.5,10.0,16.5,-16.5,58.4291,97.38,2.62,16.531,1.021,HJ_CBF_SOLVER_SPIKE
3942.0,65.7,ECLIPSE,0.0,-29.21,0.0,6.5,10.0,16.5,-16.5,58.4243,97.37,2.63,16.531,1.021,HJ_CBF_SOLVER_SPIKE
3943.0,65.717,ECLIPSE,0.0,-29.25,0.0,6.5,10.0,16.5,-16.5,58.4196,97.37,2.63,16.53,1.021,HJ_CBF_SOLVER_SPIKE
3944.0,65.733,ECLIPSE,0.0,-29.28,0.0,6.5,10.0,16.5,-16.5,58.4149,97.36,2.64,16.53,1.021,HJ_CBF_SOLVER_SPIKE
3945.0,65.75,ECLIPSE,0.0,-29.31,0.0,6.5,10.0,16.5,-16.5,58.4102,97.35,2.65,16.53,1.021,HJ_CBF_SOLVER_SPIKE
3946.0,65.767,ECLIPSE,0.0,-29.34,0.0,6.5,10.0,16.5,-16.5,58.4054,97.34,2.66,16.529,1.022,HJ_CBF_SOLVER_SPIKE
3947.0,65.783,ECLIPSE,0.0,-29.37,0.0,6.5,10.0,16.5,-16.5,58.4007,97.33,2.67,16.529,1.022,HJ_CBF_SOLVER_SPIKE
3948.0,65.8,ECLIPSE,0.0,-29.4,0.0,6.5,10.0,16.5,-16.5,58.396,97.33,2.67,16.528,1.022,HJ_CBF_SOLVER_SPIKE
3949.0,65.817,ECLIPSE,0.0,-29.44,0.0,6.5,10.0,16.5,-16.5,58.3913,97.32,2.68,16.528,1.022,HJ_CBF_SOLVER_SPIKE
3950.0,65.833,ECLIPSE,0.0,-29.47,0.0,6.5,10.0,16.5,-16.5,58.3865,97.31,2.69,16.527,1.022,HJ_CBF_SOLVER_SPIKE
3951.0,65.85,ECLIPSE,0.0,-29.5,0.0,6.5,10.0,16.5,-16.5,58.3818,97.3,2.7,16.527,1.022,HJ_CBF_SOLVER_SPIKE
3952.0,65.867,ECLIPSE,0.0,-29.53,0.0,6.5,10.0,16.5,-16.5,58.3771,97.3,2.7,16.527,1.022,HJ_CBF_SOLVER_SPIKE
3953.0,65.883,ECLIPSE,0.0,-29.56,0.0,6.5,10.0,16.5,-16.5,58.3724,97.29,2.71,16.526,1.022,HJ_CBF_SOLVER_SPIKE
3954.0,65.9,ECLIPSE,0.0,-29.59,0.0,6.5,10.0,16.5,-16.5,58.3676,97.28,2.72,16.526,1.022,HJ_CBF_SOLVER_SPIKE
3955.0,65.917,ECLIPSE,0.0,-29.62,0.0,6.5,10.0,16.5,-16.5,58.3629,97.27,2.73,16.525,1.022,HJ_CBF_SOLVER_SPIKE
3956.0,65.933,ECLIPSE,0.0,-29.65,0.0,6.5,10.0,16.5,-16.5,58.3582,97.26,2.74,16.525,1.022,HJ_CBF_SOLVER_SPIKE
3957.0,65.95,ECLIPSE,0.0,-29.68,0.0,6.5,10.0,16.5,-16.5,58.3535,97.26,2.74,16.524,1.022,HJ_CBF_SOLVER_SPIKE
3958.0,65.967,ECLIPSE,0.0,-29.71,0.0,6.5,10.0,16.5,-16.5,58.3487,97.25,2.75,16.524,1.022,HJ_CBF_SOLVER_SPIKE
3959.0,65.983,ECLIPSE,0.0,-29.74,0.0,6.5,10.0,16.5,-16.5,58.344,97.24,2.76,16.523,1.022,HJ_CBF_SOLVER_SPIKE
3960.0,66.0,ECLIPSE,0.0,-29.77,0.0,6.5,10.0,16.5,-16.5,58.3393,97.23,2.77,16.523,1.022,HJ_CBF_SOLVER_SPIKE
3961.0,66.017,ECLIPSE,0.0,-29.79,0.0,6.5,10.0,16.5,-16.5,58.3346,97.22,2.78,16.523,1.022,HJ_CBF_SOLVER_SPIKE
3962.0,66.033,ECLIPSE,0.0,-29.82,0.0,6.5,10.0,16.5,-16.5,58.3298,97.22,2.78,16.522,1.022,HJ_CBF_SOLVER_SPIKE
3963.0,66.05,ECLIPSE,0.0,-29.85,0.0,6.5,10.0,16.5,-16.5,58.3251,97.21,2.79,16.522,1.022,HJ_CBF_SOLVER_SPIKE
3964.0,66.067,ECLIPSE,0.0,-29.88,0.0,6.5,10.0,16.5,-16.5,58.3204,97.2,2.8,16.521,1.022,HJ_CBF_SOLVER_SPIKE
3965.0,66.083,ECLIPSE,0.0,-29.91,0.0,6.5,10.0,16.5,-16.5,58.3157,97.19,2.81,16.521,1.022,HJ_CBF_SOLVER_SPIKE
3966.0,66.1,ECLIPSE,0.0,-29.94,0.0,6.5,10.0,16.5,-16.5,58.3109,97.18,2.82,16.52,1.022,HJ_CBF_SOLVER_SPIKE
3967.0,66.117,ECLIPSE,0.0,-29.96,0.0,6.5,10.0,16.5,-16.5,58.3062,97.18,2.82,16.52,1.022,HJ_CBF_SOLVER_SPIKE
3968.0,66.133,ECLIPSE,0.0,-29.99,0.0,6.5,10.0,16.5,-16.5,58.3015,97.17,2.83,16.519,1.022,HJ_CBF_SOLVER_SPIKE
3969.0,66.15,ECLIPSE,0.0,-30.02,0.0,6.5,10.0,16.5,-16.5,58.2968,97.16,2.84,16.519,1.022,HJ_CBF_SOLVER_SPIKE
3970.0,66.167,ECLIPSE,0.0,-30.05,0.0,6.5,10.0,16.5,-16.5,58.292,97.15,2.85,16.519,1.022,HJ_CBF_SOLVER_SPIKE
3971.0,66.183,ECLIPSE,0.0,-30.08,0.0,6.5,10.0,16.5,-16.5,58.2873,97.15,2.85,16.518,1.022,HJ_CBF_SOLVER_SPIKE
3972.0,66.2,ECLIPSE,0.0,-30.1,0.0,6.5,10.0,16.5,-16.5,58.2826,97.14,2.86,16.518,1.022,HJ_CBF_SOLVER_SPIKE
3973.0,66.217,ECLIPSE,0.0,-30.13,0.0,6.5,10.0,16.5,-16.5,58.2779,97.13,2.87,16.517,1.022,HJ_CBF_SOLVER_SPIKE
3974.0,66.233,ECLIPSE,0.0,-30.16,0.0,6.5,10.0,16.5,-16.5,58.2731,97.12,2.88,16.517,1.022,HJ_CBF_SOLVER_SPIKE
3975.0,66.25,ECLIPSE,0.0,-30.18,0.0,6.5,10.0,16.5,-16.5,58.2684,97.11,2.89,16.516,1.022,HJ_CBF_SOLVER_SPIKE
3976.0,66.267,ECLIPSE,0.0,-30.21,0.0,6.5,10.0,16.5,-16.5,58.2637,97.11,2.89,16.516,1.022,HJ_CBF_SOLVER_SPIKE
3977.0,66.283,ECLIPSE,0.0,-30.24,0.0,6.5,10.0,16.5,-16.5,58.259,97.1,2.9,16.515,1.022,HJ_CBF_SOLVER_SPIKE
3978.0,66.3,ECLIPSE,0.0,-30.26,0.0,6.5,10.0,16.5,-16.5,58.2542,97.09,2.91,16.515,1.022,HJ_CBF_SOLVER_SPIKE
3979.0,66.317,ECLIPSE,0.0,-30.29,0.0,6.5,10.0,16.5,-16.5,58.2495,97.08,2.92,16.515,1.022,HJ_CBF_SOLVER_SPIKE
3980.0,66.333,ECLIPSE,0.0,-30.32,0.0,6.5,10.0,16.5,-16.5,58.2448,97.07,2.93,16.514,1.022,HJ_CBF_SOLVER_SPIKE
3981.0,66.35,ECLIPSE,0.0,-30.34,0.0,6.5,10.0,16.5,-16.5,58.2401,97.07,2.93,16.514,1.022,HJ_CBF_SOLVER_SPIKE
3982.0,66.367,ECLIPSE,0.0,-30.37,0.0,6.5,10.0,16.5,-16.5,58.2353,97.06,2.94,16.513,1.022,HJ_CBF_SOLVER_SPIKE
3983.0,66.383,ECLIPSE,0.0,-30.39,0.0,6.5,10.0,16.5,-16.5,58.2306,97.05,2.95,16.513,1.023,HJ_CBF_SOLVER_SPIKE
3984.0,66.4,ECLIPSE,0.0,-30.42,0.0,6.5,10.0,16.5,-16.5,58.2259,97.04,2.96,16.512,1.023,HJ_CBF_SOLVER_SPIKE
3985.0,66.417,ECLIPSE,0.0,-30.44,0.0,6.5,10.0,16.5,-16.5,58.2212,97.04,2.96,16.512,1.023,HJ_CBF_SOLVER_SPIKE
3986.0,66.433,ECLIPSE,0.0,-30.47,0.0,6.5,10.0,16.5,-16.5,58.2164,97.03,2.97,16.512,1.023,HJ_CBF_SOLVER_SPIKE
3987.0,66.45,ECLIPSE,0.0,-30.49,0.0,6.5,10.0,16.5,-16.5,58.2117,97.02,2.98,16.511,1.023,HJ_CBF_SOLVER_SPIKE
3988.0,66.467,ECLIPSE,0.0,-30.52,0.0,6.5,10.0,16.5,-16.5,58.207,97.01,2.99,16.511,1.023,HJ_CBF_SOLVER_SPIKE
3989.0,66.483,ECLIPSE,0.0,-30.54,0.0,6.5,10.0,16.5,-16.5,58.2023,97.0,3.0,16.51,1.023,HJ_CBF_SOLVER_SPIKE
3990.0,66.5,ECLIPSE,0.0,-30.57,0.0,6.5,0,6.5,-6.5,58.2004,97.0,3.0,16.584,0.403,
3991.0,66.517,ECLIPSE,0.0,-30.59,0.0,6.5,0,6.5,-6.5,58.1985,97.0,3.0,16.584,0.403,
3992.0,66.533,ECLIPSE,0.0,-30.62,0.0,6.5,0,6.5,-6.5,58.1967,96.99,3.01,16.584,0.403,
3993.0,66.55,ECLIPSE,0.0,-30.64,0.0,6.5,0,6.5,-6.5,58.1948,96.99,3.01,16.584,0.403,
3994.0,66.567,ECLIPSE,0.0,-30.67,0.0,6.5,0,6.5,-6.5,58.193,96.99,3.01,16.584,0.403,
3995.0,66.583,ECLIPSE,0.0,-30.69,0.0,6.5,0,6.5,-6.5,58.1911,96.99,3.01,16.584,0.403,
3996.0,66.6,ECLIPSE,0.0,-30.71,0.0,6.5,0,6.5,-6.5,58.1892,96.98,3.02,16.583,0.403,
3997.0,66.617,ECLIPSE,0.0,-30.74,0.0,6.5,0,6.5,-6.5,58.1874,96.98,3.02,16.583,0.403,
3998.0,66.633,ECLIPSE,0.0,-30.76,0.0,6.5,0,6.5,-6.5,58.1855,96.98,3.02,16.583,0.403,
3999.0,66.65,ECLIPSE,0.0,-30.78,0.0,6.5,0,6.5,-6.5,58.1837,96.97,3.03,16.583,0.403,
4000.0,66.667,ECLIPSE,0.0,-30.81,0.0,6.5,0,6.5,-6.5,58.1818,96.97,3.03,16.583,0.403,
4001.0,66.683,ECLIPSE,0.0,-30.83,0.0,6.5,0,6.5,-6.5,58.1799,96.97,3.03,16.583,0.403,
4002.0,66.7,ECLIPSE,0.0,-30.85,0.0,6.5,0,6.5,-6.5,58.1781,96.96,3.04,16.582,0.403,
4003.0,66.717,ECLIPSE,0.0,-30.88,0.0,6.5,0,6.5,-6.5,58.1762,96.96,3.04,16.582,0.403,
4004.0,66.733,ECLIPSE,0.0,-30.9,0.0,6.5,0,6.5,-6.5,58.1743,96.96,3.04,16.582,0.403,
4005.0,66.75,ECLIPSE,0.0,-30.92,0.0,6.5,0,6.5,-6.5,58.1725,96.95,3.05,16.582,0.403,
4006.0,66.767,ECLIPSE,0.0,-30.95,0.0,6.5,0,6.5,-6.5,58.1706,96.95,3.05,16.582,0.403,
4007.0,66.783,ECLIPSE,0.0,-30.97,0.0,6.5,0,6.5,-6.5,58.1688,96.95,3.05,16.581,0.403,
4008.0,66.8,ECLIPSE,0.0,-30.99,0.0,6.5,0,6.5,-6.5,58.1669,96.94,3.06,16.581,0.403,
4009.0,66.817,ECLIPSE,0.0,-31.01,0.0,6.5,0,6.5,-6.5,58.165,96.94,3.06,16.581,0.403,
4010.0,66.833,ECLIPSE,0.0,-31.03,0.0,6.5,0,6.5,-6.5,58.1632,96.94,3.06,16.581,0.403,
4011.0,66.85,ECLIPSE,0.0,-31.06,0.0,6.5,0,6.5,-6.5,58.1613,96.94,3.06,16.581,0.403,
4012.0,66.867,ECLIPSE,0.0,-31.08,0.0,6.5,0,6.5,-6.5,58.1595,96.93,3.07,16.581,0.403,
4013.0,66.883,ECLIPSE,0.0,-31.1,0.0,6.5,0,6.5,-6.5,58.1576,96.93,3.07,16.58,0.403,
4014.0,66.9,ECLIPSE,0.0,-31.12,0.0,6.5,0,6.5,-6.5,58.1557,96.93,3.07,16.58,0.403,
4015.0,66.917,ECLIPSE,0.0,-31.14,0.0,6.5,0,6.5,-6.5,58.1539,96.92,3.08,16.58,0.403,
4016.0,66.933,ECLIPSE,0.0,-31.16,0.0,6.5,0,6.5,-6.5,58.152,96.92,3.08,16.58,0.403,
4017.0,66.95,ECLIPSE,0.0,-31.19,0.0,6.5,0,6.5,-6.5,58.1501,96.92,3.08,16.58,0.403,
4018.0,66.967,ECLIPSE,0.0,-31.21,0.0,6.5,0,6.5,-6.5,58.1483,96.91,3.09,16.58,0.403,
4019.0,66.983,ECLIPSE,0.0,-31.23,0.0,6.5,0,6.5,-6.5,58.1464,96.91,3.09,16.579,0.403,
4020.0,67.0,ECLIPSE,0.0,-31.25,0.0,6.5,0,6.5,-6.5,58.1446,96.91,3.09,16.579,0.403,
4021.0,67.017,ECLIPSE,0.0,-31.27,0.0,6.5,0,6.5,-6.5,58.1427,96.9,3.1,16.579,0.403,
4022.0,67.033,ECLIPSE,0.0,-31.29,0.0,6.5,0,6.5,-6.5,58.1408,96.9,3.1,16.579,0.403,
4023.0,67.05,ECLIPSE,0.0,-31.31,0.0,6.5,0,6.5,-6.5,58.139,96.9,3.1,16.579,0.403,
4024.0,67.067,ECLIPSE,0.0,-31.33,0.0,6.5,0,6.5,-6.5,58.1371,96.9,3.1,16.579,0.403,
4025.0,67.083,ECLIPSE,0.0,-31.35,0.0,6.5,0,6.5,-6.5,58.1353,96.89,3.11,16.578,0.403,
4026.0,67.1,ECLIPSE,0.0,-31.37,0.0,6.5,0,6.5,-6.5,58.1334,96.89,3.11,16.578,0.403,
4027.0,67.117,ECLIPSE,0.0,-31.39,0.0,6.5,0,6.5,-6.5,58.1315,96.89,3.11,16.578,0.403,
4028.0,67.133,ECLIPSE,0.0,-31.41,0.0,6.5,0,6.5,-6.5,58.1297,96.88,3.12,16.578,0.403,
4029.0,67.15,ECLIPSE,0.0,-31.43,0.0,6.5,0,6.5,-6.5,58.1278,96.88,3.12,16.578,0.403,
4030.0,67.167,ECLIPSE,0.0,-31.45,0.0,6.5,0,6.5,-6.5,58.1259,96.88,3.12,16.578,0.403,
4031.0,67.183,ECLIPSE,0.0,-31.47,0.0,6.5,0,6.5,-6.5,58.1241,96.87,3.13,16.577,0.403,
4032.0,67.2,ECLIPSE,0.0,-31.49,0.0,6.5,0,6.5,-6.5,58.1222,96.87,3.13,16.577,0.403,
4033.0,67.217,ECLIPSE,0.0,-31.51,0.0,6.5,0,6.5,-6.5,58.1204,96.87,3.13,16.577,0.403,
4034.0,67.233,ECLIPSE,0.0,-31.53,0.0,6.5,0,6.5,-6.5,58.1185,96.86,3.14,16.577,0.403,
4035.0,67.25,ECLIPSE,0.0,-31.55,0.0,6.5,0,6.5,-6.5,58.1166,96.86,3.14,16.577,0.403,
4036.0,67.267,ECLIPSE,0.0,-31.57,0.0,6.5,0,6.5,-6.5,58.1148,96.86,3.14,16.576,0.403,
4037.0,67.283,ECLIPSE,0.0,-31.59,0.0,6.5,0,6.5,-6.5,58.1129,96.85,3.15,16.576,0.403,
4038.0,67.3,ECLIPSE,0.0,-31.61,0.0,6.5,0,6.5,-6.5,58.1111,96.85,3.15,16.576,0.403,
4039.0,67.317,ECLIPSE,0.0,-31.62,0.0,6.5,0,6.5,-6.5,58.1092,96.85,3.15,16.576,0.403,
4040.0,67.333,ECLIPSE,0.0,-31.64,0.0,6.5,0,6.5,-6.5,58.1073,96.85,3.15,16.576,0.403,
4041.0,67.35,ECLIPSE,0.0,-31.66,0.0,6.5,0,6.5,-6.5,58.1055,96.84,3.16,16.576,0.403,
4042.0,67.367,ECLIPSE,0.0,-31.68,0.0,6.5,0,6.5,-6.5,58.1036,96.84,3.16,16.575,0.403,
4043.0,67.383,ECLIPSE,0.0,-31.7,0.0,6.5,0,6.5,-6.5,58.1018,96.84,3.16,16.575,0.403,
4044.0,67.4,ECLIPSE,0.0,-31.72,0.0,6.5,0,6.5,-6.5,58.0999,96.83,3.17,16.575,0.403,
4045.0,67.417,ECLIPSE,0.0,-31.74,0.0,6.5,0,6.5,-6.5,58.098,96.83,3.17,16.575,0.403,
4046.0,67.433,ECLIPSE,0.0,-31.75,0.0,6.5,0,6.5,-6.5,58.0962,96.83,3.17,16.575,0.403,
4047.0,67.45,ECLIPSE,0.0,-31.77,0.0,6.5,0,6.5,-6.5,58.0943,96.82,3.18,16.575,0.403,
4048.0,67.467,ECLIPSE,0.0,-31.79,0.0,6.5,0,6.5,-6.5,58.0924,96.82,3.18,16.574,0.403,
4049.0,67.483,ECLIPSE,0.0,-31.81,0.0,6.5,0,6.5,-6.5,58.0906,96.82,3.18,16.574,0.403,
4050.0,67.5,ECLIPSE,0.0,-31.82,0.0,6.5,0,6.5,-6.5,58.0887,96.81,3.19,16.574,0.403,
4051.0,67.517,ECLIPSE,0.0,-31.84,0.0,6.5,0,6.5,-6.5,58.0869,96.81,3.19,16.574,0.403,
4052.0,67.533,ECLIPSE,0.0,-31.86,0.0,6.5,0,6.5,-6.5,58.085,96.81,3.19,16.574,0.403,
4053.0,67.55,ECLIPSE,0.0,-31.88,0.0,6.5,0,6.5,-6.5,58.0831,96.81,3.19,16.574,0.403,
4054.0,67.567,ECLIPSE,0.0,-31.89,0.0,6.5,0,6.5,-6.5,58.0813,96.8,3.2,16.573,0.403,
4055.0,67.583,ECLIPSE,0.0,-31.91,0.0,6.5,0,6.5,-6.5,58.0794,96.8,3.2,16.573,0.403,
4056.0,67.6,ECLIPSE,0.0,-31.93,0.0,6.5,0,6.5,-6.5,58.0776,96.8,3.2,16.573,0.403,
4057.0,67.617,ECLIPSE,0.0,-31.95,0.0,6.5,0,6.5,-6.5,58.0757,96.79,3.21,16.573,0.403,
4058.0,67.633,ECLIPSE,0.0,-31.96,0.0,6.5,0,6.5,-6.5,58.0738,96.79,3.21,16.573,0.403,
4059.0,67.65,ECLIPSE,0.0,-31.98,0.0,6.5,0,6.5,-6.5,58.072,96.79,3.21,16.572,0.403,
4060.0,67.667,ECLIPSE,0.0,-32.0,0.0,6.5,0,6.5,-6.5,58.0701,96.78,3.22,16.572,0.403,
4061.0,67.683,ECLIPSE,0.0,-32.01,0.0,6.5,0,6.5,-6.5,58.0682,96.78,3.22,16.572,0.403,
4062.0,67.7,ECLIPSE,0.0,-32.03,0.0,6.5,0,6.5,-6.5,58.0664,96.78,3.22,16.572,0.403,
4063.0,67.717,ECLIPSE,0.0,-32.05,0.0,6.5,0,6.5,-6.5,58.0645,96.77,3.23,16.572,0.403,
4064.0,67.733,ECLIPSE,0.0,-32.06,0.0,6.5,0,6.5,-6.5,58.0627,96.77,3.23,16.572,0.403,
4065.0,67.75,ECLIPSE,0.0,-32.08,0.0,6.5,0,6.5,-6.5,58.0608,96.77,3.23,16.571,0.403,
4066.0,67.767,ECLIPSE,0.0,-32.09,0.0,6.5,0,6.5,-6.5,58.0589,96.76,3.24,16.571,0.403,
4067.0,67.783,ECLIPSE,0.0,-32.11,0.0,6.5,0,6.5,-6.5,58.0571,96.76,3.24,16.571,0.403,
4068.0,67.8,ECLIPSE,0.0,-32.13,0.0,6.5,0,6.5,-6.5,58.0552,96.76,3.24,16.571,0.403,
4069.0,67.817,ECLIPSE,0.0,-32.14,0.0,6.5,0,6.5,-6.5,58.0534,96.76,3.24,16.571,0.403,
4070.0,67.833,ECLIPSE,0.0,-32.16,0.0,6.5,0,6.5,-6.5,58.0515,96.75,3.25,16.571,0.403,
4071.0,67.85,ECLIPSE,0.0,-32.17,0.0,6.5,0,6.5,-6.5,58.0496,96.75,3.25,16.57,0.403,
4072.0,67.867,ECLIPSE,0.0,-32.19,0.0,6.5,0,6.5,-6.5,58.0478,96.75,3.25,16.57,0.403,
4073.0,67.883,ECLIPSE,0.0,-32.21,0.0,6.5,0,6.5,-6.5,58.0459,96.74,3.26,16.57,0.403,
4074.0,67.9,ECLIPSE,0.0,-32.22,0.0,6.5,0,6.5,-6.5,58.044,96.74,3.26,16.57,0.403,
4075.0,67.917,ECLIPSE,0.0,-32.24,0.0,6.5,0,6.5,-6.5,58.0422,96.74,3.26,16.57,0.403,
4076.0,67.933,ECLIPSE,0.0,-32.25,0.0,6.5,0,6.5,-6.5,58.0403,96.73,3.27,16.57,0.403,
4077.0,67.95,ECLIPSE,0.0,-32.27,0.0,6.5,0,6.5,-6.5,58.0385,96.73,3.27,16.569,0.403,
4078.0,67.967,ECLIPSE,0.0,-32.28,0.0,6.5,0,6.5,-6.5,58.0366,96.73,3.27,16.569,0.403,
4079.0,67.983,ECLIPSE,0.0,-32.3,0.0,6.5,0,6.5,-6.5,58.0347,96.72,3.28,16.569,0.403,
4080.0,68.0,ECLIPSE,0.0,-32.31,0.0,6.5,0,6.5,-6.5,58.0329,96.72,3.28,16.569,0.403,
4081.0,68.017,ECLIPSE,0.0,-32.33,0.0,6.5,0,6.5,-6.5,58.031,96.72,3.28,16.569,0.403,
4082.0,68.033,ECLIPSE,0.0,-32.34,0.0,6.5,0,6.5,-6.5,58.0292,96.72,3.28,16.569,0.403,
4083.0,68.05,ECLIPSE,0.0,-32.36,0.0,6.5,0,6.5,-6.5,58.0273,96.71,3.29,16.568,0.403,
4084.0,68.067,ECLIPSE,0.0,-32.37,0.0,6.5,0,6.5,-6.5,58.0254,96.71,3.29,16.568,0.403,
4085.0,68.083,ECLIPSE,0.0,-32.39,0.0,6.5,0,6.5,-6.5,58.0236,96.71,3.29,16.568,0.403,
4086.0,68.1,ECLIPSE,0.0,-32.4,0.0,6.5,0,6.5,-6.5,58.0217,96.7,3.3,16.568,0.403,
4087.0,68.117,ECLIPSE,0.0,-32.41,0.0,6.5,0,6.5,-6.5,58.0198,96.7,3.3,16.568,0.403,
4088.0,68.133,ECLIPSE,0.0,-32.43,0.0,6.5,0,6.5,-6.5,58.018,96.7,3.3,16.567,0.403,
4089.0,68.15,ECLIPSE,0.0,-32.44,0.0,6.5,0,6.5,-6.5,58.0161,96.69,3.31,16.567,0.403,
4090.0,68.167,ECLIPSE,0.0,-32.46,0.0,6.5,0,6.5,-6.5,58.0143,96.69,3.31,16.567,0.403,
4091.0,68.183,ECLIPSE,0.0,-32.47,0.0,6.5,0,6.5,-6.5,58.0124,96.69,3.31,16.567,0.403,
4092.0,68.2,ECLIPSE,0.0,-32.49,0.0,6.5,0,6.5,-6.5,58.0105,96.68,3.32,16.567,0.403,
4093.0,68.217,ECLIPSE,0.0,-32.5,0.0,6.5,0,6.5,-6.5,58.0087,96.68,3.32,16.567,0.403,
4094.0,68.233,ECLIPSE,0.0,-32.51,0.0,6.5,0,6.5,-6.5,58.0068,96.68,3.32,16.566,0.403,
4095.0,68.25,ECLIPSE,0.0,-32.53,0.0,6.5,0,6.5,-6.5,58.005,96.67,3.33,16.566,0.403,
4096.0,68.267,ECLIPSE,0.0,-32.54,0.0,6.5,0,6.5,-6.5,58.0031,96.67,3.33,16.566,0.403,
4097.0,68.283,ECLIPSE,0.0,-32.55,0.0,6.5,0,6.5,-6.5,58.0012,96.67,3.33,16.566,0.403,
4098.0,68.3,ECLIPSE,0.0,-32.57,0.0,6.5,0,6.5,-6.5,57.9994,96.67,3.33,16.566,0.403,
4099.0,68.317,ECLIPSE,0.0,-32.58,0.0,6.5,0,6.5,-6.5,57.9975,96.66,3.34,16.566,0.403,
4100.0,68.333,ECLIPSE,0.0,-32.59,0.0,6.5,0,6.5,-6.5,57.9957,96.66,3.34,16.565,0.403,
4101.0,68.35,ECLIPSE,0.0,-32.61,0.0,6.5,0,6.5,-6.5,57.9938,96.66,3.34,16.565,0.403,
4102.0,68.367,ECLIPSE,0.0,-32.62,0.0,6.5,0,6.5,-6.5,57.9919,96.65,3.35,16.565,0.403,
4103.0,68.383,ECLIPSE,0.0,-32.63,0.0,6.5,0,6.5,-6.5,57.9901,96.65,3.35,16.565,0.403,
4104.0,68.4,ECLIPSE,0.0,-32.65,0.0,6.5,0,6.5,-6.5,57.9882,96.65,3.35,16.565,0.403,
4105.0,68.417,ECLIPSE,0.0,-32.66,0.0,6.5,0,6.5,-6.5,57.9863,96.64,3.36,16.565,0.403,
4106.0,68.433,ECLIPSE,0.0,-32.67,0.0,6.5,0,6.5,-6.5,57.9845,96.64,3.36,16.564,0.403,
4107.0,68.45,ECLIPSE,0.0,-32.69,0.0,6.5,0,6.5,-6.5,57.9826,96.64,3.36,16.564,0.403,
4108.0,68.467,ECLIPSE,0.0,-32.7,0.0,6.5,0,6.5,-6.5,57.9808,96.63,3.37,16.564,0.403,
4109.0,68.483,ECLIPSE,0.0,-32.71,0.0,6.5,0,6.5,-6.5,57.9789,96.63,3.37,16.564,0.403,
4110.0,68.5,ECLIPSE,0.0,-32.72,0.0,6.5,0,6.5,-6.5,57.977,96.63,3.37,16.564,0.403,
4111.0,68.517,ECLIPSE,0.0,-32.74,0.0,6.5,0,6.5,-6.5,57.9752,96.63,3.37,16.564,0.403,
4112.0,68.533,ECLIPSE,0.0,-32.75,0.0,6.5,0,6.5,-6.5,57.9733,96.62,3.38,16.563,0.403,
4113.0,68.55,ECLIPSE,0.0,-32.76,0.0,6.5,0,6.5,-6.5,57.9715,96.62,3.38,16.563,0.403,
4114.0,68.567,ECLIPSE,0.0,-32.77,0.0,6.5,0,6.5,-6.5,57.9696,96.62,3.38,16.563,0.403,
4115.0,68.583,ECLIPSE,0.0,-32.79,0.0,6.5,0,6.5,-6.5,57.9677,96.61,3.39,16.563,0.403,
4116.0,68.6,ECLIPSE,0.0,-32.8,0.0,6.5,0,6.5,-6.5,57.9659,96.61,3.39,16.563,0.403,
4117.0,68.617,ECLIPSE,0.0,-32.81,0.0,6.5,0,6.5,-6.5,57.964,96.61,3.39,16.562,0.403,
4118.0,68.633,ECLIPSE,0.0,-32.82,0.0,6.5,0,6.5,-6.5,57.9621,96.6,3.4,16.562,0.403,
4119.0,68.65,ECLIPSE,0.0,-32.84,0.0,6.5,0,6.5,-6.5,57.9603,96.6,3.4,16.562,0.403,
4120.0,68.667,ECLIPSE,0.0,-32.85,0.0,6.5,0,6.5,-6.5,57.9584,96.6,3.4,16.562,0.403,
4121.0,68.683,ECLIPSE,0.0,-32.86,0.0,6.5,0,6.5,-6.5,57.9566,96.59,3.41,16.562,0.403,
4122.0,68.7,ECLIPSE,0.0,-32.87,0.0,6.5,0,6.5,-6.5,57.9547,96.59,3.41,16.562,0.403,
4123.0,68.717,ECLIPSE,0.0,-32.88,0.0,6.5,0,6.5,-6.5,57.9528,96.59,3.41,16.561,0.403,
4124.0,68.733,ECLIPSE,0.0,-32.9,0.0,6.5,0,6.5,-6.5,57.951,96.58,3.42,16.561,0.403,
4125.0,68.75,ECLIPSE,0.0,-32.91,0.0,6.5,0,6.5,-6.5,57.9491,96.58,3.42,16.561,0.403,
4126.0,68.767,ECLIPSE,0.0,-32.92,0.0,6.5,0,6.5,-6.5,57.9473,96.58,3.42,16.561,0.403,
4127.0,68.783,ECLIPSE,0.0,-32.93,0.0,6.5,0,6.5,-6.5,57.9454,96.58,3.42,16.561,0.403,
4128.0,68.8,ECLIPSE,0.0,-32.94,0.0,6.5,0,6.5,-6.5,57.9435,96.57,3.43,16.561,0.403,
4129.0,68.817,ECLIPSE,0.0,-32.95,0.0,6.5,0,6.5,-6.5,57.9417,96.57,3.43,16.56,0.403,
4130.0,68.833,ECLIPSE,0.0,-32.96,0.0,6.5,0,6.5,-6.5,57.9398,96.57,3.43,16.56,0.403,
4131.0,68.85,ECLIPSE,0.0,-32.98,0.0,6.5,0,6.5,-6.5,57.9379,96.56,3.44,16.56,0.403,
4132.0,68.867,ECLIPSE,0.0,-32.99,0.0,6.5,0,6.5,-6.5,57.9361,96.56,3.44,16.56,0.403,
4133.0,68.883,ECLIPSE,0.0,-33.0,0.0,6.5,0,6.5,-6.5,57.9342,96.56,3.44,16.56,0.403,
4134.0,68.9,ECLIPSE,0.0,-33.01,0.0,6.5,0,6.5,-6.5,57.9324,96.55,3.45,16.56,0.403,
4135.0,68.917,ECLIPSE,0.0,-33.02,0.0,6.5,0,6.5,-6.5,57.9305,96.55,3.45,16.559,0.403,
4136.0,68.933,ECLIPSE,0.0,-33.03,0.0,6.5,0,6.5,-6.5,57.9286,96.55,3.45,16.559,0.403,
4137.0,68.95,ECLIPSE,0.0,-33.04,0.0,6.5,0,6.5,-6.5,57.9268,96.54,3.46,16.559,0.403,
4138.0,68.967,ECLIPSE,0.0,-33.05,0.0,6.5,0,6.5,-6.5,57.9249,96.54,3.46,16.559,0.403,
4139.0,68.983,ECLIPSE,0.0,-33.06,0.0,6.5,0,6.5,-6.5,57.9231,96.54,3.46,16.559,0.403,
4140.0,69.0,ECLIPSE,0.0,-33.07,0.0,6.5,0,6.5,-6.5,57.9212,96.54,3.46,16.559,0.404,
4141.0,69.017,ECLIPSE,0.0,-33.08,0.0,6.5,0,6.5,-6.5,57.9193,96.53,3.47,16.558,0.404,
4142.0,69.033,ECLIPSE,0.0,-33.1,0.0,6.5,0,6.5,-6.5,57.9175,96.53,3.47,16.558,0.404,
4143.0,69.05,ECLIPSE,0.0,-33.11,0.0,6.5,0,6.5,-6.5,57.9156,96.53,3.47,16.558,0.404,
4144.0,69.067,ECLIPSE,0.0,-33.12,0.0,6.5,0,6.5,-6.5,57.9137,96.52,3.48,16.558,0.404,
4145.0,69.083,ECLIPSE,0.0,-33.13,0.0,6.5,0,6.5,-6.5,57.9119,96.52,3.48,16.558,0.404,
4146.0,69.1,ECLIPSE,0.0,-33.14,0.0,6.5,0,6.5,-6.5,57.91,96.52,3.48,16.557,0.404,
4147.0,69.117,ECLIPSE,0.0,-33.15,0.0,6.5,0,6.5,-6.5,57.9082,96.51,3.49,16.557,0.404,
4148.0,69.133,ECLIPSE,0.0,-33.16,0.0,6.5,0,6.5,-6.5,57.9063,96.51,3.49,16.557,0.404,
4149.0,69.15,ECLIPSE,0.0,-33.17,0.0,6.5,0,6.5,-6.5,57.9044,96.51,3.49,16.557,0.404,
4150.0,69.167,ECLIPSE,0.0,-33.18,0.0,6.5,0,6.5,-6.5,57.9026,96.5,3.5,16.557,0.404,
4151.0,69.183,ECLIPSE,0.0,-33.19,0.0,6.5,0,6.5,-6.5,57.9007,96.5,3.5,16.557,0.404,
4152.0,69.2,ECLIPSE,0.0,-33.2,0.0,6.5,0,6.5,-6.5,57.8989,96.5,3.5,16.556,0.404,
4153.0,69.217,ECLIPSE,0.0,-33.21,0.0,6.5,0,6.5,-6.5,57.897,96.49,3.51,16.556,0.404,
4154.0,69.233,ECLIPSE,0.0,-33.22,0.0,6.5,0,6.5,-6.5,57.8951,96.49,3.51,16.556,0.404,
4155.0,69.25,ECLIPSE,0.0,-33.23,0.0,6.5,0,6.5,-6.5,57.8933,96.49,3.51,16.556,0.404,
4156.0,69.267,ECLIPSE,0.0,-33.24,0.0,6.5,0,6.5,-6.5,57.8914,96.49,3.51,16.556,0.404,
4157.0,69.283,ECLIPSE,0.0,-33.25,0.0,6.5,0,6.5,-6.5,57.8896,96.48,3.52,16.556,0.404,
4158.0,69.3,ECLIPSE,0.0,-33.26,0.0,6.5,0,6.5,-6.5,57.8877,96.48,3.52,16.555,0.404,
4159.0,69.317,ECLIPSE,0.0,-33.27,0.0,6.5,0,6.5,-6.5,57.8858,96.48,3.52,16.555,0.404,
4160.0,69.333,ECLIPSE,0.0,-33.28,0.0,6.5,0,6.5,-6.5,57.884,96.47,3.53,16.555,0.404,
4161.0,69.35,ECLIPSE,0.0,-33.29,0.0,6.5,0,6.5,-6.5,57.8821,96.47,3.53,16.555,0.404,
4162.0,69.367,ECLIPSE,0.0,-33.3,0.0,6.5,0,6.5,-6.5,57.8802,96.47,3.53,16.555,0.404,
4163.0,69.383,ECLIPSE,0.0,-33.31,0.0,6.5,0,6.5,-6.5,57.8784,96.46,3.54,16.555,0.404,
4164.0,69.4,ECLIPSE,0.0,-33.31,0.0,6.5,0,6.5,-6.5,57.8765,96.46,3.54,16.554,0.404,
4165.0,69.417,ECLIPSE,0.0,-33.32,0.0,6.5,0,6.5,-6.5,57.8747,96.46,3.54,16.554,0.404,
4166.0,69.433,ECLIPSE,0.0,-33.33,0.0,6.5,0,6.5,-6.5,57.8728,96.45,3.55,16.554,0.404,
4167.0,69.45,ECLIPSE,0.0,-33.34,0.0,6.5,0,6.5,-6.5,57.8709,96.45,3.55,16.554,0.404,
4168.0,69.467,ECLIPSE,0.0,-33.35,0.0,6.5,0,6.5,-6.5,57.8691,96.45,3.55,16.554,0.404,
4169.0,69.483,ECLIPSE,0.0,-33.36,0.0,6.5,0,6.5,-6.5,57.8672,96.45,3.55,16.554,0.404,
4170.0,69.5,ECLIPSE,0.0,-33.37,0.0,6.5,0,6.5,-6.5,57.8654,96.44,3.56,16.553,0.404,
4171.0,69.517,ECLIPSE,0.0,-33.38,0.0,6.5,0,6.5,-6.5,57.8635,96.44,3.56,16.553,0.404,
4172.0,69.533,ECLIPSE,0.0,-33.39,0.0,6.5,0,6.5,-6.5,57.8616,96.44,3.56,16.553,0.404,
4173.0,69.55,ECLIPSE,0.0,-33.4,0.0,6.5,0,6.5,-6.5,57.8598,96.43,3.57,16.553,0.404,
4174.0,69.567,ECLIPSE,0.0,-33.41,0.0,6.5,0,6.5,-6.5,57.8579,96.43,3.57,16.553,0.404,
4175.0,69.583,ECLIPSE,0.0,-33.41,0.0,6.5,0,6.5,-6.5,57.856,96.43,3.57,16.552,0.404,
4176.0,69.6,ECLIPSE,0.0,-33.42,0.0,6.5,0,6.5,-6.5,57.8542,96.42,3.58,16.552,0.404,
4177.0,69.617,ECLIPSE,0.0,-33.43,0.0,6.5,0,6.5,-6.5,57.8523,96.42,3.58,16.552,0.404,
4178.0,69.633,ECLIPSE,0.0,-33.44,0.0,6.5,0,6.5,-6.5,57.8505,96.42,3.58,16.552,0.404,
4179.0,69.65,ECLIPSE,0.0,-33.45,0.0,6.5,0,6.5,-6.5,57.8486,96.41,3.59,16.552,0.404,
4180.0,69.667,ECLIPSE,0.0,-33.46,0.0,6.5,0,6.5,-6.5,57.8467,96.41,3.59,16.552,0.404,
4181.0,69.683,ECLIPSE,0.0,-33.47,0.0,6.5,0,6.5,-6.5,57.8449,96.41,3.59,16.551,0.404,
4182.0,69.7,ECLIPSE,0.0,-33.47,0.0,6.5,0,6.5,-6.5,57.843,96.41,3.59,16.551,0.404,
4183.0,69.717,ECLIPSE,0.0,-33.48,0.0,6.5,0,6.5,-6.5,57.8412,96.4,3.6,16.551,0.404,
4184.0,69.733,ECLIPSE,0.0,-33.49,0.0,6.5,0,6.5,-6.5,57.8393,96.4,3.6,16.551,0.404,
4185.0,69.75,ECLIPSE,0.0,-33.5,0.0,6.5,0,6.5,-6.5,57.8374,96.4,3.6,16.551,0.404,
4186.0,69.767,ECLIPSE,0.0,-33.51,0.0,6.5,0,6.5,-6.5,57.8356,96.39,3.61,16.551,0.404,
4187.0,69.783,ECLIPSE,0.0,-33.52,0.0,6.5,0,6.5,-6.5,57.8337,96.39,3.61,16.55,0.404,
4188.0,69.8,ECLIPSE,0.0,-33.52,0.0,6.5,0,6.5,-6.5,57.8318,96.39,3.61,16.55,0.404,
4189.0,69.817,ECLIPSE,0.0,-33.53,0.0,6.5,0,6.5,-6.5,57.83,96.38,3.62,16.55,0.404,
4190.0,69.833,ECLIPSE,0.0,-33.54,0.0,6.5,0,6.5,-6.5,57.8281,96.38,3.62,16.55,0.404,
4191.0,69.85,ECLIPSE,0.0,-33.55,0.0,6.5,0,6.5,-6.5,57.8263,96.38,3.62,16.55,0.404,
4192.0,69.867,ECLIPSE,0.0,-33.56,0.0,6.5,0,6.5,-6.5,57.8244,96.37,3.63,16.55,0.404,
4193.0,69.883,ECLIPSE,0.0,-33.57,0.0,6.5,0,6.5,-6.5,57.8225,96.37,3.63,16.549,0.404,
4194.0,69.9,ECLIPSE,0.0,-33.57,0.0,6.5,0,6.5,-6.5,57.8207,96.37,3.63,16.549,0.404,
4195.0,69.917,ECLIPSE,0.0,-33.58,0.0,6.5,0,6.5,-6.5,57.8188,96.36,3.64,16.549,0.404,
4196.0,69.933,ECLIPSE,0.0,-33.59,0.0,6.5,0,6.5,-6.5,57.817,96.36,3.64,16.549,0.404,
4197.0,69.95,ECLIPSE,0.0,-33.6,0.0,6.5,0,6.5,-6.5,57.8151,96.36,3.64,16.549,0.404,
4198.0,69.967,ECLIPSE,0.0,-33.6,0.0,6.5,0,6.5,-6.5,57.8132,96.36,3.64,16.549,0.404,
4199.0,69.983,ECLIPSE,0.0,-33.61,0.0,6.5,0,6.5,-6.5,57.8114,96.35,3.65,16.548,0.404,
4200.0,70.0,ECLIPSE,0.0,-33.62,0.0,6.5,0,6.5,-6.5,57.8095,96.35,3.65,16.548,0.404,
4201.0,70.017,ECLIPSE,0.0,-33.63,0.0,6.5,0,6.5,-6.5,57.8077,96.35,3.65,16.548,0.404,
4202.0,70.033,ECLIPSE,0.0,-33.64,0.0,6.5,0,6.5,-6.5,57.8058,96.34,3.66,16.548,0.404,
4203.0,70.05,ECLIPSE,0.0,-33.64,0.0,6.5,0,6.5,-6.5,57.8039,96.34,3.66,16.548,0.404,
4204.0,70.067,ECLIPSE,0.0,-33.65,0.0,6.5,0,6.5,-6.5,57.8021,96.34,3.66,16.547,0.404,
4205.0,70.083,ECLIPSE,0.0,-33.66,0.0,6.5,0,6.5,-6.5,57.8002,96.33,3.67,16.547,0.404,
4206.0,70.1,ECLIPSE,0.0,-33.67,0.0,6.5,0,6.5,-6.5,57.7983,96.33,3.67,16.547,0.404,
4207.0,70.117,ECLIPSE,0.0,-33.67,0.0,6.5,0,6.5,-6.5,57.7965,96.33,3.67,16.547,0.404,
4208.0,70.133,ECLIPSE,0.0,-33.68,0.0,6.5,0,6.5,-6.5,57.7946,96.32,3.68,16.547,0.404,
4209.0,70.15,ECLIPSE,0.0,-33.69,0.0,6.5,0,6.5,-6.5,57.7928,96.32,3.68,16.547,0.404,
4210.0,70.167,ECLIPSE,0.0,-33.69,0.0,6.5,0,6.5,-6.5,57.7909,96.32,3.68,16.546,0.404,
4211.0,70.183,ECLIPSE,0.0,-33.7,0.0,6.5,0,6.5,-6.5,57.789,96.32,3.68,16.546,0.404,
4212.0,70.2,ECLIPSE,0.0,-33.71,0.0,6.5,0,6.5,-6.5,57.7872,96.31,3.69,16.546,0.404,
4213.0,70.217,ECLIPSE,0.0,-33.72,0.0,6.5,0,6.5,-6.5,57.7853,96.31,3.69,16.546,0.404,
4214.0,70.233,ECLIPSE,0.0,-33.72,0.0,6.5,0,6.5,-6.5,57.7835,96.31,3.69,16.546,0.404,
4215.0,70.25,ECLIPSE,0.0,-33.73,0.0,6.5,0,6.5,-6.5,57.7816,96.3,3.7,16.546,0.404,
4216.0,70.267,ECLIPSE,0.0,-33.74,0.0,6.5,0,6.5,-6.5,57.7797,96.3,3.7,16.545,0.404,
4217.0,70.283,ECLIPSE,0.0,-33.74,0.0,6.5,0,6.5,-6.5,57.7779,96.3,3.7,16.545,0.404,
4218.0,70.3,ECLIPSE,0.0,-33.75,0.0,6.5,0,6.5,-6.5,57.776,96.29,3.71,16.545,0.404,
4219.0,70.317,ECLIPSE,0.0,-33.76,0.0,6.5,0,6.5,-6.5,57.7741,96.29,3.71,16.545,0.404,
4220.0,70.333,ECLIPSE,0.0,-33.77,0.0,6.5,0,6.5,-6.5,57.7723,96.29,3.71,16.545,0.404,
4221.0,70.35,ECLIPSE,0.0,-33.77,0.0,6.5,0,6.5,-6.5,57.7704,96.28,3.72,16.545,0.404,
4222.0,70.367,ECLIPSE,0.0,-33.78,0.0,6.5,0,6.5,-6.5,57.7686,96.28,3.72,16.544,0.404,
4223.0,70.383,ECLIPSE,0.0,-33.79,0.0,6.5,0,6.5,-6.5,57.7667,96.28,3.72,16.544,0.404,
4224.0,70.4,ECLIPSE,0.0,-33.79,0.0,6.5,0,6.5,-6.5,57.7648,96.27,3.73,16.544,0.404,
4225.0,70.417,ECLIPSE,0.0,-33.8,0.0,6.5,0,6.5,-6.5,57.763,96.27,3.73,16.544,0.404,
4226.0,70.433,ECLIPSE,0.0,-33.81,0.0,6.5,0,6.5,-6.5,57.7611,96.27,3.73,16.544,0.404,
4227.0,70.45,ECLIPSE,0.0,-33.81,0.0,6.5,0,6.5,-6.5,57.7593,96.27,3.73,16.544,0.404,
4228.0,70.467,ECLIPSE,0.0,-33.82,0.0,6.5,0,6.5,-6.5,57.7574,96.26,3.74,16.543,0.404,
4229.0,70.483,ECLIPSE,0.0,-33.83,0.0,6.5,0,6.5,-6.5,57.7555,96.26,3.74,16.543,0.404,
4230.0,70.5,ECLIPSE,0.0,-33.83,0.0,6.5,0,6.5,-6.5,57.7537,96.26,3.74,16.543,0.404,
4231.0,70.517,ECLIPSE,0.0,-33.84,0.0,6.5,0,6.5,-6.5,57.7518,96.25,3.75,16.543,0.404,
4232.0,70.533,ECLIPSE,0.0,-33.84,0.0,6.5,0,6.5,-6.5,57.7499,96.25,3.75,16.543,0.404,
4233.0,70.55,ECLIPSE,0.0,-33.85,0.0,6.5,0,6.5,-6.5,57.7481,96.25,3.75,16.542,0.404,
4234.0,70.567,ECLIPSE,0.0,-33.86,0.0,6.5,0,6.5,-6.5,57.7462,96.24,3.76,16.542,0.404,
4235.0,70.583,ECLIPSE,0.0,-33.86,0.0,6.5,0,6.5,-6.5,57.7444,96.24,3.76,16.542,0.404,
4236.0,70.6,ECLIPSE,0.0,-33.87,0.0,6.5,0,6.5,-6.5,57.7425,96.24,3.76,16.542,0.404,
4237.0,70.617,ECLIPSE,0.0,-33.88,0.0,6.5,0,6.5,-6.5,57.7406,96.23,3.77,16.542,0.404,
4238.0,70.633,ECLIPSE,0.0,-33.88,0.0,6.5,0,6.5,-6.5,57.7388,96.23,3.77,16.542,0.404,
4239.0,70.65,ECLIPSE,0.0,-33.89,0.0,6.5,0,6.5,-6.5,57.7369,96.23,3.77,16.541,0.404,
4240.0,70.667,ECLIPSE,0.0,-33.9,0.0,6.5,0,6.5,-6.5,57.7351,96.23,3.77,16.541,0.404,
4241.0,70.683,ECLIPSE,0.0,-33.9,0.0,6.5,0,6.5,-6.5,57.7332,96.22,3.78,16.541,0.404,
4242.0,70.7,ECLIPSE,0.0,-33.91,0.0,6.5,0,6.5,-6.5,57.7313,96.22,3.78,16.541,0.404,
4243.0,70.717,ECLIPSE,0.0,-33.91,0.0,6.5,0,6.5,-6.5,57.7295,96.22,3.78,16.541,0.404,
4244.0,70.733,ECLIPSE,0.0,-33.92,0.0,6.5,0,6.5,-6.5,57.7276,96.21,3.79,16.541,0.404,
4245.0,70.75,ECLIPSE,0.0,-33.93,0.0,6.5,0,6.5,-6.5,57.7257,96.21,3.79,16.54,0.404,
4246.0,70.767,ECLIPSE,0.0,-33.93,0.0,6.5,0,6.5,-6.5,57.7239,96.21,3.79,16.54,0.404,
4247.0,70.783,ECLIPSE,0.0,-33.94,0.0,6.5,0,6.5,-6.5,57.722,96.2,3.8,16.54,0.404,
4248.0,70.8,ECLIPSE,0.0,-33.94,0.0,6.5,0,6.5,-6.5,57.7202,96.2,3.8,16.54,0.404,
4249.0,70.817,ECLIPSE,0.0,-33.95,0.0,6.5,0,6.5,-6.5,57.7183,96.2,3.8,16.54,0.404,
4250.0,70.833,ECLIPSE,0.0,-33.95,0.0,6.5,0,6.5,-6.5,57.7164,96.19,3.81,16.54,0.404,
4251.0,70.85,ECLIPSE,0.0,-33.96,0.0,6.5,0,6.5,-6.5,57.7146,96.19,3.81,16.539,0.404,
4252.0,70.867,ECLIPSE,0.0,-33.97,0.0,6.5,0,6.5,-6.5,57.7127,96.19,3.81,16.539,0.404,
4253.0,70.883,ECLIPSE,0.0,-33.97,0.0,6.5,0,6.5,-6.5,57.7109,96.18,3.82,16.539,0.404,
4254.0,70.9,ECLIPSE,0.0,-33.98,0.0,6.5,0,6.5,-6.5,57.709,96.18,3.82,16.539,0.404,
4255.0,70.917,ECLIPSE,0.0,-33.98,0.0,6.5,0,6.5,-6.5,57.7071,96.18,3.82,16.539,0.404,
4256.0,70.933,ECLIPSE,0.0,-33.99,0.0,6.5,0,6.5,-6.5,57.7053,96.18,3.82,16.539,0.404,
4257.0,70.95,ECLIPSE,0.0,-33.99,0.0,6.5,0,6.5,-6.5,57.7034,96.17,3.83,16.538,0.404,
4258.0,70.967,ECLIPSE,0.0,-34.0,0.0,6.5,0,6.5,-6.5,57.7016,96.17,3.83,16.538,0.404,
4259.0,70.983,ECLIPSE,0.0,-34.01,0.0,6.5,0,6.5,-6.5,57.6997,96.17,3.83,16.538,0.404,
4260.0,71.0,ECLIPSE,0.0,-34.01,0.0,6.5,0,6.5,-6.5,57.6978,96.16,3.84,16.538,0.404,
4261.0,71.017,ECLIPSE,0.0,-34.02,0.0,6.5,0,6.5,-6.5,57.696,96.16,3.84,16.538,0.404,
4262.0,71.033,ECLIPSE,0.0,-34.02,0.0,6.5,0,6.5,-6.5,57.6941,96.16,3.84,16.537,0.404,
4263.0,71.05,ECLIPSE,0.0,-34.03,0.0,6.5,0,6.5,-6.5,57.6922,96.15,3.85,16.537,0.404,
4264.0,71.067,ECLIPSE,0.0,-34.03,0.0,6.5,0,6.5,-6.5,57.6904,96.15,3.85,16.537,0.404,
4265.0,71.083,ECLIPSE,0.0,-34.04,0.0,6.5,0,6.5,-6.5,57.6885,96.15,3.85,16.537,0.404,
4266.0,71.1,ECLIPSE,0.0,-34.04,0.0,6.5,0,6.5,-6.5,57.6867,96.14,3.86,16.537,0.404,
4267.0,71.117,ECLIPSE,0.0,-34.05,0.0,6.5,0,6.5,-6.5,57.6848,96.14,3.86,16.537,0.404,
4268.0,71.133,ECLIPSE,0.0,-34.05,0.0,6.5,0,6.5,-6.5,57.6829,96.14,3.86,16.536,0.404,
4269.0,71.15,ECLIPSE,0.0,-34.06,0.0,6.5,0,6.5,-6.5,57.6811,96.14,3.86,16.536,0.404,
4270.0,71.167,ECLIPSE,0.0,-34.06,0.0,6.5,0,6.5,-6.5,57.6792,96.13,3.87,16.536,0.404,
4271.0,71.183,ECLIPSE,0.0,-34.07,0.0,6.5,0,6.5,-6.5,57.6774,96.13,3.87,16.536,0.404,
4272.0,71.2,ECLIPSE,0.0,-34.08,0.0,6.5,0,6.5,-6.5,57.6755,96.13,3.87,16.536,0.404,
4273.0,71.217,ECLIPSE,0.0,-34.08,0.0,6.5,0,6.5,-6.5,57.6736,96.12,3.88,16.536,0.404,
4274.0,71.233,ECLIPSE,0.0,-34.09,0.0,6.5,0,6.5,-6.5,57.6718,96.12,3.88,16.535,0.404,
4275.0,71.25,ECLIPSE,0.0,-34.09,0.0,6.5,0,6.5,-6.5,57.6699,96.12,3.88,16.535,0.404,
4276.0,71.267,ECLIPSE,0.0,-34.1,0.0,6.5,0,6.5,-6.5,57.668,96.11,3.89,16.535,0.404,
4277.0,71.283,ECLIPSE,0.0,-34.1,0.0,6.5,0,6.5,-6.5,57.6662,96.11,3.89,16.535,0.404,
4278.0,71.3,ECLIPSE,0.0,-34.11,0.0,6.5,0,6.5,-6.5,57.6643,96.11,3.89,16.535,0.404,
4279.0,71.317,ECLIPSE,0.0,-34.11,0.0,6.5,0,6.5,-6.5,57.6625,96.1,3.9,16.535,0.404,
4280.0,71.333,ECLIPSE,0.0,-34.12,0.0,6.5,0,6.5,-6.5,57.6606,96.1,3.9,16.534,0.404,
4281.0,71.35,ECLIPSE,0.0,-34.12,0.0,6.5,0,6.5,-6.5,57.6587,96.1,3.9,16.534,0.404,
4282.0,71.367,ECLIPSE,0.0,-34.12,0.0,6.5,0,6.5,-6.5,57.6569,96.09,3.91,16.534,0.404,
4283.0,71.383,ECLIPSE,0.0,-34.13,0.0,6.5,0,6.5,-6.5,57.655,96.09,3.91,16.534,0.404,
4284.0,71.4,ECLIPSE,0.0,-34.13,0.0,6.5,0,6.5,-6.5,57.6532,96.09,3.91,16.534,0.404,
4285.0,71.417,ECLIPSE,0.0,-34.14,0.0,6.5,0,6.5,-6.5,57.6513,96.09,3.91,16.534,0.404,
4286.0,71.433,ECLIPSE,0.0,-34.14,0.0,6.5,0,6.5,-6.5,57.6494,96.08,3.92,16.533,0.404,
4287.0,71.45,ECLIPSE,0.0,-34.15,0.0,6.5,0,6.5,-6.5,57.6476,96.08,3.92,16.533,0.404,
4288.0,71.467,ECLIPSE,0.0,-34.15,0.0,6.5,0,6.5,-6.5,57.6457,96.08,3.92,16.533,0.404,
4289.0,71.483,ECLIPSE,0.0,-34.16,0.0,6.5,0,6.5,-6.5,57.6438,96.07,3.93,16.533,0.404,
4290.0,71.5,ECLIPSE,0.0,-34.16,0.0,6.5,0,6.5,-6.5,57.642,96.07,3.93,16.533,0.404,
4291.0,71.517,ECLIPSE,0.0,-34.17,0.0,6.5,0,6.5,-6.5,57.6401,96.07,3.93,16.532,0.404,
4292.0,71.533,ECLIPSE,0.0,-34.17,0.0,6.5,0,6.5,-6.5,57.6383,96.06,3.94,16.532,0.404,
4293.0,71.55,ECLIPSE,0.0,-34.18,0.0,6.5,0,6.5,-6.5,57.6364,96.06,3.94,16.532,0.404,
4294.0,71.567,ECLIPSE,0.0,-34.18,0.0,6.5,0,6.5,-6.5,57.6345,96.06,3.94,16.532,0.404,
4295.0,71.583,ECLIPSE,0.0,-34.19,0.0,6.5,0,6.5,-6.5,57.6327,96.05,3.95,16.532,0.404,
4296.0,71.6,ECLIPSE,0.0,-34.19,0.0,6.5,0,6.5,-6.5,57.6308,96.05,3.95,16.532,0.404,
4297.0,71.617,ECLIPSE,0.0,-34.19,0.0,6.5,0,6.5,-6.5,57.629,96.05,3.95,16.531,0.404,
4298.0,71.633,ECLIPSE,0.0,-34.2,0.0,6.5,0,6.5,-6.5,57.6271,96.05,3.95,16.531,0.404,
4299.0,71.65,ECLIPSE,0.0,-34.2,0.0,6.5,0,6.5,-6.5,57.6252,96.04,3.96,16.531,0.404,
4300.0,71.667,ECLIPSE,0.0,-34.21,0.0,6.5,0,6.5,-6.5,57.6234,96.04,3.96,16.531,0.404,
4301.0,71.683,ECLIPSE,0.0,-34.21,0.0,6.5,0,6.5,-6.5,57.6215,96.04,3.96,16.531,0.404,
4302.0,71.7,ECLIPSE,0.0,-34.22,0.0,6.5,0,6.5,-6.5,57.6196,96.03,3.97,16.531,0.404,
4303.0,71.717,ECLIPSE,0.0,-34.22,0.0,6.5,0,6.5,-6.5,57.6178,96.03,3.97,16.53,0.404,
4304.0,71.733,ECLIPSE,0.0,-34.23,0.0,6.5,0,6.5,-6.5,57.6159,96.03,3.97,16.53,0.404,
4305.0,71.75,ECLIPSE,0.0,-34.23,0.0,6.5,0,6.5,-6.5,57.6141,96.02,3.98,16.53,0.404,
4306.0,71.767,ECLIPSE,0.0,-34.23,0.0,6.5,0,6.5,-6.5,57.6122,96.02,3.98,16.53,0.404,
4307.0,71.783,ECLIPSE,0.0,-34.24,0.0,6.5,0,6.5,-6.5,57.6103,96.02,3.98,16.53,0.404,
4308.0,71.8,ECLIPSE,0.0,-34.24,0.0,6.5,0,6.5,-6.5,57.6085,96.01,3.99,16.53,0.404,
4309.0,71.817,ECLIPSE,0.0,-34.25,0.0,6.5,0,6.5,-6.5,57.6066,96.01,3.99,16.529,0.404,
4310.0,71.833,ECLIPSE,0.0,-34.25,0.0,6.5,0,6.5,-6.5,57.6048,96.01,3.99,16.529,0.404,
4311.0,71.85,ECLIPSE,0.0,-34.26,0.0,6.5,0,6.5,-6.5,57.6029,96.0,4.0,16.529,0.404,
4312.0,71.867,ECLIPSE,0.0,-34.26,0.0,6.5,0,6.5,-6.5,57.601,96.0,4.0,16.529,0.404,
4313.0,71.883,ECLIPSE,0.0,-34.26,0.0,6.5,0,6.5,-6.5,57.5992,96.0,4.0,16.529,0.404,
4314.0,71.9,ECLIPSE,0.0,-34.27,0.0,6.5,0,6.5,-6.5,57.5973,96.0,4.0,16.529,0.404,
4315.0,71.917,ECLIPSE,0.0,-34.27,0.0,6.5,0,6.5,-6.5,57.5955,95.99,4.01,16.528,0.404,
4316.0,71.933,ECLIPSE,0.0,-34.28,0.0,6.5,0,6.5,-6.5,57.5936,95.99,4.01,16.528,0.404,
4317.0,71.95,ECLIPSE,0.0,-34.28,0.0,6.5,0,6.5,-6.5,57.5917,95.99,4.01,16.528,0.404,
4318.0,71.967,ECLIPSE,0.0,-34.28,0.0,6.5,0,6.5,-6.5,57.5899,95.98,4.02,16.528,0.404,
4319.0,71.983,ECLIPSE,0.0,-34.29,0.0,6.5,0,6.5,-6.5,57.588,95.98,4.02,16.528,0.404,
4320.0,72.0,ECLIPSE,0.0,-34.29,0.0,6.5,0,6.5,-6.5,57.5861,95.98,4.02,16.527,0.404,
4321.0,72.017,ECLIPSE,0.0,-34.3,0.0,6.5,0,6.5,-6.5,57.5843,95.97,4.03,16.527,0.404,
4322.0,72.033,ECLIPSE,0.0,-34.3,0.0,6.5,0,6.5,-6.5,57.5824,95.97,4.03,16.527,0.404,
4323.0,72.05,ECLIPSE,0.0,-34.3,0.0,6.5,0,6.5,-6.5,57.5806,95.97,4.03,16.527,0.404,
4324.0,72.067,ECLIPSE,0.0,-34.31,0.0,6.5,0,6.5,-6.5,57.5787,95.96,4.04,16.527,0.404,
4325.0,72.083,ECLIPSE,0.0,-34.31,0.0,6.5,0,6.5,-6.5,57.5768,95.96,4.04,16.527,0.404,
4326.0,72.1,ECLIPSE,0.0,-34.31,0.0,6.5,0,6.5,-6.5,57.575,95.96,4.04,16.526,0.404,
4327.0,72.117,ECLIPSE,0.0,-34.32,0.0,6.5,0,6.5,-6.5,57.5731,95.96,4.04,16.526,0.404,
4328.0,72.133,ECLIPSE,0.0,-34.32,0.0,6.5,0,6.5,-6.5,57.5713,95.95,4.05,16.526,0.404,
4329.0,72.15,ECLIPSE,0.0,-34.33,0.0,6.5,0,6.5,-6.5,57.5694,95.95,4.05,16.526,0.404,
4330.0,72.167,ECLIPSE,0.0,-34.33,0.0,6.5,0,6.5,-6.5,57.5675,95.95,4.05,16.526,0.404,
4331.0,72.183,ECLIPSE,0.0,-34.33,0.0,6.5,0,6.5,-6.5,57.5657,95.94,4.06,16.526,0.404,
4332.0,72.2,ECLIPSE,0.0,-34.34,0.0,6.5,0,6.5,-6.5,57.5638,95.94,4.06,16.525,0.404,
4333.0,72.217,ECLIPSE,0.0,-34.34,0.0,6.5,0,6.5,-6.5,57.5619,95.94,4.06,16.525,0.404,
4334.0,72.233,ECLIPSE,0.0,-34.34,0.0,6.5,0,6.5,-6.5,57.5601,95.93,4.07,16.525,0.404,
4335.0,72.25,ECLIPSE,0.0,-34.35,0.0,6.5,0,6.5,-6.5,57.5582,95.93,4.07,16.525,0.404,
4336.0,72.267,ECLIPSE,0.0,-34.35,0.0,6.5,0,6.5,-6.5,57.5564,95.93,4.07,16.525,0.404,
4337.0,72.283,ECLIPSE,0.0,-34.36,0.0,6.5,0,6.5,-6.5,57.5545,95.92,4.08,16.525,0.404,
4338.0,72.3,ECLIPSE,0.0,-34.36,0.0,6.5,0,6.5,-6.5,57.5526,95.92,4.08,16.524,0.404,
4339.0,72.317,ECLIPSE,0.0,-34.36,0.0,6.5,0,6.5,-6.5,57.5508,95.92,4.08,16.524,0.404,
4340.0,72.333,ECLIPSE,0.0,-34.37,0.0,6.5,0,6.5,-6.5,57.5489,95.91,4.09,16.524,0.404,
4341.0,72.35,ECLIPSE,0.0,-34.37,0.0,6.5,0,6.5,-6.5,57.5471,95.91,4.09,16.524,0.404,
4342.0,72.367,ECLIPSE,0.0,-34.37,0.0,6.5,0,6.5,-6.5,57.5452,95.91,4.09,16.524,0.404,
4343.0,72.383,ECLIPSE,0.0,-34.38,0.0,6.5,0,6.5,-6.5,57.5433,95.91,4.09,16.524,0.404,
4344.0,72.4,ECLIPSE,0.0,-34.38,0.0,6.5,0,6.5,-6.5,57.5415,95.9,4.1,16.523,0.404,
4345.0,72.417,ECLIPSE,0.0,-34.38,0.0,6.5,0,6.5,-6.5,57.5396,95.9,4.1,16.523,0.404,
4346.0,72.433,ECLIPSE,0.0,-34.39,0.0,6.5,0,6.5,-6.5,57.5377,95.9,4.1,16.523,0.404,
4347.0,72.45,ECLIPSE,0.0,-34.39,0.0,6.5,0,6.5,-6.5,57.5359,95.89,4.11,16.523,0.404,
4348.0,72.467,ECLIPSE,0.0,-34.39,0.0,6.5,0,6.5,-6.5,57.534,95.89,4.11,16.523,0.404,
4349.0,72.483,ECLIPSE,0.0,-34.4,0.0,6.5,0,6.5,-6.5,57.5322,95.89,4.11,16.522,0.404,
4350.0,72.5,ECLIPSE,0.0,-34.4,0.0,6.5,0,6.5,-6.5,57.5303,95.88,4.12,16.522,0.404,
4351.0,72.517,ECLIPSE,0.0,-34.4,0.0,6.5,0,6.5,-6.5,57.5284,95.88,4.12,16.522,0.404,
4352.0,72.533,ECLIPSE,0.0,-34.41,0.0,6.5,0,6.5,-6.5,57.5266,95.88,4.12,16.522,0.404,
4353.0,72.55,ECLIPSE,0.0,-34.41,0.0,6.5,0,6.5,-6.5,57.5247,95.87,4.13,16.522,0.404,
4354.0,72.567,ECLIPSE,0.0,-34.41,0.0,6.5,0,6.5,-6.5,57.5229,95.87,4.13,16.522,0.404,
4355.0,72.583,ECLIPSE,0.0,-34.42,0.0,6.5,0,6.5,-6.5,57.521,95.87,4.13,16.521,0.404,
4356.0,72.6,ECLIPSE,0.0,-34.42,0.0,6.5,0,6.5,-6.5,57.5191,95.87,4.13,16.521,0.404,
4357.0,72.617,ECLIPSE,0.0,-34.42,0.0,6.5,0,6.5,-6.5,57.5173,95.86,4.14,16.521,0.404,
4358.0,72.633,ECLIPSE,0.0,-34.43,0.0,6.5,0,6.5,-6.5,57.5154,95.86,4.14,16.521,0.404,
4359.0,72.65,ECLIPSE,0.0,-34.43,0.0,6.5,0,6.5,-6.5,57.5135,95.86,4.14,16.521,0.404,
4360.0,72.667,ECLIPSE,0.0,-34.43,0.0,6.5,0,6.5,-6.5,57.5117,95.85,4.15,16.521,0.404,
4361.0,72.683,ECLIPSE,0.0,-34.44,0.0,6.5,0,6.5,-6.5,57.5098,95.85,4.15,16.52,0.404,
4362.0,72.7,ECLIPSE,0.0,-34.44,0.0,6.5,0,6.5,-6.5,57.508,95.85,4.15,16.52,0.404,
4363.0,72.717,ECLIPSE,0.0,-34.44,0.0,6.5,0,6.5,-6.5,57.5061,95.84,4.16,16.52,0.404,
4364.0,72.733,ECLIPSE,0.0,-34.45,0.0,6.5,0,6.5,-6.5,57.5042,95.84,4.16,16.52,0.404,
4365.0,72.75,ECLIPSE,0.0,-34.45,0.0,6.5,0,6.5,-6.5,57.5024,95.84,4.16,16.52,0.404,
4366.0,72.767,ECLIPSE,0.0,-34.45,0.0,6.5,0,6.5,-6.5,57.5005,95.83,4.17,16.52,0.404,
4367.0,72.783,ECLIPSE,0.0,-34.45,0.0,6.5,0,6.5,-6.5,57.4987,95.83,4.17,16.519,0.404,
4368.0,72.8,ECLIPSE,0.0,-34.46,0.0,6.5,0,6.5,-6.5,57.4968,95.83,4.17,16.519,0.404,
4369.0,72.817,ECLIPSE,0.0,-34.46,0.0,6.5,0,6.5,-6.5,57.4949,95.82,4.18,16.519,0.404,
4370.0,72.833,ECLIPSE,0.0,-34.46,0.0,6.5,0,6.5,-6.5,57.4931,95.82,4.18,16.519,0.404,
4371.0,72.85,ECLIPSE,0.0,-34.47,0.0,6.5,0,6.5,-6.5,57.4912,95.82,4.18,16.519,0.404,
4372.0,72.867,ECLIPSE,0.0,-34.47,0.0,6.5,0,6.5,-6.5,57.4894,95.82,4.18,16.519,0.404,
4373.0,72.883,ECLIPSE,0.0,-34.47,0.0,6.5,0,6.5,-6.5,57.4875,95.81,4.19,16.518,0.404,
4374.0,72.9,ECLIPSE,0.0,-34.48,0.0,6.5,0,6.5,-6.5,57.4856,95.81,4.19,16.518,0.404,
4375.0,72.917,ECLIPSE,0.0,-34.48,0.0,6.5,0,6.5,-6.5,57.4838,95.81,4.19,16.518,0.404,
4376.0,72.933,ECLIPSE,0.0,-34.48,0.0,6.5,0,6.5,-6.5,57.4819,95.8,4.2,16.518,0.404,
4377.0,72.95,ECLIPSE,0.0,-34.48,0.0,6.5,0,6.5,-6.5,57.48,95.8,4.2,16.518,0.404,
4378.0,72.967,ECLIPSE,0.0,-34.49,0.0,6.5,0,6.5,-6.5,57.4782,95.8,4.2,16.518,0.404,
4379.0,72.983,ECLIPSE,0.0,-34.49,0.0,6.5,0,6.5,-6.5,57.4763,95.79,4.21,16.517,0.405,
4380.0,73.0,ECLIPSE,0.0,-34.49,0.0,6.5,0,6.5,-6.5,57.4745,95.79,4.21,16.517,0.405,
4381.0,73.017,ECLIPSE,0.0,-34.5,0.0,6.5,0,6.5,-6.5,57.4726,95.79,4.21,16.517,0.405,
4382.0,73.033,ECLIPSE,0.0,-34.5,0.0,6.5,0,6.5,-6.5,57.4707,95.78,4.22,16.517,0.405,
4383.0,73.05,ECLIPSE,0.0,-34.5,0.0,6.5,0,6.5,-6.5,57.4689,95.78,4.22,16.517,0.405,
4384.0,73.067,ECLIPSE,0.0,-34.5,0.0,6.5,0,6.5,-6.5,57.467,95.78,4.22,16.516,0.405,
4385.0,73.083,ECLIPSE,0.0,-34.51,0.0,6.5,0,6.5,-6.5,57.4652,95.78,4.22,16.516,0.405,
4386.0,73.1,ECLIPSE,0.0,-34.51,0.0,6.5,0,6.5,-6.5,57.4633,95.77,4.23,16.516,0.405,
4387.0,73.117,ECLIPSE,0.0,-34.51,0.0,6.5,0,6.5,-6.5,57.4614,95.77,4.23,16.516,0.405,
4388.0,73.133,ECLIPSE,0.0,-34.51,0.0,6.5,0,6.5,-6.5,57.4596,95.77,4.23,16.516,0.405,
4389.0,73.15,ECLIPSE,0.0,-34.52,0.0,6.5,0,6.5,-6.5,57.4577,95.76,4.24,16.516,0.405,
4390.0,73.167,ECLIPSE,0.0,-34.52,0.0,6.5,0,6.5,-6.5,57.4558,95.76,4.24,16.515,0.405,
4391.0,73.183,ECLIPSE,0.0,-34.52,0.0,6.5,0,6.5,-6.5,57.454,95.76,4.24,16.515,0.405,
4392.0,73.2,ECLIPSE,0.0,-34.53,0.0,6.5,0,6.5,-6.5,57.4521,95.75,4.25,16.515,0.405,
4393.0,73.217,ECLIPSE,0.0,-34.53,0.0,6.5,0,6.5,-6.5,57.4503,95.75,4.25,16.515,0.405,
4394.0,73.233,ECLIPSE,0.0,-34.53,0.0,6.5,0,6.5,-6.5,57.4484,95.75,4.25,16.515,0.405,
4395.0,73.25,ECLIPSE,0.0,-34.53,0.0,6.5,0,6.5,-6.5,57.4465,95.74,4.26,16.515,0.405,
4396.0,73.267,ECLIPSE,0.0,-34.54,0.0,6.5,0,6.5,-6.5,57.4447,95.74,4.26,16.514,0.405,
4397.0,73.283,ECLIPSE,0.0,-34.54,0.0,6.5,0,6.5,-6.5,57.4428,95.74,4.26,16.514,0.405,
4398.0,73.3,ECLIPSE,0.0,-34.54,0.0,6.5,0,6.5,-6.5,57.441,95.73,4.27,16.514,0.405,
4399.0,73.317,ECLIPSE,0.0,-34.54,0.0,6.5,0,6.5,-6.5,57.4391,95.73,4.27,16.514,0.405,
4400.0,73.333,ECLIPSE,0.0,-34.55,0.0,6.5,0,6.5,-6.5,57.4372,95.73,4.27,16.514,0.405,
4401.0,73.35,ECLIPSE,0.0,-34.55,0.0,6.5,0,6.5,-6.5,57.4354,95.73,4.27,16.514,0.405,
4402.0,73.367,ECLIPSE,0.0,-34.55,0.0,6.5,0,6.5,-6.5,57.4335,95.72,4.28,16.513,0.405,
4403.0,73.383,ECLIPSE,0.0,-34.55,0.0,6.5,0,6.5,-6.5,57.4316,95.72,4.28,16.513,0.405,
4404.0,73.4,ECLIPSE,0.0,-34.56,0.0,6.5,0,6.5,-6.5,57.4298,95.72,4.28,16.513,0.405,
4405.0,73.417,ECLIPSE,0.0,-34.56,0.0,6.5,0,6.5,-6.5,57.4279,95.71,4.29,16.513,0.405,
4406.0,73.433,ECLIPSE,0.0,-34.56,0.0,6.5,0,6.5,-6.5,57.4261,95.71,4.29,16.513,0.405,
4407.0,73.45,ECLIPSE,0.0,-34.56,0.0,6.5,0,6.5,-6.5,57.4242,95.71,4.29,16.513,0.405,
4408.0,73.467,ECLIPSE,0.0,-34.57,0.0,6.5,0,6.5,-6.5,57.4223,95.7,4.3,16.512,0.405,
4409.0,73.483,ECLIPSE,0.0,-34.57,0.0,6.5,0,6.5,-6.5,57.4205,95.7,4.3,16.512,0.405,
4410.0,73.5,ECLIPSE,0.0,-34.57,0.0,6.5,0,6.5,-6.5,57.4186,95.7,4.3,16.512,0.405,
4411.0,73.517,ECLIPSE,0.0,-34.57,0.0,6.5,0,6.5,-6.5,57.4168,95.69,4.31,16.512,0.405,
4412.0,73.533,ECLIPSE,0.0,-34.58,0.0,6.5,0,6.5,-6.5,57.4149,95.69,4.31,16.512,0.405,
4413.0,73.55,ECLIPSE,0.0,-34.58,0.0,6.5,0,6.5,-6.5,57.413,95.69,4.31,16.511,0.405,
4414.0,73.567,ECLIPSE,0.0,-34.58,0.0,6.5,0,6.5,-6.5,57.4112,95.69,4.31,16.511,0.405,
4415.0,73.583,ECLIPSE,0.0,-34.58,0.0,6.5,0,6.5,-6.5,57.4093,95.68,4.32,16.511,0.405,
4416.0,73.6,ECLIPSE,0.0,-34.58,0.0,6.5,0,6.5,-6.5,57.4074,95.68,4.32,16.511,0.405,
4417.0,73.617,ECLIPSE,0.0,-34.59,0.0,6.5,0,6.5,-6.5,57.4056,95.68,4.32,16.511,0.405,
4418.0,73.633,ECLIPSE,0.0,-34.59,0.0,6.5,0,6.5,-6.5,57.4037,95.67,4.33,16.511,0.405,
4419.0,73.65,ECLIPSE,0.0,-34.59,0.0,6.5,0,6.5,-6.5,57.4019,95.67,4.33,16.51,0.405,
4420.0,73.667,ECLIPSE,0.0,-34.59,0.0,6.5,0,6.5,-6.5,57.4,95.67,4.33,16.51,0.405,
4421.0,73.683,ECLIPSE,0.0,-34.6,0.0,6.5,0,6.5,-6.5,57.3981,95.66,4.34,16.51,0.405,
4422.0,73.7,ECLIPSE,0.0,-34.6,0.0,6.5,0,6.5,-6.5,57.3963,95.66,4.34,16.51,0.405,
4423.0,73.717,ECLIPSE,0.0,-34.6,0.0,6.5,0,6.5,-6.5,57.3944,95.66,4.34,16.51,0.405,
4424.0,73.733,ECLIPSE,0.0,-34.6,0.0,6.5,0,6.5,-6.5,57.3926,95.65,4.35,16.51,0.405,
4425.0,73.75,ECLIPSE,0.0,-34.6,0.0,6.5,0,6.5,-6.5,57.3907,95.65,4.35,16.509,0.405,
4426.0,73.767,ECLIPSE,0.0,-34.61,0.0,6.5,0,6.5,-6.5,57.3888,95.65,4.35,16.509,0.405,
4427.0,73.783,ECLIPSE,0.0,-34.61,0.0,6.5,0,6.5,-6.5,57.387,95.64,4.36,16.509,0.405,
4428.0,73.8,ECLIPSE,0.0,-34.61,0.0,6.5,0,6.5,-6.5,57.3851,95.64,4.36,16.509,0.405,
4429.0,73.817,ECLIPSE,0.0,-34.61,0.0,6.5,0,6.5,-6.5,57.3833,95.64,4.36,16.509,0.405,
4430.0,73.833,ECLIPSE,0.0,-34.62,0.0,6.5,0,6.5,-6.5,57.3814,95.64,4.36,16.509,0.405,
4431.0,73.85,ECLIPSE,0.0,-34.62,0.0,6.5,0,6.5,-6.5,57.3795,95.63,4.37,16.508,0.405,
4432.0,73.867,ECLIPSE,0.0,-34.62,0.0,6.5,0,6.5,-6.5,57.3777,95.63,4.37,16.508,0.405,
4433.0,73.883,ECLIPSE,0.0,-34.62,0.0,6.5,0,6.5,-6.5,57.3758,95.63,4.37,16.508,0.405,
4434.0,73.9,ECLIPSE,0.0,-34.62,0.0,6.5,0,6.5,-6.5,57.3739,95.62,4.38,16.508,0.405,
4435.0,73.917,ECLIPSE,0.0,-34.63,0.0,6.5,0,6.5,-6.5,57.3721,95.62,4.38,16.508,0.405,
4436.0,73.933,ECLIPSE,0.0,-34.63,0.0,6.5,0,6.5,-6.5,57.3702,95.62,4.38,16.508,0.405,
4437.0,73.95,ECLIPSE,0.0,-34.63,0.0,6.5,0,6.5,-6.5,57.3684,95.61,4.39,16.507,0.405,
4438.0,73.967,ECLIPSE,0.0,-34.63,0.0,6.5,0,6.5,-6.5,57.3665,95.61,4.39,16.507,0.405,
4439.0,73.983,ECLIPSE,0.0,-34.63,0.0,6.5,0,6.5,-6.5,57.3646,95.61,4.39,16.507,0.405,
4440.0,74.0,ECLIPSE,0.0,-34.64,0.0,6.5,0,6.5,-6.5,57.3628,95.6,4.4,16.507,0.405,
4441.0,74.017,ECLIPSE,0.0,-34.64,0.0,6.5,0,6.5,-6.5,57.3609,95.6,4.4,16.507,0.405,
4442.0,74.033,ECLIPSE,0.0,-34.64,0.0,6.5,0,6.5,-6.5,57.3591,95.6,4.4,16.506,0.405,
4443.0,74.05,ECLIPSE,0.0,-34.64,0.0,6.5,0,6.5,-6.5,57.3572,95.6,4.4,16.506,0.405,
4444.0,74.067,ECLIPSE,0.0,-34.64,0.0,6.5,0,6.5,-6.5,57.3553,95.59,4.41,16.506,0.405,
4445.0,74.083,ECLIPSE,0.0,-34.65,0.0,6.5,0,6.5,-6.5,57.3535,95.59,4.41,16.506,0.405,
4446.0,74.1,ECLIPSE,0.0,-34.65,0.0,6.5,0,6.5,-6.5,57.3516,95.59,4.41,16.506,0.405,
4447.0,74.117,ECLIPSE,0.0,-34.65,0.0,6.5,0,6.5,-6.5,57.3497,95.58,4.42,16.506,0.405,
4448.0,74.133,ECLIPSE,0.0,-34.65,0.0,6.5,0,6.5,-6.5,57.3479,95.58,4.42,16.505,0.405,
4449.0,74.15,ECLIPSE,0.0,-34.65,0.0,6.5,0,6.5,-6.5,57.346,95.58,4.42,16.505,0.405,
4450.0,74.167,ECLIPSE,0.0,-34.66,0.0,6.5,0,6.5,-6.5,57.3442,95.57,4.43,16.505,0.405,
4451.0,74.183,ECLIPSE,0.0,-34.66,0.0,6.5,0,6.5,-6.5,57.3423,95.57,4.43,16.505,0.405,
4452.0,74.2,ECLIPSE,0.0,-34.66,0.0,6.5,0,6.5,-6.5,57.3404,95.57,4.43,16.505,0.405,
4453.0,74.217,ECLIPSE,0.0,-34.66,0.0,6.5,0,6.5,-6.5,57.3386,95.56,4.44,16.505,0.405,
4454.0,74.233,ECLIPSE,0.0,-34.66,0.0,6.5,0,6.5,-6.5,57.3367,95.56,4.44,16.504,0.405,
4455.0,74.25,ECLIPSE,0.0,-34.67,0.0,6.5,0,6.5,-6.5,57.3349,95.56,4.44,16.504,0.405,
4456.0,74.267,ECLIPSE,0.0,-34.67,0.0,6.5,0,6.5,-6.5,57.333,95.55,4.45,16.504,0.405,
4457.0,74.283,ECLIPSE,0.0,-34.67,0.0,6.5,0,6.5,-6.5,57.3311,95.55,4.45,16.504,0.405,
4458.0,74.3,ECLIPSE,0.0,-34.67,0.0,6.5,0,6.5,-6.5,57.3293,95.55,4.45,16.504,0.405,
4459.0,74.317,ECLIPSE,0.0,-34.67,0.0,6.5,0,6.5,-6.5,57.3274,95.55,4.45,16.504,0.405,
4460.0,74.333,ECLIPSE,0.0,-34.67,0.0,6.5,0,6.5,-6.5,57.3255,95.54,4.46,16.503,0.405,
4461.0,74.35,ECLIPSE,0.0,-34.68,0.0,6.5,0,6.5,-6.5,57.3237,95.54,4.46,16.503,0.405,
4462.0,74.367,ECLIPSE,0.0,-34.68,0.0,6.5,0,6.5,-6.5,57.3218,95.54,4.46,16.503,0.405,
4463.0,74.383,ECLIPSE,0.0,-34.68,0.0,6.5,0,6.5,-6.5,57.32,95.53,4.47,16.503,0.405,
4464.0,74.4,ECLIPSE,0.0,-34.68,0.0,6.5,0,6.5,-6.5,57.3181,95.53,4.47,16.503,0.405,
4465.0,74.417,ECLIPSE,0.0,-34.68,0.0,6.5,0,6.5,-6.5,57.3162,95.53,4.47,16.503,0.405,
4466.0,74.433,ECLIPSE,0.0,-34.69,0.0,6.5,0,6.5,-6.5,57.3144,95.52,4.48,16.502,0.405,
4467.0,74.45,ECLIPSE,0.0,-34.69,0.0,6.5,0,6.5,-6.5,57.3125,95.52,4.48,16.502,0.405,
4468.0,74.467,ECLIPSE,0.0,-34.69,0.0,6.5,0,6.5,-6.5,57.3107,95.52,4.48,16.502,0.405,
4469.0,74.483,ECLIPSE,0.0,-34.69,0.0,6.5,0,6.5,-6.5,57.3088,95.51,4.49,16.502,0.405,
4470.0,74.5,ECLIPSE,0.0,-34.69,0.0,6.5,0,6.5,-6.5,57.3069,95.51,4.49,16.502,0.405,
4471.0,74.517,ECLIPSE,0.0,-34.69,0.0,6.5,0,6.5,-6.5,57.3051,95.51,4.49,16.502,0.405,
4472.0,74.533,ECLIPSE,0.0,-34.7,0.0,6.5,0,6.5,-6.5,57.3032,95.51,4.49,16.501,0.405,
4473.0,74.55,ECLIPSE,0.0,-34.7,0.0,6.5,0,6.5,-6.5,57.3014,95.5,4.5,16.501,0.405,
4474.0,74.567,ECLIPSE,0.0,-34.7,0.0,6.5,0,6.5,-6.5,57.2995,95.5,4.5,16.501,0.405,
4475.0,74.583,ECLIPSE,0.0,-34.7,0.0,6.5,0,6.5,-6.5,57.2976,95.5,4.5,16.501,0.405,
4476.0,74.6,ECLIPSE,0.0,-34.7,0.0,6.5,0,6.5,-6.5,57.2958,95.49,4.51,16.501,0.405,
4477.0,74.617,ECLIPSE,0.0,-34.7,0.0,6.5,0,6.5,-6.5,57.2939,95.49,4.51,16.5,0.405,
4478.0,74.633,ECLIPSE,0.0,-34.71,0.0,6.5,0,6.5,-6.5,57.292,95.49,4.51,16.5,0.405,
4479.0,74.65,ECLIPSE,0.0,-34.71,0.0,6.5,0,6.5,-6.5,57.2902,95.48,4.52,16.5,0.405,
4480.0,74.667,ECLIPSE,0.0,-34.71,0.0,6.5,0,6.5,-6.5,57.2883,95.48,4.52,16.5,0.405,
4481.0,74.683,ECLIPSE,0.0,-34.71,0.0,6.5,0,6.5,-6.5,57.2865,95.48,4.52,16.5,0.405,
4482.0,74.7,ECLIPSE,0.0,-34.71,0.0,6.5,0,6.5,-6.5,57.2846,95.47,4.53,16.5,0.405,
4483.0,74.717,ECLIPSE,0.0,-34.71,0.0,6.5,0,6.5,-6.5,57.2827,95.47,4.53,16.499,0.405,
4484.0,74.733,ECLIPSE,0.0,-34.72,0.0,6.5,0,6.5,-6.5,57.2809,95.47,4.53,16.499,0.405,
4485.0,74.75,ECLIPSE,0.0,-34.72,0.0,6.5,0,6.5,-6.5,57.279,95.47,4.53,16.499,0.405,
4486.0,74.767,ECLIPSE,0.0,-34.72,0.0,6.5,0,6.5,-6.5,57.2772,95.46,4.54,16.499,0.405,
4487.0,74.783,ECLIPSE,0.0,-34.72,0.0,6.5,0,6.5,-6.5,57.2753,95.46,4.54,16.499,0.405,
4488.0,74.8,ECLIPSE,0.0,-34.72,0.0,6.5,0,6.5,-6.5,57.2734,95.46,4.54,16.499,0.405,
4489.0,74.817,ECLIPSE,0.0,-34.72,0.0,6.5,0,6.5,-6.5,57.2716,95.45,4.55,16.498,0.405,
4490.0,74.833,ECLIPSE,0.0,-34.72,0.0,6.5,0,6.5,-6.5,57.2697,95.45,4.55,16.498,0.405,
4491.0,74.85,ECLIPSE,0.0,-34.73,0.0,6.5,0,6.5,-6.5,57.2678,95.45,4.55,16.498,0.405,
4492.0,74.867,ECLIPSE,0.0,-34.73,0.0,6.5,0,6.5,-6.5,57.266,95.44,4.56,16.498,0.405,
4493.0,74.883,ECLIPSE,0.0,-34.73,0.0,6.5,0,6.5,-6.5,57.2641,95.44,4.56,16.498,0.405,
4494.0,74.9,ECLIPSE,0.0,-34.73,0.0,6.5,0,6.5,-6.5,57.2623,95.44,4.56,16.498,0.405,
4495.0,74.917,ECLIPSE,0.0,-34.73,0.0,6.5,0,6.5,-6.5,57.2604,95.43,4.57,16.497,0.405,
4496.0,74.933,ECLIPSE,0.0,-34.73,0.0,6.5,0,6.5,-6.5,57.2585,95.43,4.57,16.497,0.405,
4497.0,74.95,ECLIPSE,0.0,-34.73,0.0,6.5,0,6.5,-6.5,57.2567,95.43,4.57,16.497,0.405,
4498.0,74.967,ECLIPSE,0.0,-34.74,0.0,6.5,0,6.5,-6.5,57.2548,95.42,4.58,16.497,0.405,
4499.0,74.983,ECLIPSE,0.0,-34.74,0.0,6.5,0,6.5,-6.5,57.253,95.42,4.58,16.497,0.405,
4500.0,75.0,ECLIPSE,0.0,-34.74,0.0,6.5,0,6.5,-6.5,57.2511,95.42,4.58,16.497,0.405,
4501.0,75.017,ECLIPSE,0.0,-34.74,0.0,6.5,0,6.5,-6.5,57.2492,95.42,4.58,16.496,0.405,
4502.0,75.033,ECLIPSE,0.0,-34.74,0.0,6.5,0,6.5,-6.5,57.2474,95.41,4.59,16.496,0.405,
4503.0,75.05,ECLIPSE,0.0,-34.74,0.0,6.5,0,6.5,-6.5,57.2455,95.41,4.59,16.496,0.405,
4504.0,75.067,ECLIPSE,0.0,-34.75,0.0,6.5,0,6.5,-6.5,57.2436,95.41,4.59,16.496,0.405,
4505.0,75.083,ECLIPSE,0.0,-34.75,0.0,6.5,0,6.5,-6.5,57.2418,95.4,4.6,16.496,0.405,
4506.0,75.1,ECLIPSE,0.0,-34.75,0.0,6.5,0,6.5,-6.5,57.2399,95.4,4.6,16.495,0.405,
4507.0,75.117,ECLIPSE,0.0,-34.75,0.0,6.5,0,6.5,-6.5,57.2381,95.4,4.6,16.495,0.405,
4508.0,75.133,ECLIPSE,0.0,-34.75,0.0,6.5,0,6.5,-6.5,57.2362,95.39,4.61,16.495,0.405,
4509.0,75.15,ECLIPSE,0.0,-34.75,0.0,6.5,0,6.5,-6.5,57.2343,95.39,4.61,16.495,0.405,
4510.0,75.167,ECLIPSE,0.0,-34.75,0.0,6.5,0,6.5,-6.5,57.2325,95.39,4.61,16.495,0.405,
4511.0,75.183,ECLIPSE,0.0,-34.75,0.0,6.5,0,6.5,-6.5,57.2306,95.38,4.62,16.495,0.405,
4512.0,75.2,ECLIPSE,0.0,-34.76,0.0,6.5,0,6.5,-6.5,57.2288,95.38,4.62,16.494,0.405,
4513.0,75.217,ECLIPSE,0.0,-34.76,0.0,6.5,0,6.5,-6.5,57.2269,95.38,4.62,16.494,0.405,
4514.0,75.233,ECLIPSE,0.0,-34.76,0.0,6.5,0,6.5,-6.5,57.225,95.38,4.62,16.494,0.405,
4515.0,75.25,ECLIPSE,0.0,-34.76,0.0,6.5,0,6.5,-6.5,57.2232,95.37,4.63,16.494,0.405,
4516.0,75.267,ECLIPSE,0.0,-34.76,0.0,6.5,0,6.5,-6.5,57.2213,95.37,4.63,16.494,0.405,
4517.0,75.283,ECLIPSE,0.0,-34.76,0.0,6.5,0,6.5,-6.5,57.2194,95.37,4.63,16.494,0.405,
4518.0,75.3,ECLIPSE,0.0,-34.76,0.0,6.5,0,6.5,-6.5,57.2176,95.36,4.64,16.493,0.405,
4519.0,75.317,ECLIPSE,0.0,-34.77,0.0,6.5,0,6.5,-6.5,57.2157,95.36,4.64,16.493,0.405,
4520.0,75.333,ECLIPSE,0.0,-34.77,0.0,6.5,0,6.5,-6.5,57.2139,95.36,4.64,16.493,0.405,
4521.0,75.35,ECLIPSE,0.0,-34.77,0.0,6.5,0,6.5,-6.5,57.212,95.35,4.65,16.493,0.405,
4522.0,75.367,ECLIPSE,0.0,-34.77,0.0,6.5,0,6.5,-6.5,57.2101,95.35,4.65,16.493,0.405,
4523.0,75.383,ECLIPSE,0.0,-34.77,0.0,6.5,0,6.5,-6.5,57.2083,95.35,4.65,16.493,0.405,
4524.0,75.4,ECLIPSE,0.0,-34.77,0.0,6.5,0,6.5,-6.5,57.2064,95.34,4.66,16.492,0.405,
4525.0,75.417,ECLIPSE,0.0,-34.77,0.0,6.5,0,6.5,-6.5,57.2046,95.34,4.66,16.492,0.405,
4526.0,75.433,ECLIPSE,0.0,-34.77,0.0,6.5,0,6.5,-6.5,57.2027,95.34,4.66,16.492,0.405,
4527.0,75.45,ECLIPSE,0.0,-34.78,0.0,6.5,0,6.5,-6.5,57.2008,95.33,4.67,16.492,0.405,
4528.0,75.467,ECLIPSE,0.0,-34.78,0.0,6.5,0,6.5,-6.5,57.199,95.33,4.67,16.492,0.405,
4529.0,75.483,ECLIPSE,0.0,-34.78,0.0,6.5,0,6.5,-6.5,57.1971,95.33,4.67,16.492,0.405,
4530.0,75.5,ECLIPSE,0.0,-34.78,0.0,6.5,0,6.5,-6.5,57.1953,95.33,4.67,16.491,0.405,
4531.0,75.517,ECLIPSE,0.0,-34.78,0.0,6.5,0,6.5,-6.5,57.1934,95.32,4.68,16.491,0.405,
4532.0,75.533,ECLIPSE,0.0,-34.78,0.0,6.5,0,6.5,-6.5,57.1915,95.32,4.68,16.491,0.405,
4533.0,75.55,ECLIPSE,0.0,-34.78,0.0,6.5,0,6.5,-6.5,57.1897,95.32,4.68,16.491,0.405,
4534.0,75.567,ECLIPSE,0.0,-34.78,0.0,6.5,0,6.5,-6.5,57.1878,95.31,4.69,16.491,0.405,
4535.0,75.583,ECLIPSE,0.0,-34.79,0.0,6.5,0,6.5,-6.5,57.1859,95.31,4.69,16.49,0.405,
4536.0,75.6,ECLIPSE,0.0,-34.79,0.0,6.5,0,6.5,-6.5,57.1841,95.31,4.69,16.49,0.405,
4537.0,75.617,ECLIPSE,0.0,-34.79,0.0,6.5,0,6.5,-6.5,57.1822,95.3,4.7,16.49,0.405,
4538.0,75.633,ECLIPSE,0.0,-34.79,0.0,6.5,0,6.5,-6.5,57.1804,95.3,4.7,16.49,0.405,
4539.0,75.65,ECLIPSE,0.0,-34.79,0.0,6.5,0,6.5,-6.5,57.1785,95.3,4.7,16.49,0.405,
4540.0,75.667,ECLIPSE,0.0,-34.79,0.0,6.5,0,6.5,-6.5,57.1766,95.29,4.71,16.49,0.405,
4541.0,75.683,ECLIPSE,0.0,-34.79,0.0,6.5,0,6.5,-6.5,57.1748,95.29,4.71,16.489,0.405,
4542.0,75.7,ECLIPSE,0.0,-34.79,0.0,6.5,0,6.5,-6.5,57.1729,95.29,4.71,16.489,0.405,
4543.0,75.717,ECLIPSE,0.0,-34.79,0.0,6.5,0,6.5,-6.5,57.1711,95.29,4.71,16.489,0.405,
4544.0,75.733,ECLIPSE,0.0,-34.8,0.0,6.5,0,6.5,-6.5,57.1692,95.28,4.72,16.489,0.405,
4545.0,75.75,ECLIPSE,0.0,-34.8,0.0,6.5,0,6.5,-6.5,57.1673,95.28,4.72,16.489,0.405,
4546.0,75.767,ECLIPSE,0.0,-34.8,0.0,6.5,0,6.5,-6.5,57.1655,95.28,4.72,16.489,0.405,
4547.0,75.783,ECLIPSE,0.0,-34.8,0.0,6.5,0,6.5,-6.5,57.1636,95.27,4.73,16.488,0.405,
4548.0,75.8,ECLIPSE,0.0,-34.8,0.0,6.5,0,6.5,-6.5,57.1617,95.27,4.73,16.488,0.405,
4549.0,75.817,ECLIPSE,0.0,-34.8,0.0,6.5,0,6.5,-6.5,57.1599,95.27,4.73,16.488,0.405,
4550.0,75.833,ECLIPSE,0.0,-34.8,0.0,6.5,0,6.5,-6.5,57.158,95.26,4.74,16.488,0.405,
4551.0,75.85,ECLIPSE,0.0,-34.8,0.0,6.5,0,6.5,-6.5,57.1562,95.26,4.74,16.488,0.405,
4552.0,75.867,ECLIPSE,0.0,-34.8,0.0,6.5,0,6.5,-6.5,57.1543,95.26,4.74,16.488,0.405,
4553.0,75.883,ECLIPSE,0.0,-34.81,0.0,6.5,0,6.5,-6.5,57.1524,95.25,4.75,16.487,0.405,
4554.0,75.9,ECLIPSE,0.0,-34.81,0.0,6.5,0,6.5,-6.5,57.1506,95.25,4.75,16.487,0.405,
4555.0,75.917,ECLIPSE,0.0,-34.81,0.0,6.5,0,6.5,-6.5,57.1487,95.25,4.75,16.487,0.405,
4556.0,75.933,ECLIPSE,0.0,-34.81,0.0,6.5,0,6.5,-6.5,57.1469,95.24,4.76,16.487,0.405,
4557.0,75.95,ECLIPSE,0.0,-34.81,0.0,6.5,0,6.5,-6.5,57.145,95.24,4.76,16.487,0.405,
4558.0,75.967,ECLIPSE,0.0,-34.81,0.0,6.5,0,6.5,-6.5,57.1431,95.24,4.76,16.487,0.405,
4559.0,75.983,ECLIPSE,0.0,-34.81,0.0,6.5,0,6.5,-6.5,57.1413,95.24,4.76,16.486,0.405,
4560.0,76.0,ECLIPSE,0.0,-34.81,0.0,6.5,0,6.5,-6.5,57.1394,95.23,4.77,16.486,0.405,
4561.0,76.017,ECLIPSE,0.0,-34.81,0.0,6.5,0,6.5,-6.5,57.1375,95.23,4.77,16.486,0.405,
4562.0,76.033,ECLIPSE,0.0,-34.82,0.0,6.5,0,6.5,-6.5,57.1357,95.23,4.77,16.486,0.405,
4563.0,76.05,ECLIPSE,0.0,-34.82,0.0,6.5,0,6.5,-6.5,57.1338,95.22,4.78,16.486,0.405,
4564.0,76.067,ECLIPSE,0.0,-34.82,0.0,6.5,0,6.5,-6.5,57.132,95.22,4.78,16.486,0.405,
4565.0,76.083,ECLIPSE,0.0,-34.82,0.0,6.5,0,6.5,-6.5,57.1301,95.22,4.78,16.485,0.405,
4566.0,76.1,ECLIPSE,0.0,-34.82,0.0,6.5,0,6.5,-6.5,57.1282,95.21,4.79,16.485,0.405,
4567.0,76.117,ECLIPSE,0.0,-34.82,0.0,6.5,0,6.5,-6.5,57.1264,95.21,4.79,16.485,0.405,
4568.0,76.133,ECLIPSE,0.0,-34.82,0.0,6.5,0,6.5,-6.5,57.1245,95.21,4.79,16.485,0.405,
4569.0,76.15,ECLIPSE,0.0,-34.82,0.0,6.5,0,6.5,-6.5,57.1227,95.2,4.8,16.485,0.405,
4570.0,76.167,ECLIPSE,0.0,-34.82,0.0,6.5,0,6.5,-6.5,57.1208,95.2,4.8,16.484,0.405,
4571.0,76.183,ECLIPSE,0.0,-34.82,0.0,6.5,0,6.5,-6.5,57.1189,95.2,4.8,16.484,0.405,
4572.0,76.2,ECLIPSE,0.0,-34.83,0.0,6.5,0,6.5,-6.5,57.1171,95.2,4.8,16.484,0.405,
4573.0,76.217,ECLIPSE,0.0,-34.83,0.0,6.5,0,6.5,-6.5,57.1152,95.19,4.81,16.484,0.405,
4574.0,76.233,ECLIPSE,0.0,-34.83,0.0,6.5,0,6.5,-6.5,57.1133,95.19,4.81,16.484,0.405,
4575.0,76.25,ECLIPSE,0.0,-34.83,0.0,6.5,0,6.5,-6.5,57.1115,95.19,4.81,16.484,0.405,
4576.0,76.267,ECLIPSE,0.0,-34.83,0.0,6.5,0,6.5,-6.5,57.1096,95.18,4.82,16.483,0.405,
4577.0,76.283,ECLIPSE,0.0,-34.83,0.0,6.5,0,6.5,-6.5,57.1078,95.18,4.82,16.483,0.405,
4578.0,76.3,ECLIPSE,0.0,-34.83,0.0,6.5,0,6.5,-6.5,57.1059,95.18,4.82,16.483,0.405,
4579.0,76.317,ECLIPSE,0.0,-34.83,0.0,6.5,0,6.5,-6.5,57.104,95.17,4.83,16.483,0.405,
4580.0,76.333,ECLIPSE,0.0,-34.83,0.0,6.5,0,6.5,-6.5,57.1022,95.17,4.83,16.483,0.405,
4581.0,76.35,ECLIPSE,0.0,-34.83,0.0,6.5,0,6.5,-6.5,57.1003,95.17,4.83,16.483,0.405,
4582.0,76.367,ECLIPSE,0.0,-34.83,0.0,6.5,0,6.5,-6.5,57.0985,95.16,4.84,16.482,0.405,
4583.0,76.383,ECLIPSE,0.0,-34.84,0.0,6.5,0,6.5,-6.5,57.0966,95.16,4.84,16.482,0.405,
4584.0,76.4,ECLIPSE,0.0,-34.84,0.0,6.5,0,6.5,-6.5,57.0947,95.16,4.84,16.482,0.405,
4585.0,76.417,ECLIPSE,0.0,-34.84,0.0,6.5,0,6.5,-6.5,57.0929,95.15,4.85,16.482,0.405,
4586.0,76.433,ECLIPSE,0.0,-34.84,0.0,6.5,0,6.5,-6.5,57.091,95.15,4.85,16.482,0.405,
4587.0,76.45,ECLIPSE,0.0,-34.84,0.0,6.5,0,6.5,-6.5,57.0892,95.15,4.85,16.482,0.405,
4588.0,76.467,ECLIPSE,0.0,-34.84,0.0,6.5,0,6.5,-6.5,57.0873,95.15,4.85,16.481,0.405,
4589.0,76.483,ECLIPSE,0.0,-34.84,0.0,6.5,0,6.5,-6.5,57.0854,95.14,4.86,16.481,0.405,
4590.0,76.5,ECLIPSE,0.0,-34.84,0.0,6.5,0,6.5,-6.5,57.0836,95.14,4.86,16.481,0.405,
4591.0,76.517,ECLIPSE,0.0,-34.84,0.0,6.5,0,6.5,-6.5,57.0817,95.14,4.86,16.481,0.405,
4592.0,76.533,ECLIPSE,0.0,-34.84,0.0,6.5,0,6.5,-6.5,57.0798,95.13,4.87,16.481,0.405,
4593.0,76.55,ECLIPSE,0.0,-34.84,0.0,6.5,0,6.5,-6.5,57.078,95.13,4.87,16.481,0.405,
4594.0,76.567,ECLIPSE,0.0,-34.85,0.0,6.5,0,6.5,-6.5,57.0761,95.13,4.87,16.48,0.405,
4595.0,76.583,ECLIPSE,0.0,-34.85,0.0,6.5,0,6.5,-6.5,57.0743,95.12,4.88,16.48,0.405,
4596.0,76.6,ECLIPSE,0.0,-34.85,0.0,6.5,0,6.5,-6.5,57.0724,95.12,4.88,16.48,0.405,
4597.0,76.617,ECLIPSE,0.0,-34.85,0.0,6.5,0,6.5,-6.5,57.0705,95.12,4.88,16.48,0.405,
4598.0,76.633,ECLIPSE,0.0,-34.85,0.0,6.5,0,6.5,-6.5,57.0687,95.11,4.89,16.48,0.405,
4599.0,76.65,ECLIPSE,0.0,-34.85,0.0,6.5,0,6.5,-6.5,57.0668,95.11,4.89,16.479,0.405,
4600.0,76.667,ECLIPSE,0.0,-34.85,0.0,6.5,0,6.5,-6.5,57.065,95.11,4.89,16.479,0.405,
4601.0,76.683,ECLIPSE,0.0,-34.85,0.0,6.5,0,6.5,-6.5,57.0631,95.11,4.89,16.479,0.405,
4602.0,76.7,ECLIPSE,0.0,-34.85,0.0,6.5,0,6.5,-6.5,57.0612,95.1,4.9,16.479,0.405,
4603.0,76.717,ECLIPSE,0.0,-34.85,0.0,6.5,0,6.5,-6.5,57.0594,95.1,4.9,16.479,0.405,
4604.0,76.733,ECLIPSE,0.0,-34.85,0.0,6.5,0,6.5,-6.5,57.0575,95.1,4.9,16.479,0.405,
4605.0,76.75,ECLIPSE,0.0,-34.85,0.0,6.5,0,6.5,-6.5,57.0556,95.09,4.91,16.478,0.405,
4606.0,76.767,ECLIPSE,0.0,-34.86,0.0,6.5,0,6.5,-6.5,57.0538,95.09,4.91,16.478,0.405,
4607.0,76.783,ECLIPSE,0.0,-34.86,0.0,6.5,0,6.5,-6.5,57.0519,95.09,4.91,16.478,0.405,
4608.0,76.8,ECLIPSE,0.0,-34.86,0.0,6.5,0,6.5,-6.5,57.0501,95.08,4.92,16.478,0.405,
4609.0,76.817,ECLIPSE,0.0,-34.86,0.0,6.5,0,6.5,-6.5,57.0482,95.08,4.92,16.478,0.405,
4610.0,76.833,ECLIPSE,0.0,-34.86,0.0,6.5,0,6.5,-6.5,57.0463,95.08,4.92,16.478,0.405,
4611.0,76.85,ECLIPSE,0.0,-34.86,0.0,6.5,0,6.5,-6.5,57.0445,95.07,4.93,16.477,0.405,
4612.0,76.867,ECLIPSE,0.0,-34.86,0.0,6.5,0,6.5,-6.5,57.0426,95.07,4.93,16.477,0.405,
4613.0,76.883,ECLIPSE,0.0,-34.86,0.0,6.5,0,6.5,-6.5,57.0408,95.07,4.93,16.477,0.405,
4614.0,76.9,ECLIPSE,0.0,-34.86,0.0,6.5,0,6.5,-6.5,57.0389,95.06,4.94,16.477,0.405,
4615.0,76.917,ECLIPSE,0.0,-34.86,0.0,6.5,0,6.5,-6.5,57.037,95.06,4.94,16.477,0.405,
4616.0,76.933,ECLIPSE,0.0,-34.86,0.0,6.5,0,6.5,-6.5,57.0352,95.06,4.94,16.477,0.405,
4617.0,76.95,ECLIPSE,0.0,-34.86,0.0,6.5,0,6.5,-6.5,57.0333,95.06,4.94,16.476,0.406,
4618.0,76.967,ECLIPSE,0.0,-34.86,0.0,6.5,0,6.5,-6.5,57.0314,95.05,4.95,16.476,0.406,
4619.0,76.983,ECLIPSE,0.0,-34.87,0.0,6.5,0,6.5,-6.5,57.0296,95.05,4.95,16.476,0.406,
4620.0,77.0,ECLIPSE,0.0,-34.87,0.0,6.5,0,6.5,-6.5,57.0277,95.05,4.95,16.476,0.406,
4621.0,77.017,ECLIPSE,0.0,-34.87,0.0,6.5,0,6.5,-6.5,57.0259,95.04,4.96,16.476,0.406,
4622.0,77.033,ECLIPSE,0.0,-34.87,0.0,6.5,0,6.5,-6.5,57.024,95.04,4.96,16.476,0.406,
4623.0,77.05,ECLIPSE,0.0,-34.87,0.0,6.5,0,6.5,-6.5,57.0221,95.04,4.96,16.475,0.406,
4624.0,77.067,ECLIPSE,0.0,-34.87,0.0,6.5,0,6.5,-6.5,57.0203,95.03,4.97,16.475,0.406,
4625.0,77.083,ECLIPSE,0.0,-34.87,0.0,6.5,0,6.5,-6.5,57.0184,95.03,4.97,16.475,0.406,
4626.0,77.1,ECLIPSE,0.0,-34.87,0.0,6.5,0,6.5,-6.5,57.0166,95.03,4.97,16.475,0.406,
4627.0,77.117,ECLIPSE,0.0,-34.87,0.0,6.5,0,6.5,-6.5,57.0147,95.02,4.98,16.475,0.406,
4628.0,77.133,ECLIPSE,0.0,-34.87,0.0,6.5,0,6.5,-6.5,57.0128,95.02,4.98,16.475,0.406,
4629.0,77.15,ECLIPSE,0.0,-34.87,0.0,6.5,0,6.5,-6.5,57.011,95.02,4.98,16.474,0.406,
4630.0,77.167,ECLIPSE,0.0,-34.87,0.0,6.5,0,6.5,-6.5,57.0091,95.02,4.98,16.474,0.406,
4631.0,77.183,ECLIPSE,0.0,-34.87,0.0,6.5,0,6.5,-6.5,57.0072,95.01,4.99,16.474,0.406,
4632.0,77.2,ECLIPSE,0.0,-34.87,0.0,6.5,0,6.5,-6.5,57.0054,95.01,4.99,16.474,0.406,
4633.0,77.217,ECLIPSE,0.0,-34.88,0.0,6.5,0,6.5,-6.5,57.0035,95.01,4.99,16.474,0.406,
4634.0,77.233,ECLIPSE,0.0,-34.88,0.0,6.5,0,6.5,-6.5,57.0017,95.0,5.0,16.473,0.406,
4635.0,77.25,ECLIPSE,0.0,-34.88,0.0,6.5,0,6.5,-6.5,56.9998,95.0,5.0,16.473,0.406,
4636.0,77.267,ECLIPSE,0.0,-34.88,0.0,6.5,0,6.5,-6.5,56.9979,95.0,5.0,16.473,0.406,
4637.0,77.283,ECLIPSE,0.0,-34.88,0.0,6.5,0,6.5,-6.5,56.9961,94.99,5.01,16.473,0.406,
4638.0,77.3,ECLIPSE,0.0,-34.88,0.0,6.5,0,6.5,-6.5,56.9942,94.99,5.01,16.473,0.406,
4639.0,77.317,ECLIPSE,0.0,-34.88,0.0,6.5,0,6.5,-6.5,56.9924,94.99,5.01,16.473,0.406,
4640.0,77.333,ECLIPSE,0.0,-34.88,0.0,6.5,0,6.5,-6.5,56.9905,94.98,5.02,16.472,0.406,
4641.0,77.35,ECLIPSE,0.0,-34.88,0.0,6.5,0,6.5,-6.5,56.9886,94.98,5.02,16.472,0.406,
4642.0,77.367,ECLIPSE,0.0,-34.88,0.0,6.5,0,6.5,-6.5,56.9868,94.98,5.02,16.472,0.406,
4643.0,77.383,ECLIPSE,0.0,-34.88,0.0,6.5,0,6.5,-6.5,56.9849,94.97,5.03,16.472,0.406,
4644.0,77.4,ECLIPSE,0.0,-34.88,0.0,6.5,0,6.5,-6.5,56.9831,94.97,5.03,16.472,0.406,
4645.0,77.417,ECLIPSE,0.0,-34.88,0.0,6.5,0,6.5,-6.5,56.9812,94.97,5.03,16.472,0.406,
4646.0,77.433,ECLIPSE,0.0,-34.88,0.0,6.5,0,6.5,-6.5,56.9793,94.97,5.03,16.471,0.406,
4647.0,77.45,ECLIPSE,0.0,-34.88,0.0,6.5,0,6.5,-6.5,56.9775,94.96,5.04,16.471,0.406,
4648.0,77.467,ECLIPSE,0.0,-34.89,0.0,6.5,0,6.5,-6.5,56.9756,94.96,5.04,16.471,0.406,
4649.0,77.483,ECLIPSE,0.0,-34.89,0.0,6.5,0,6.5,-6.5,56.9737,94.96,5.04,16.471,0.406,
4650.0,77.5,ECLIPSE,0.0,-34.89,0.0,6.5,0,6.5,-6.5,56.9719,94.95,5.05,16.471,0.406,
4651.0,77.517,ECLIPSE,0.0,-34.89,0.0,6.5,0,6.5,-6.5,56.97,94.95,5.05,16.471,0.406,
4652.0,77.533,ECLIPSE,0.0,-34.89,0.0,6.5,0,6.5,-6.5,56.9682,94.95,5.05,16.47,0.406,
4653.0,77.55,ECLIPSE,0.0,-34.89,0.0,6.5,0,6.5,-6.5,56.9663,94.94,5.06,16.47,0.406,
4654.0,77.567,ECLIPSE,0.0,-34.89,0.0,6.5,0,6.5,-6.5,56.9644,94.94,5.06,16.47,0.406,
4655.0,77.583,ECLIPSE,0.0,-34.89,0.0,6.5,0,6.5,-6.5,56.9626,94.94,5.06,16.47,0.406,
4656.0,77.6,ECLIPSE,0.0,-34.89,0.0,6.5,0,6.5,-6.5,56.9607,94.93,5.07,16.47,0.406,
4657.0,77.617,ECLIPSE,0.0,-34.89,0.0,6.5,0,6.5,-6.5,56.9589,94.93,5.07,16.47,0.406,
4658.0,77.633,ECLIPSE,0.0,-34.89,0.0,6.5,0,6.5,-6.5,56.957,94.93,5.07,16.469,0.406,
4659.0,77.65,ECLIPSE,0.0,-34.89,0.0,6.5,0,6.5,-6.5,56.9551,94.93,5.07,16.469,0.406,
4660.0,77.667,ECLIPSE,0.0,-34.89,0.0,6.5,0,6.5,-6.5,56.9533,94.92,5.08,16.469,0.406,
4661.0,77.683,ECLIPSE,0.0,-34.89,0.0,6.5,0,6.5,-6.5,56.9514,94.92,5.08,16.469,0.406,
4662.0,77.7,ECLIPSE,0.0,-34.89,0.0,6.5,0,6.5,-6.5,56.9495,94.92,5.08,16.469,0.406,
4663.0,77.717,ECLIPSE,0.0,-34.89,0.0,6.5,0,6.5,-6.5,56.9477,94.91,5.09,16.469,0.406,
4664.0,77.733,ECLIPSE,0.0,-34.9,0.0,6.5,0,6.5,-6.5,56.9458,94.91,5.09,16.468,0.406,
4665.0,77.75,ECLIPSE,0.0,-34.9,0.0,6.5,0,6.5,-6.5,56.944,94.91,5.09,16.468,0.406,
4666.0,77.767,ECLIPSE,0.0,-34.9,0.0,6.5,0,6.5,-6.5,56.9421,94.9,5.1,16.468,0.406,
4667.0,77.783,ECLIPSE,0.0,-34.9,0.0,6.5,0,6.5,-6.5,56.9402,94.9,5.1,16.468,0.406,
4668.0,77.8,ECLIPSE,0.0,-34.9,0.0,6.5,0,6.5,-6.5,56.9384,94.9,5.1,16.468,0.406,
4669.0,77.817,ECLIPSE,0.0,-34.9,0.0,6.5,0,6.5,-6.5,56.9365,94.89,5.11,16.467,0.406,
4670.0,77.833,ECLIPSE,0.0,-34.9,0.0,6.5,0,6.5,-6.5,56.9347,94.89,5.11,16.467,0.406,
4671.0,77.85,ECLIPSE,0.0,-34.9,0.0,6.5,0,6.5,-6.5,56.9328,94.89,5.11,16.467,0.406,
4672.0,77.867,ECLIPSE,0.0,-34.9,0.0,6.5,0,6.5,-6.5,56.9309,94.88,5.12,16.467,0.406,
4673.0,77.883,ECLIPSE,0.0,-34.9,0.0,6.5,0,6.5,-6.5,56.9291,94.88,5.12,16.467,0.406,
4674.0,77.9,ECLIPSE,0.0,-34.9,0.0,6.5,0,6.5,-6.5,56.9272,94.88,5.12,16.467,0.406,
4675.0,77.917,ECLIPSE,0.0,-34.9,0.0,6.5,0,6.5,-6.5,56.9253,94.88,5.12,16.466,0.406,
4676.0,77.933,ECLIPSE,0.0,-34.9,0.0,6.5,0,6.5,-6.5,56.9235,94.87,5.13,16.466,0.406,
4677.0,77.95,ECLIPSE,0.0,-34.9,0.0,6.5,0,6.5,-6.5,56.9216,94.87,5.13,16.466,0.406,
4678.0,77.967,ECLIPSE,0.0,-34.9,0.0,6.5,0,6.5,-6.5,56.9198,94.87,5.13,16.466,0.406,
4679.0,77.983,ECLIPSE,0.0,-34.9,0.0,6.5,0,6.5,-6.5,56.9179,94.86,5.14,16.466,0.406,
4680.0,78.0,ECLIPSE,0.0,-34.9,0.0,6.5,0,6.5,-6.5,56.916,94.86,5.14,16.466,0.406,
4681.0,78.017,ECLIPSE,0.0,-34.9,0.0,6.5,0,6.5,-6.5,56.9142,94.86,5.14,16.465,0.406,
4682.0,78.033,ECLIPSE,0.0,-34.91,0.0,6.5,0,6.5,-6.5,56.9123,94.85,5.15,16.465,0.406,
4683.0,78.05,ECLIPSE,0.0,-34.91,0.0,6.5,0,6.5,-6.5,56.9105,94.85,5.15,16.465,0.406,
4684.0,78.067,ECLIPSE,0.0,-34.91,0.0,6.5,0,6.5,-6.5,56.9086,94.85,5.15,16.465,0.406,
4685.0,78.083,ECLIPSE,0.0,-34.91,0.0,6.5,0,6.5,-6.5,56.9067,94.84,5.16,16.465,0.406,
4686.0,78.1,ECLIPSE,0.0,-34.91,0.0,6.5,0,6.5,-6.5,56.9049,94.84,5.16,16.465,0.406,
4687.0,78.117,ECLIPSE,0.0,-34.91,0.0,6.5,0,6.5,-6.5,56.903,94.84,5.16,16.464,0.406,
4688.0,78.133,ECLIPSE,0.0,-34.91,0.0,6.5,0,6.5,-6.5,56.9011,94.84,5.16,16.464,0.406,
4689.0,78.15,ECLIPSE,0.0,-34.91,0.0,6.5,0,6.5,-6.5,56.8993,94.83,5.17,16.464,0.406,
4690.0,78.167,ECLIPSE,0.0,-34.91,0.0,6.5,0,6.5,-6.5,56.8974,94.83,5.17,16.464,0.406,
4691.0,78.183,ECLIPSE,0.0,-34.91,0.0,6.5,0,6.5,-6.5,56.8956,94.83,5.17,16.464,0.406,
4692.0,78.2,ECLIPSE,0.0,-34.91,0.0,6.5,0,6.5,-6.5,56.8937,94.82,5.18,16.464,0.406,
4693.0,78.217,ECLIPSE,0.0,-34.91,0.0,6.5,0,6.5,-6.5,56.8918,94.82,5.18,16.463,0.406,
4694.0,78.233,ECLIPSE,0.0,-34.91,0.0,6.5,0,6.5,-6.5,56.89,94.82,5.18,16.463,0.406,
4695.0,78.25,ECLIPSE,0.0,-34.91,0.0,6.5,0,6.5,-6.5,56.8881,94.81,5.19,16.463,0.406,
4696.0,78.267,ECLIPSE,0.0,-34.91,0.0,6.5,0,6.5,-6.5,56.8863,94.81,5.19,16.463,0.406,
4697.0,78.283,ECLIPSE,0.0,-34.91,0.0,6.5,0,6.5,-6.5,56.8844,94.81,5.19,16.463,0.406,
4698.0,78.3,ECLIPSE,0.0,-34.91,0.0,6.5,0,6.5,-6.5,56.8825,94.8,5.2,16.462,0.406,
4699.0,78.317,ECLIPSE,0.0,-34.91,0.0,6.5,0,6.5,-6.5,56.8807,94.8,5.2,16.462,0.406,
4700.0,78.333,ECLIPSE,0.0,-34.91,0.0,6.5,0,6.5,-6.5,56.8788,94.8,5.2,16.462,0.406,
4701.0,78.35,ECLIPSE,0.0,-34.91,0.0,6.5,0,6.5,-6.5,56.877,94.79,5.21,16.462,0.406,
4702.0,78.367,ECLIPSE,0.0,-34.92,0.0,6.5,0,6.5,-6.5,56.8751,94.79,5.21,16.462,0.406,
4703.0,78.383,ECLIPSE,0.0,-34.92,0.0,6.5,0,6.5,-6.5,56.8732,94.79,5.21,16.462,0.406,
4704.0,78.4,ECLIPSE,0.0,-34.92,0.0,6.5,0,6.5,-6.5,56.8714,94.79,5.21,16.461,0.406,
4705.0,78.417,ECLIPSE,0.0,-34.92,0.0,6.5,0,6.5,-6.5,56.8695,94.78,5.22,16.461,0.406,
4706.0,78.433,ECLIPSE,0.0,-34.92,0.0,6.5,0,6.5,-6.5,56.8676,94.78,5.22,16.461,0.406,
4707.0,78.45,ECLIPSE,0.0,-34.92,0.0,6.5,0,6.5,-6.5,56.8658,94.78,5.22,16.461,0.406,
4708.0,78.467,ECLIPSE,0.0,-34.92,0.0,6.5,0,6.5,-6.5,56.8639,94.77,5.23,16.461,0.406,
4709.0,78.483,ECLIPSE,0.0,-34.92,0.0,6.5,0,6.5,-6.5,56.8621,94.77,5.23,16.461,0.406,
4710.0,78.5,ECLIPSE,0.0,-34.92,0.0,6.5,0,6.5,-6.5,56.8602,94.77,5.23,16.46,0.406,
4711.0,78.517,ECLIPSE,0.0,-34.92,0.0,6.5,0,6.5,-6.5,56.8583,94.76,5.24,16.46,0.406,
4712.0,78.533,ECLIPSE,0.0,-34.92,0.0,6.5,0,6.5,-6.5,56.8565,94.76,5.24,16.46,0.406,
4713.0,78.55,ECLIPSE,0.0,-34.92,0.0,6.5,0,6.5,-6.5,56.8546,94.76,5.24,16.46,0.406,
4714.0,78.567,ECLIPSE,0.0,-34.92,0.0,6.5,0,6.5,-6.5,56.8528,94.75,5.25,16.46,0.406,
4715.0,78.583,ECLIPSE,0.0,-34.92,0.0,6.5,0,6.5,-6.5,56.8509,94.75,5.25,16.46,0.406,
4716.0,78.6,ECLIPSE,0.0,-34.92,0.0,6.5,0,6.5,-6.5,56.849,94.75,5.25,16.459,0.406,
4717.0,78.617,ECLIPSE,0.0,-34.92,0.0,6.5,0,6.5,-6.5,56.8472,94.75,5.25,16.459,0.406,
4718.0,78.633,ECLIPSE,0.0,-34.92,0.0,6.5,0,6.5,-6.5,56.8453,94.74,5.26,16.459,0.406,
4719.0,78.65,ECLIPSE,0.0,-34.92,0.0,6.5,0,6.5,-6.5,56.8434,94.74,5.26,16.459,0.406,
4720.0,78.667,ECLIPSE,0.0,-34.92,0.0,6.5,0,6.5,-6.5,56.8416,94.74,5.26,16.459,0.406,
4721.0,78.683,ECLIPSE,0.0,-34.92,0.0,6.5,0,6.5,-6.5,56.8397,94.73,5.27,16.459,0.406,
4722.0,78.7,ECLIPSE,0.0,-34.92,0.0,6.5,0,6.5,-6.5,56.8379,94.73,5.27,16.458,0.406,
4723.0,78.717,ECLIPSE,0.0,-34.92,0.0,6.5,0,6.5,-6.5,56.836,94.73,5.27,16.458,0.406,
4724.0,78.733,ECLIPSE,0.0,-34.92,0.0,6.5,0,6.5,-6.5,56.8341,94.72,5.28,16.458,0.406,
4725.0,78.75,ECLIPSE,0.0,-34.93,0.0,6.5,0,6.5,-6.5,56.8323,94.72,5.28,16.458,0.406,
4726.0,78.767,ECLIPSE,0.0,-34.93,0.0,6.5,0,6.5,-6.5,56.8304,94.72,5.28,16.458,0.406,
4727.0,78.783,ECLIPSE,0.0,-34.93,0.0,6.5,0,6.5,-6.5,56.8286,94.71,5.29,16.458,0.406,
4728.0,78.8,ECLIPSE,0.0,-34.93,0.0,6.5,0,6.5,-6.5,56.8267,94.71,5.29,16.457,0.406,
4729.0,78.817,ECLIPSE,0.0,-34.93,0.0,6.5,0,6.5,-6.5,56.8248,94.71,5.29,16.457,0.406,
4730.0,78.833,ECLIPSE,0.0,-34.93,0.0,6.5,0,6.5,-6.5,56.823,94.7,5.3,16.457,0.406,
4731.0,78.85,ECLIPSE,0.0,-34.93,0.0,6.5,0,6.5,-6.5,56.8211,94.7,5.3,16.457,0.406,
4732.0,78.867,ECLIPSE,0.0,-34.93,0.0,6.5,0,6.5,-6.5,56.8192,94.7,5.3,16.457,0.406,
4733.0,78.883,ECLIPSE,0.0,-34.93,0.0,6.5,0,6.5,-6.5,56.8174,94.7,5.3,16.456,0.406,
4734.0,78.9,ECLIPSE,0.0,-34.93,0.0,6.5,0,6.5,-6.5,56.8155,94.69,5.31,16.456,0.406,
4735.0,78.917,ECLIPSE,0.0,-34.93,0.0,6.5,0,6.5,-6.5,56.8137,94.69,5.31,16.456,0.406,
4736.0,78.933,ECLIPSE,0.0,-34.93,0.0,6.5,0,6.5,-6.5,56.8118,94.69,5.31,16.456,0.406,
4737.0,78.95,ECLIPSE,0.0,-34.93,0.0,6.5,0,6.5,-6.5,56.8099,94.68,5.32,16.456,0.406,
4738.0,78.967,ECLIPSE,0.0,-34.93,0.0,6.5,0,6.5,-6.5,56.8081,94.68,5.32,16.456,0.406,
4739.0,78.983,ECLIPSE,0.0,-34.93,0.0,6.5,0,6.5,-6.5,56.8062,94.68,5.32,16.455,0.406,
4740.0,79.0,ECLIPSE,0.0,-34.93,0.0,6.5,0,6.5,-6.5,56.8044,94.67,5.33,16.455,0.406,
4741.0,79.017,ECLIPSE,0.0,-34.93,0.0,6.5,0,6.5,-6.5,56.8025,94.67,5.33,16.455,0.406,
4742.0,79.033,ECLIPSE,0.0,-34.93,0.0,6.5,0,6.5,-6.5,56.8006,94.67,5.33,16.455,0.406,
4743.0,79.05,ECLIPSE,0.0,-34.93,0.0,6.5,0,6.5,-6.5,56.7988,94.66,5.34,16.455,0.406,
4744.0,79.067,ECLIPSE,0.0,-34.93,0.0,6.5,0,6.5,-6.5,56.7969,94.66,5.34,16.455,0.406,
4745.0,79.083,ECLIPSE,0.0,-34.93,0.0,6.5,0,6.5,-6.5,56.795,94.66,5.34,16.454,0.406,
4746.0,79.1,ECLIPSE,0.0,-34.93,0.0,6.5,0,6.5,-6.5,56.7932,94.66,5.34,16.454,0.406,
4747.0,79.117,ECLIPSE,0.0,-34.93,0.0,6.5,0,6.5,-6.5,56.7913,94.65,5.35,16.454,0.406,
4748.0,79.133,ECLIPSE,0.0,-34.93,0.0,6.5,0,6.5,-6.5,56.7895,94.65,5.35,16.454,0.406,
4749.0,79.15,ECLIPSE,0.0,-34.93,0.0,6.5,0,6.5,-6.5,56.7876,94.65,5.35,16.454,0.406,
4750.0,79.167,ECLIPSE,0.0,-34.94,0.0,6.5,0,6.5,-6.5,56.7857,94.64,5.36,16.454,0.406,
4751.0,79.183,ECLIPSE,0.0,-34.94,0.0,6.5,0,6.5,-6.5,56.7839,94.64,5.36,16.453,0.406,
4752.0,79.2,ECLIPSE,0.0,-34.94,0.0,6.5,0,6.5,-6.5,56.782,94.64,5.36,16.453,0.406,
4753.0,79.217,ECLIPSE,0.0,-34.94,0.0,6.5,0,6.5,-6.5,56.7802,94.63,5.37,16.453,0.406,
4754.0,79.233,ECLIPSE,0.0,-34.94,0.0,6.5,0,6.5,-6.5,56.7783,94.63,5.37,16.453,0.406,
4755.0,79.25,ECLIPSE,0.0,-34.94,0.0,6.5,0,6.5,-6.5,56.7764,94.63,5.37,16.453,0.406,
4756.0,79.267,ECLIPSE,0.0,-34.94,0.0,6.5,0,6.5,-6.5,56.7746,94.62,5.38,16.453,0.406,
4757.0,79.283,ECLIPSE,0.0,-34.94,0.0,6.5,0,6.5,-6.5,56.7727,94.62,5.38,16.452,0.406,
4758.0,79.3,ECLIPSE,0.0,-34.94,0.0,6.5,0,6.5,-6.5,56.7709,94.62,5.38,16.452,0.406,
4759.0,79.317,ECLIPSE,0.0,-34.94,0.0,6.5,0,6.5,-6.5,56.769,94.61,5.39,16.452,0.406,
4760.0,79.333,ECLIPSE,0.0,-34.94,0.0,6.5,0,6.5,-6.5,56.7671,94.61,5.39,16.452,0.406,
4761.0,79.35,ECLIPSE,0.0,-34.94,0.0,6.5,0,6.5,-6.5,56.7653,94.61,5.39,16.452,0.406,
4762.0,79.367,ECLIPSE,0.0,-34.94,0.0,6.5,0,6.5,-6.5,56.7634,94.61,5.39,16.452,0.406,
4763.0,79.383,ECLIPSE,0.0,-34.94,0.0,6.5,0,6.5,-6.5,56.7615,94.6,5.4,16.451,0.406,
4764.0,79.4,ECLIPSE,0.0,-34.94,0.0,6.5,0,6.5,-6.5,56.7597,94.6,5.4,16.451,0.406,
4765.0,79.417,ECLIPSE,0.0,-34.94,0.0,6.5,0,6.5,-6.5,56.7578,94.6,5.4,16.451,0.406,
4766.0,79.433,ECLIPSE,0.0,-34.94,0.0,6.5,0,6.5,-6.5,56.756,94.59,5.41,16.451,0.406,
4767.0,79.45,ECLIPSE,0.0,-34.94,0.0,6.5,0,6.5,-6.5,56.7541,94.59,5.41,16.451,0.406,
4768.0,79.467,ECLIPSE,0.0,-34.94,0.0,6.5,0,6.5,-6.5,56.7522,94.59,5.41,16.45,0.406,
4769.0,79.483,ECLIPSE,0.0,-34.94,0.0,6.5,0,6.5,-6.5,56.7504,94.58,5.42,16.45,0.406,
4770.0,79.5,ECLIPSE,0.0,-34.94,0.0,6.5,0,6.5,-6.5,56.7485,94.58,5.42,16.45,0.406,
4771.0,79.517,ECLIPSE,0.0,-34.94,0.0,6.5,0,6.5,-6.5,56.7467,94.58,5.42,16.45,0.406,
4772.0,79.533,ECLIPSE,0.0,-34.94,0.0,6.5,0,6.5,-6.5,56.7448,94.57,5.43,16.45,0.406,
4773.0,79.55,ECLIPSE,0.0,-34.94,0.0,6.5,0,6.5,-6.5,56.7429,94.57,5.43,16.45,0.406,
4774.0,79.567,ECLIPSE,0.0,-34.94,0.0,6.5,0,6.5,-6.5,56.7411,94.57,5.43,16.449,0.406,
4775.0,79.583,ECLIPSE,0.0,-34.94,0.0,6.5,0,6.5,-6.5,56.7392,94.57,5.43,16.449,0.406,
4776.0,79.6,ECLIPSE,0.0,-34.94,0.0,6.5,0,6.5,-6.5,56.7373,94.56,5.44,16.449,0.406,
4777.0,79.617,ECLIPSE,0.0,-34.94,0.0,6.5,0,6.5,-6.5,56.7355,94.56,5.44,16.449,0.406,
4778.0,79.633,ECLIPSE,0.0,-34.94,0.0,6.5,0,6.5,-6.5,56.7336,94.56,5.44,16.449,0.406,
4779.0,79.65,ECLIPSE,0.0,-34.94,0.0,6.5,0,6.5,-6.5,56.7318,94.55,5.45,16.449,0.406,
4780.0,79.667,ECLIPSE,0.0,-34.94,0.0,6.5,0,6.5,-6.5,56.7299,94.55,5.45,16.448,0.406,
4781.0,79.683,ECLIPSE,0.0,-34.95,0.0,6.5,0,6.5,-6.5,56.728,94.55,5.45,16.448,0.406,
4782.0,79.7,ECLIPSE,0.0,-34.95,0.0,6.5,0,6.5,-6.5,56.7262,94.54,5.46,16.448,0.406,
4783.0,79.717,ECLIPSE,0.0,-34.95,0.0,6.5,0,6.5,-6.5,56.7243,94.54,5.46,16.448,0.406,
4784.0,79.733,ECLIPSE,0.0,-34.95,0.0,6.5,0,6.5,-6.5,56.7225,94.54,5.46,16.448,0.406,
4785.0,79.75,ECLIPSE,0.0,-34.95,0.0,6.5,0,6.5,-6.5,56.7206,94.53,5.47,16.448,0.406,
4786.0,79.767,ECLIPSE,0.0,-34.95,0.0,6.5,0,6.5,-6.5,56.7187,94.53,5.47,16.447,0.406,
4787.0,79.783,ECLIPSE,0.0,-34.95,0.0,6.5,0,6.5,-6.5,56.7169,94.53,5.47,16.447,0.406,
4788.0,79.8,ECLIPSE,0.0,-34.95,0.0,6.5,0,6.5,-6.5,56.715,94.53,5.47,16.447,0.406,
4789.0,79.817,ECLIPSE,0.0,-34.95,0.0,6.5,0,6.5,-6.5,56.7131,94.52,5.48,16.447,0.406,
4790.0,79.833,ECLIPSE,0.0,-34.95,0.0,6.5,0,6.5,-6.5,56.7113,94.52,5.48,16.447,0.406,
4791.0,79.85,ECLIPSE,0.0,-34.95,0.0,6.5,0,6.5,-6.5,56.7094,94.52,5.48,16.447,0.406,
4792.0,79.867,ECLIPSE,0.0,-34.95,0.0,6.5,0,6.5,-6.5,56.7076,94.51,5.49,16.446,0.406,
4793.0,79.883,ECLIPSE,0.0,-34.95,0.0,6.5,0,6.5,-6.5,56.7057,94.51,5.49,16.446,0.406,
4794.0,79.9,ECLIPSE,0.0,-34.95,0.0,6.5,0,6.5,-6.5,56.7038,94.51,5.49,16.446,0.406,
4795.0,79.917,ECLIPSE,0.0,-34.95,0.0,6.5,0,6.5,-6.5,56.702,94.5,5.5,16.446,0.406,
4796.0,79.933,ECLIPSE,0.0,-34.95,0.0,6.5,0,6.5,-6.5,56.7001,94.5,5.5,16.446,0.406,
4797.0,79.95,ECLIPSE,0.0,-34.95,0.0,6.5,0,6.5,-6.5,56.6983,94.5,5.5,16.446,0.406,
4798.0,79.967,ECLIPSE,0.0,-34.95,0.0,6.5,0,6.5,-6.5,56.6964,94.49,5.51,16.445,0.406,
4799.0,79.983,ECLIPSE,0.0,-34.95,0.0,6.5,0,6.5,-6.5,56.6945,94.49,5.51,16.445,0.406,
4800.0,80.0,ECLIPSE,0.0,-34.95,0.0,6.5,0,6.5,-6.5,56.6927,94.49,5.51,16.445,0.406,
4801.0,80.017,ECLIPSE,0.0,-34.95,0.0,6.5,0,6.5,-6.5,56.6908,94.48,5.52,16.445,0.406,
4802.0,80.033,ECLIPSE,0.0,-34.95,0.0,6.5,0,6.5,-6.5,56.689,94.48,5.52,16.445,0.406,
4803.0,80.05,ECLIPSE,0.0,-34.95,0.0,6.5,0,6.5,-6.5,56.6871,94.48,5.52,16.444,0.406,
4804.0,80.067,ECLIPSE,0.0,-34.95,0.0,6.5,0,6.5,-6.5,56.6852,94.48,5.52,16.444,0.406,
4805.0,80.083,ECLIPSE,0.0,-34.95,0.0,6.5,0,6.5,-6.5,56.6834,94.47,5.53,16.444,0.406,
4806.0,80.1,ECLIPSE,0.0,-34.95,0.0,6.5,0,6.5,-6.5,56.6815,94.47,5.53,16.444,0.406,
4807.0,80.117,ECLIPSE,0.0,-34.95,0.0,6.5,0,6.5,-6.5,56.6796,94.47,5.53,16.444,0.406,
4808.0,80.133,ECLIPSE,0.0,-34.95,0.0,6.5,0,6.5,-6.5,56.6778,94.46,5.54,16.444,0.406,
4809.0,80.15,ECLIPSE,0.0,-34.95,0.0,6.5,0,6.5,-6.5,56.6759,94.46,5.54,16.443,0.406,
4810.0,80.167,ECLIPSE,0.0,-34.95,0.0,6.5,0,6.5,-6.5,56.6741,94.46,5.54,16.443,0.406,
4811.0,80.183,ECLIPSE,0.0,-34.95,0.0,6.5,0,6.5,-6.5,56.6722,94.45,5.55,16.443,0.406,
4812.0,80.2,ECLIPSE,0.0,-34.95,0.0,6.5,0,6.5,-6.5,56.6703,94.45,5.55,16.443,0.406,
4813.0,80.217,ECLIPSE,0.0,-34.95,0.0,6.5,0,6.5,-6.5,56.6685,94.45,5.55,16.443,0.406,
4814.0,80.233,ECLIPSE,0.0,-34.95,0.0,6.5,0,6.5,-6.5,56.6666,94.44,5.56,16.443,0.406,
4815.0,80.25,ECLIPSE,0.0,-34.95,0.0,6.5,0,6.5,-6.5,56.6648,94.44,5.56,16.442,0.406,
4816.0,80.267,ECLIPSE,0.0,-34.95,0.0,6.5,0,6.5,-6.5,56.6629,94.44,5.56,16.442,0.406,
4817.0,80.283,ECLIPSE,0.0,-34.96,0.0,6.5,0,6.5,-6.5,56.661,94.44,5.56,16.442,0.406,
4818.0,80.3,ECLIPSE,0.0,-34.96,0.0,6.5,0,6.5,-6.5,56.6592,94.43,5.57,16.442,0.406,
4819.0,80.317,ECLIPSE,0.0,-34.96,0.0,6.5,0,6.5,-6.5,56.6573,94.43,5.57,16.442,0.406,
4820.0,80.333,ECLIPSE,0.0,-34.96,0.0,6.5,0,6.5,-6.5,56.6554,94.43,5.57,16.442,0.406,
4821.0,80.35,ECLIPSE,0.0,-34.96,0.0,6.5,0,6.5,-6.5,56.6536,94.42,5.58,16.441,0.406,
4822.0,80.367,ECLIPSE,0.0,-34.96,0.0,6.5,0,6.5,-6.5,56.6517,94.42,5.58,16.441,0.406,
4823.0,80.383,ECLIPSE,0.0,-34.96,0.0,6.5,0,6.5,-6.5,56.6499,94.42,5.58,16.441,0.406,
4824.0,80.4,ECLIPSE,0.0,-34.96,0.0,6.5,0,6.5,-6.5,56.648,94.41,5.59,16.441,0.406,
4825.0,80.417,ECLIPSE,0.0,-34.96,0.0,6.5,0,6.5,-6.5,56.6461,94.41,5.59,16.441,0.406,
4826.0,80.433,ECLIPSE,0.0,-34.96,0.0,6.5,0,6.5,-6.5,56.6443,94.41,5.59,16.441,0.406,
4827.0,80.45,ECLIPSE,0.0,-34.96,0.0,6.5,0,6.5,-6.5,56.6424,94.4,5.6,16.44,0.406,
4828.0,80.467,ECLIPSE,0.0,-34.96,0.0,6.5,0,6.5,-6.5,56.6406,94.4,5.6,16.44,0.406,
4829.0,80.483,ECLIPSE,0.0,-34.96,0.0,6.5,0,6.5,-6.5,56.6387,94.4,5.6,16.44,0.406,
4830.0,80.5,ECLIPSE,0.0,-34.96,0.0,6.5,0,6.5,-6.5,56.6368,94.39,5.61,16.44,0.406,
4831.0,80.517,ECLIPSE,0.0,-34.96,0.0,6.5,0,6.5,-6.5,56.635,94.39,5.61,16.44,0.406,
4832.0,80.533,ECLIPSE,0.0,-34.96,0.0,6.5,0,6.5,-6.5,56.6331,94.39,5.61,16.44,0.406,
4833.0,80.55,ECLIPSE,0.0,-34.96,0.0,6.5,0,6.5,-6.5,56.6312,94.39,5.61,16.439,0.406,
4834.0,80.567,ECLIPSE,0.0,-34.96,0.0,6.5,0,6.5,-6.5,56.6294,94.38,5.62,16.439,0.406,
4835.0,80.583,ECLIPSE,0.0,-34.96,0.0,6.5,0,6.5,-6.5,56.6275,94.38,5.62,16.439,0.406,
4836.0,80.6,ECLIPSE,0.0,-34.96,0.0,6.5,0,6.5,-6.5,56.6257,94.38,5.62,16.439,0.406,
4837.0,80.617,ECLIPSE,0.0,-34.96,0.0,6.5,0,6.5,-6.5,56.6238,94.37,5.63,16.439,0.406,
4838.0,80.633,ECLIPSE,0.0,-34.96,0.0,6.5,0,6.5,-6.5,56.6219,94.37,5.63,16.438,0.406,
4839.0,80.65,ECLIPSE,0.0,-34.96,0.0,6.5,0,6.5,-6.5,56.6201,94.37,5.63,16.438,0.406,
4840.0,80.667,ECLIPSE,0.0,-34.96,0.0,6.5,0,6.5,-6.5,56.6182,94.36,5.64,16.438,0.406,
4841.0,80.683,ECLIPSE,0.0,-34.96,0.0,6.5,0,6.5,-6.5,56.6164,94.36,5.64,16.438,0.406,
4842.0,80.7,ECLIPSE,0.0,-34.96,0.0,6.5,0,6.5,-6.5,56.6145,94.36,5.64,16.438,0.406,
4843.0,80.717,ECLIPSE,0.0,-34.96,0.0,6.5,0,6.5,-6.5,56.6126,94.35,5.65,16.438,0.406,
4844.0,80.733,ECLIPSE,0.0,-34.96,0.0,6.5,0,6.5,-6.5,56.6108,94.35,5.65,16.437,0.406,
4845.0,80.75,ECLIPSE,0.0,-34.96,0.0,6.5,0,6.5,-6.5,56.6089,94.35,5.65,16.437,0.406,
4846.0,80.767,ECLIPSE,0.0,-34.96,0.0,6.5,0,6.5,-6.5,56.607,94.35,5.65,16.437,0.406,
4847.0,80.783,ECLIPSE,0.0,-34.96,0.0,6.5,0,6.5,-6.5,56.6052,94.34,5.66,16.437,0.406,
4848.0,80.8,ECLIPSE,0.0,-34.96,0.0,6.5,0,6.5,-6.5,56.6033,94.34,5.66,16.437,0.406,
4849.0,80.817,ECLIPSE,0.0,-34.96,0.0,6.5,0,6.5,-6.5,56.6015,94.34,5.66,16.437,0.406,
4850.0,80.833,ECLIPSE,0.0,-34.96,0.0,6.5,0,6.5,-6.5,56.5996,94.33,5.67,16.436,0.406,
4851.0,80.85,ECLIPSE,0.0,-34.96,0.0,6.5,0,6.5,-6.5,56.5977,94.33,5.67,16.436,0.406,
4852.0,80.867,ECLIPSE,0.0,-34.96,0.0,6.5,0,6.5,-6.5,56.5959,94.33,5.67,16.436,0.406,
4853.0,80.883,ECLIPSE,0.0,-34.96,0.0,6.5,0,6.5,-6.5,56.594,94.32,5.68,16.436,0.406,
4854.0,80.9,ECLIPSE,0.0,-34.96,0.0,6.5,0,6.5,-6.5,56.5922,94.32,5.68,16.436,0.407,
4855.0,80.917,ECLIPSE,0.0,-34.96,0.0,6.5,0,6.5,-6.5,56.5903,94.32,5.68,16.436,0.407,
4856.0,80.933,ECLIPSE,0.0,-34.96,0.0,6.5,0,6.5,-6.5,56.5884,94.31,5.69,16.435,0.407,
4857.0,80.95,ECLIPSE,0.0,-34.96,0.0,6.5,0,6.5,-6.5,56.5866,94.31,5.69,16.435,0.407,
4858.0,80.967,ECLIPSE,0.0,-34.96,0.0,6.5,0,6.5,-6.5,56.5847,94.31,5.69,16.435,0.407,
4859.0,80.983,ECLIPSE,0.0,-34.96,0.0,6.5,0,6.5,-6.5,56.5829,94.3,5.7,16.435,0.407,
4860.0,81.0,ECLIPSE,0.0,-34.96,0.0,6.5,0,6.5,-6.5,56.581,94.3,5.7,16.435,0.407,
4861.0,81.017,ECLIPSE,0.0,-34.96,0.0,6.5,0,6.5,-6.5,56.5791,94.3,5.7,16.435,0.407,
4862.0,81.033,ECLIPSE,0.0,-34.97,0.0,6.5,0,6.5,-6.5,56.5773,94.3,5.7,16.434,0.407,
4863.0,81.05,ECLIPSE,0.0,-34.97,0.0,6.5,0,6.5,-6.5,56.5754,94.29,5.71,16.434,0.407,
4864.0,81.067,ECLIPSE,0.0,-34.97,0.0,6.5,0,6.5,-6.5,56.5735,94.29,5.71,16.434,0.407,
4865.0,81.083,ECLIPSE,0.0,-34.97,0.0,6.5,0,6.5,-6.5,56.5717,94.29,5.71,16.434,0.407,
4866.0,81.1,ECLIPSE,0.0,-34.97,0.0,6.5,0,6.5,-6.5,56.5698,94.28,5.72,16.434,0.407,
4867.0,81.117,ECLIPSE,0.0,-34.97,0.0,6.5,0,6.5,-6.5,56.568,94.28,5.72,16.434,0.407,
4868.0,81.133,ECLIPSE,0.0,-34.97,0.0,6.5,0,6.5,-6.5,56.5661,94.28,5.72,16.433,0.407,
4869.0,81.15,ECLIPSE,0.0,-34.97,0.0,6.5,0,6.5,-6.5,56.5642,94.27,5.73,16.433,0.407,
4870.0,81.167,ECLIPSE,0.0,-34.97,0.0,6.5,0,6.5,-6.5,56.5624,94.27,5.73,16.433,0.407,
4871.0,81.183,ECLIPSE,0.0,-34.97,0.0,6.5,0,6.5,-6.5,56.5605,94.27,5.73,16.433,0.407,
4872.0,81.2,ECLIPSE,0.0,-34.97,0.0,6.5,0,6.5,-6.5,56.5587,94.26,5.74,16.433,0.407,
4873.0,81.217,ECLIPSE,0.0,-34.97,0.0,6.5,0,6.5,-6.5,56.5568,94.26,5.74,16.432,0.407,
4874.0,81.233,ECLIPSE,0.0,-34.97,0.0,6.5,0,6.5,-6.5,56.5549,94.26,5.74,16.432,0.407,
4875.0,81.25,ECLIPSE,0.0,-34.97,0.0,6.5,0,6.5,-6.5,56.5531,94.26,5.74,16.432,0.407,
4876.0,81.267,ECLIPSE,0.0,-34.97,0.0,6.5,0,6.5,-6.5,56.5512,94.25,5.75,16.432,0.407,
4877.0,81.283,ECLIPSE,0.0,-34.97,0.0,6.5,0,6.5,-6.5,56.5493,94.25,5.75,16.432,0.407,
4878.0,81.3,ECLIPSE,0.0,-34.97,0.0,6.5,0,6.5,-6.5,56.5475,94.25,5.75,16.432,0.407,
4879.0,81.317,ECLIPSE,0.0,-34.97,0.0,6.5,0,6.5,-6.5,56.5456,94.24,5.76,16.431,0.407,
4880.0,81.333,ECLIPSE,0.0,-34.97,0.0,6.5,0,6.5,-6.5,56.5438,94.24,5.76,16.431,0.407,
4881.0,81.35,ECLIPSE,0.0,-34.97,0.0,6.5,0,6.5,-6.5,56.5419,94.24,5.76,16.431,0.407,
4882.0,81.367,ECLIPSE,0.0,-34.97,0.0,6.5,0,6.5,-6.5,56.54,94.23,5.77,16.431,0.407,
4883.0,81.383,ECLIPSE,0.0,-34.97,0.0,6.5,0,6.5,-6.5,56.5382,94.23,5.77,16.431,0.407,
4884.0,81.4,ECLIPSE,0.0,-34.97,0.0,6.5,0,6.5,-6.5,56.5363,94.23,5.77,16.431,0.407,
4885.0,81.417,ECLIPSE,0.0,-34.97,0.0,6.5,0,6.5,-6.5,56.5345,94.22,5.78,16.43,0.407,
4886.0,81.433,ECLIPSE,0.0,-34.97,0.0,6.5,0,6.5,-6.5,56.5326,94.22,5.78,16.43,0.407,
4887.0,81.45,ECLIPSE,0.0,-34.97,0.0,6.5,0,6.5,-6.5,56.5307,94.22,5.78,16.43,0.407,
4888.0,81.467,ECLIPSE,0.0,-34.97,0.0,6.5,0,6.5,-6.5,56.5289,94.21,5.79,16.43,0.407,
4889.0,81.483,ECLIPSE,0.0,-34.97,0.0,6.5,0,6.5,-6.5,56.527,94.21,5.79,16.43,0.407,
4890.0,81.5,ECLIPSE,0.0,-34.97,0.0,6.5,0,6.5,-6.5,56.5251,94.21,5.79,16.43,0.407,
4891.0,81.517,ECLIPSE,0.0,-34.97,0.0,6.5,0,6.5,-6.5,56.5233,94.21,5.79,16.429,0.407,
4892.0,81.533,ECLIPSE,0.0,-34.97,0.0,6.5,0,6.5,-6.5,56.5214,94.2,5.8,16.429,0.407,
4893.0,81.55,ECLIPSE,0.0,-34.97,0.0,6.5,0,6.5,-6.5,56.5196,94.2,5.8,16.429,0.407,
4894.0,81.567,ECLIPSE,0.0,-34.97,0.0,6.5,0,6.5,-6.5,56.5177,94.2,5.8,16.429,0.407,
4895.0,81.583,ECLIPSE,0.0,-34.97,0.0,6.5,0,6.5,-6.5,56.5158,94.19,5.81,16.429,0.407,
4896.0,81.6,ECLIPSE,0.0,-34.97,0.0,6.5,0,6.5,-6.5,56.514,94.19,5.81,16.429,0.407,
4897.0,81.617,ECLIPSE,0.0,-34.97,0.0,6.5,0,6.5,-6.5,56.5121,94.19,5.81,16.428,0.407,
4898.0,81.633,ECLIPSE,0.0,-34.97,0.0,6.5,0,6.5,-6.5,56.5103,94.18,5.82,16.428,0.407,
4899.0,81.65,ECLIPSE,0.0,-34.97,0.0,6.5,0,6.5,-6.5,56.5084,94.18,5.82,16.428,0.407,
4900.0,81.667,ECLIPSE,0.0,-34.97,0.0,6.5,0,6.5,-6.5,56.5065,94.18,5.82,16.428,0.407,
4901.0,81.683,ECLIPSE,0.0,-34.97,0.0,6.5,0,6.5,-6.5,56.5047,94.17,5.83,16.428,0.407,
4902.0,81.7,ECLIPSE,0.0,-34.97,0.0,6.5,0,6.5,-6.5,56.5028,94.17,5.83,16.428,0.407,
4903.0,81.717,ECLIPSE,0.0,-34.97,0.0,6.5,0,6.5,-6.5,56.5009,94.17,5.83,16.427,0.407,
4904.0,81.733,ECLIPSE,0.0,-34.97,0.0,6.5,0,6.5,-6.5,56.4991,94.17,5.83,16.427,0.407,
4905.0,81.75,ECLIPSE,0.0,-34.97,0.0,6.5,0,6.5,-6.5,56.4972,94.16,5.84,16.427,0.407,
4906.0,81.767,ECLIPSE,0.0,-34.97,0.0,6.5,0,6.5,-6.5,56.4954,94.16,5.84,16.427,0.407,
4907.0,81.783,ECLIPSE,0.0,-34.97,0.0,6.5,0,6.5,-6.5,56.4935,94.16,5.84,16.427,0.407,
4908.0,81.8,ECLIPSE,0.0,-34.97,0.0,6.5,0,6.5,-6.5,56.4916,94.15,5.85,16.426,0.407,
4909.0,81.817,ECLIPSE,0.0,-34.97,0.0,6.5,0,6.5,-6.5,56.4898,94.15,5.85,16.426,0.407,
4910.0,81.833,ECLIPSE,0.0,-34.97,0.0,6.5,0,6.5,-6.5,56.4879,94.15,5.85,16.426,0.407,
4911.0,81.85,ECLIPSE,0.0,-34.97,0.0,6.5,0,6.5,-6.5,56.4861,94.14,5.86,16.426,0.407,
4912.0,81.867,ECLIPSE,0.0,-34.97,0.0,6.5,0,6.5,-6.5,56.4842,94.14,5.86,16.426,0.407,
4913.0,81.883,ECLIPSE,0.0,-34.97,0.0,6.5,0,6.5,-6.5,56.4823,94.14,5.86,16.426,0.407,
4914.0,81.9,ECLIPSE,0.0,-34.97,0.0,6.5,0,6.5,-6.5,56.4805,94.13,5.87,16.425,0.407,
4915.0,81.917,ECLIPSE,0.0,-34.97,0.0,6.5,0,6.5,-6.5,56.4786,94.13,5.87,16.425,0.407,
4916.0,81.933,ECLIPSE,0.0,-34.97,0.0,6.5,0,6.5,-6.5,56.4768,94.13,5.87,16.425,0.407,
4917.0,81.95,ECLIPSE,0.0,-34.97,0.0,6.5,0,6.5,-6.5,56.4749,94.12,5.88,16.425,0.407,
4918.0,81.967,ECLIPSE,0.0,-34.97,0.0,6.5,0,6.5,-6.5,56.473,94.12,5.88,16.425,0.407,
4919.0,81.983,ECLIPSE,0.0,-34.97,0.0,6.5,0,6.5,-6.5,56.4712,94.12,5.88,16.425,0.407,
4920.0,82.0,ECLIPSE,0.0,-34.97,0.0,6.5,0,6.5,-6.5,56.4693,94.12,5.88,16.424,0.407,
4921.0,82.017,ECLIPSE,0.0,-34.97,0.0,6.5,0,6.5,-6.5,56.4674,94.11,5.89,16.424,0.407,
4922.0,82.033,ECLIPSE,0.0,-34.98,0.0,6.5,0,6.5,-6.5,56.4656,94.11,5.89,16.424,0.407,
4923.0,82.05,ECLIPSE,0.0,-34.98,0.0,6.5,0,6.5,-6.5,56.4637,94.11,5.89,16.424,0.407,
4924.0,82.067,ECLIPSE,0.0,-34.98,0.0,6.5,0,6.5,-6.5,56.4619,94.1,5.9,16.424,0.407,
4925.0,82.083,ECLIPSE,0.0,-34.98,0.0,6.5,0,6.5,-6.5,56.46,94.1,5.9,16.424,0.407,
4926.0,82.1,ECLIPSE,0.0,-34.98,0.0,6.5,0,6.5,-6.5,56.4581,94.1,5.9,16.423,0.407,
4927.0,82.117,ECLIPSE,0.0,-34.98,0.0,6.5,0,6.5,-6.5,56.4563,94.09,5.91,16.423,0.407,
4928.0,82.133,ECLIPSE,0.0,-34.98,0.0,6.5,0,6.5,-6.5,56.4544,94.09,5.91,16.423,0.407,
4929.0,82.15,ECLIPSE,0.0,-34.98,0.0,6.5,0,6.5,-6.5,56.4526,94.09,5.91,16.423,0.407,
4930.0,82.167,ECLIPSE,0.0,-34.98,0.0,6.5,0,6.5,-6.5,56.4507,94.08,5.92,16.423,0.407,
4931.0,82.183,ECLIPSE,0.0,-34.98,0.0,6.5,0,6.5,-6.5,56.4488,94.08,5.92,16.423,0.407,
4932.0,82.2,ECLIPSE,0.0,-34.98,0.0,6.5,0,6.5,-6.5,56.447,94.08,5.92,16.422,0.407,
4933.0,82.217,ECLIPSE,0.0,-34.98,0.0,6.5,0,6.5,-6.5,56.4451,94.08,5.92,16.422,0.407,
4934.0,82.233,ECLIPSE,0.0,-34.98,0.0,6.5,0,6.5,-6.5,56.4432,94.07,5.93,16.422,0.407,
4935.0,82.25,ECLIPSE,0.0,-34.98,0.0,6.5,0,6.5,-6.5,56.4414,94.07,5.93,16.422,0.407,
4936.0,82.267,ECLIPSE,0.0,-34.98,0.0,6.5,0,6.5,-6.5,56.4395,94.07,5.93,16.422,0.407,
4937.0,82.283,ECLIPSE,0.0,-34.98,0.0,6.5,0,6.5,-6.5,56.4377,94.06,5.94,16.422,0.407,
4938.0,82.3,ECLIPSE,0.0,-34.98,0.0,6.5,0,6.5,-6.5,56.4358,94.06,5.94,16.421,0.407,
4939.0,82.317,ECLIPSE,0.0,-34.98,0.0,6.5,0,6.5,-6.5,56.4339,94.06,5.94,16.421,0.407,
4940.0,82.333,ECLIPSE,0.0,-34.98,0.0,6.5,0,6.5,-6.5,56.4321,94.05,5.95,16.421,0.407,
4941.0,82.35,ECLIPSE,0.0,-34.98,0.0,6.5,0,6.5,-6.5,56.4302,94.05,5.95,16.421,0.407,
4942.0,82.367,ECLIPSE,0.0,-34.98,0.0,6.5,0,6.5,-6.5,56.4284,94.05,5.95,16.421,0.407,
4943.0,82.383,ECLIPSE,0.0,-34.98,0.0,6.5,0,6.5,-6.5,56.4265,94.04,5.96,16.42,0.407,
4944.0,82.4,ECLIPSE,0.0,-34.98,0.0,6.5,0,6.5,-6.5,56.4246,94.04,5.96,16.42,0.407,
4945.0,82.417,ECLIPSE,0.0,-34.98,0.0,6.5,0,6.5,-6.5,56.4228,94.04,5.96,16.42,0.407,
4946.0,82.433,ECLIPSE,0.0,-34.98,0.0,6.5,0,6.5,-6.5,56.4209,94.03,5.97,16.42,0.407,
4947.0,82.45,ECLIPSE,0.0,-34.98,0.0,6.5,0,6.5,-6.5,56.419,94.03,5.97,16.42,0.407,
4948.0,82.467,ECLIPSE,0.0,-34.98,0.0,6.5,0,6.5,-6.5,56.4172,94.03,5.97,16.42,0.407,
4949.0,82.483,ECLIPSE,0.0,-34.98,0.0,6.5,0,6.5,-6.5,56.4153,94.03,5.97,16.419,0.407,
4950.0,82.5,ECLIPSE,0.0,-34.98,0.0,6.5,0,6.5,-6.5,56.4135,94.02,5.98,16.419,0.407,
4951.0,82.517,ECLIPSE,0.0,-34.98,0.0,6.5,0,6.5,-6.5,56.4116,94.02,5.98,16.419,0.407,
4952.0,82.533,ECLIPSE,0.0,-34.98,0.0,6.5,0,6.5,-6.5,56.4097,94.02,5.98,16.419,0.407,
4953.0,82.55,ECLIPSE,0.0,-34.98,0.0,6.5,0,6.5,-6.5,56.4079,94.01,5.99,16.419,0.407,
4954.0,82.567,ECLIPSE,0.0,-34.98,0.0,6.5,0,6.5,-6.5,56.406,94.01,5.99,16.419,0.407,
4955.0,82.583,ECLIPSE,0.0,-34.98,0.0,6.5,0,6.5,-6.5,56.4042,94.01,5.99,16.418,0.407,
4956.0,82.6,ECLIPSE,0.0,-34.98,0.0,6.5,0,6.5,-6.5,56.4023,94.0,6.0,16.418,0.407,
4957.0,82.617,ECLIPSE,0.0,-34.98,0.0,6.5,0,6.5,-6.5,56.4004,94.0,6.0,16.418,0.407,
4958.0,82.633,ECLIPSE,0.0,-34.98,0.0,6.5,0,6.5,-6.5,56.3986,94.0,6.0,16.418,0.407,
4959.0,82.65,ECLIPSE,0.0,-34.98,0.0,6.5,0,6.5,-6.5,56.3967,93.99,6.01,16.418,0.407,
4960.0,82.667,ECLIPSE,0.0,-34.98,0.0,6.5,0,6.5,-6.5,56.3948,93.99,6.01,16.418,0.407,
4961.0,82.683,ECLIPSE,0.0,-34.98,0.0,6.5,0,6.5,-6.5,56.393,93.99,6.01,16.417,0.407,
4962.0,82.7,ECLIPSE,0.0,-34.98,0.0,6.5,0,6.5,-6.5,56.3911,93.99,6.01,16.417,0.407,
4963.0,82.717,ECLIPSE,0.0,-34.98,0.0,6.5,0,6.5,-6.5,56.3893,93.98,6.02,16.417,0.407,
4964.0,82.733,ECLIPSE,0.0,-34.98,0.0,6.5,0,6.5,-6.5,56.3874,93.98,6.02,16.417,0.407,
4965.0,82.75,ECLIPSE,0.0,-34.98,0.0,6.5,0,6.5,-6.5,56.3855,93.98,6.02,16.417,0.407,
4966.0,82.767,ECLIPSE,0.0,-34.98,0.0,6.5,0,6.5,-6.5,56.3837,93.97,6.03,16.417,0.407,
4967.0,82.783,ECLIPSE,0.0,-34.98,0.0,6.5,0,6.5,-6.5,56.3818,93.97,6.03,16.416,0.407,
4968.0,82.8,ECLIPSE,0.0,-34.98,0.0,6.5,0,6.5,-6.5,56.38,93.97,6.03,16.416,0.407,
4969.0,82.817,ECLIPSE,0.0,-34.98,0.0,6.5,0,6.5,-6.5,56.3781,93.96,6.04,16.416,0.407,
4970.0,82.833,ECLIPSE,0.0,-34.98,0.0,6.5,0,6.5,-6.5,56.3762,93.96,6.04,16.416,0.407,
4971.0,82.85,ECLIPSE,0.0,-34.98,0.0,6.5,0,6.5,-6.5,56.3744,93.96,6.04,16.416,0.407,
4972.0,82.867,ECLIPSE,0.0,-34.98,0.0,6.5,0,6.5,-6.5,56.3725,93.95,6.05,16.416,0.407,
4973.0,82.883,ECLIPSE,0.0,-34.98,0.0,6.5,0,6.5,-6.5,56.3707,93.95,6.05,16.415,0.407,
4974.0,82.9,ECLIPSE,0.0,-34.98,0.0,6.5,0,6.5,-6.5,56.3688,93.95,6.05,16.415,0.407,
4975.0,82.917,ECLIPSE,0.0,-34.98,0.0,6.5,0,6.5,-6.5,56.3669,93.94,6.06,16.415,0.407,
4976.0,82.933,ECLIPSE,0.0,-34.98,0.0,6.5,0,6.5,-6.5,56.3651,93.94,6.06,16.415,0.407,
4977.0,82.95,ECLIPSE,0.0,-34.98,0.0,6.5,0,6.5,-6.5,56.3632,93.94,6.06,16.415,0.407,
4978.0,82.967,ECLIPSE,0.0,-34.98,0.0,6.5,0,6.5,-6.5,56.3613,93.94,6.06,16.414,0.407,
4979.0,82.983,ECLIPSE,0.0,-34.98,0.0,6.5,0,6.5,-6.5,56.3595,93.93,6.07,16.414,0.407,
4980.0,83.0,ECLIPSE,0.0,-34.98,0.0,6.5,0,6.5,-6.5,56.3576,93.93,6.07,16.414,0.407,
4981.0,83.017,ECLIPSE,0.0,-34.98,0.0,6.5,0,6.5,-6.5,56.3558,93.93,6.07,16.414,0.407,
4982.0,83.033,ECLIPSE,0.0,-34.98,0.0,6.5,0,6.5,-6.5,56.3539,93.92,6.08,16.414,0.407,
4983.0,83.05,ECLIPSE,0.0,-34.98,0.0,6.5,0,6.5,-6.5,56.352,93.92,6.08,16.414,0.407,
4984.0,83.067,ECLIPSE,0.0,-34.98,0.0,6.5,0,6.5,-6.5,56.3502,93.92,6.08,16.413,0.407,
4985.0,83.083,ECLIPSE,0.0,-34.98,0.0,6.5,0,6.5,-6.5,56.3483,93.91,6.09,16.413,0.407,
4986.0,83.1,ECLIPSE,0.0,-34.98,0.0,6.5,0,6.5,-6.5,56.3465,93.91,6.09,16.413,0.407,
4987.0,83.117,ECLIPSE,0.0,-34.98,0.0,6.5,0,6.5,-6.5,56.3446,93.91,6.09,16.413,0.407,
4988.0,83.133,ECLIPSE,0.0,-34.98,0.0,6.5,0,6.5,-6.5,56.3427,93.9,6.1,16.413,0.407,
4989.0,83.15,ECLIPSE,0.0,-34.98,0.0,6.5,0,6.5,-6.5,56.3409,93.9,6.1,16.413,0.407,
4990.0,83.167,ECLIPSE,0.0,-34.98,0.0,6.5,0,6.5,-6.5,56.339,93.9,6.1,16.412,0.407,
4991.0,83.183,ECLIPSE,0.0,-34.98,0.0,6.5,0,6.5,-6.5,56.3371,93.9,6.1,16.412,0.407,
4992.0,83.2,ECLIPSE,0.0,-34.98,0.0,6.5,0,6.5,-6.5,56.3353,93.89,6.11,16.412,0.407,
4993.0,83.217,ECLIPSE,0.0,-34.98,0.0,6.5,0,6.5,-6.5,56.3334,93.89,6.11,16.412,0.407,
4994.0,83.233,ECLIPSE,0.0,-34.98,0.0,6.5,0,6.5,-6.5,56.3316,93.89,6.11,16.412,0.407,
4995.0,83.25,ECLIPSE,0.0,-34.98,0.0,6.5,0,6.5,-6.5,56.3297,93.88,6.12,16.412,0.407,
4996.0,83.267,ECLIPSE,0.0,-34.98,0.0,6.5,0,6.5,-6.5,56.3278,93.88,6.12,16.411,0.407,
4997.0,83.283,ECLIPSE,0.0,-34.98,0.0,6.5,0,6.5,-6.5,56.326,93.88,6.12,16.411,0.407,
4998.0,83.3,ECLIPSE,0.0,-34.98,0.0,6.5,0,6.5,-6.5,56.3241,93.87,6.13,16.411,0.407,
4999.0,83.317,ECLIPSE,0.0,-34.98,0.0,6.5,0,6.5,-6.5,56.3223,93.87,6.13,16.411,0.407,
5000.0,83.333,ECLIPSE,0.0,-34.98,0.0,6.5,0,6.5,-6.5,56.3204,93.87,6.13,16.411,0.407,
5001.0,83.35,ECLIPSE,0.0,-34.98,0.0,6.5,0,6.5,-6.5,56.3185,93.86,6.14,16.411,0.407,
5002.0,83.367,ECLIPSE,0.0,-34.98,0.0,6.5,0,6.5,-6.5,56.3167,93.86,6.14,16.41,0.407,
5003.0,83.383,ECLIPSE,0.0,-34.98,0.0,6.5,0,6.5,-6.5,56.3148,93.86,6.14,16.41,0.407,
5004.0,83.4,ECLIPSE,0.0,-34.98,0.0,6.5,0,6.5,-6.5,56.3129,93.85,6.15,16.41,0.407,
5005.0,83.417,ECLIPSE,0.0,-34.98,0.0,6.5,0,6.5,-6.5,56.3111,93.85,6.15,16.41,0.407,
5006.0,83.433,ECLIPSE,0.0,-34.98,0.0,6.5,0,6.5,-6.5,56.3092,93.85,6.15,16.41,0.407,
5007.0,83.45,ECLIPSE,0.0,-34.98,0.0,6.5,0,6.5,-6.5,56.3074,93.85,6.15,16.41,0.407,
5008.0,83.467,ECLIPSE,0.0,-34.98,0.0,6.5,0,6.5,-6.5,56.3055,93.84,6.16,16.409,0.407,
5009.0,83.483,ECLIPSE,0.0,-34.98,0.0,6.5,0,6.5,-6.5,56.3036,93.84,6.16,16.409,0.407,
5010.0,83.5,ECLIPSE,0.0,-34.98,0.0,6.5,0,6.5,-6.5,56.3018,93.84,6.16,16.409,0.407,
5011.0,83.517,ECLIPSE,0.0,-34.98,0.0,6.5,0,6.5,-6.5,56.2999,93.83,6.17,16.409,0.407,
5012.0,83.533,ECLIPSE,0.0,-34.98,0.0,6.5,0,6.5,-6.5,56.2981,93.83,6.17,16.409,0.407,
5013.0,83.55,ECLIPSE,0.0,-34.98,0.0,6.5,0,6.5,-6.5,56.2962,93.83,6.17,16.408,0.407,
5014.0,83.567,ECLIPSE,0.0,-34.99,0.0,6.5,0,6.5,-6.5,56.2943,93.82,6.18,16.408,0.407,
5015.0,83.583,ECLIPSE,0.0,-34.99,0.0,6.5,0,6.5,-6.5,56.2925,93.82,6.18,16.408,0.407,
5016.0,83.6,ECLIPSE,0.0,-34.99,0.0,6.5,0,6.5,-6.5,56.2906,93.82,6.18,16.408,0.407,
5017.0,83.617,ECLIPSE,0.0,-34.99,0.0,6.5,0,6.5,-6.5,56.2887,93.81,6.19,16.408,0.407,
5018.0,83.633,ECLIPSE,0.0,-34.99,0.0,6.5,0,6.5,-6.5,56.2869,93.81,6.19,16.408,0.407,
5019.0,83.65,ECLIPSE,0.0,-34.99,0.0,6.5,0,6.5,-6.5,56.285,93.81,6.19,16.407,0.407,
5020.0,83.667,ECLIPSE,0.0,-34.99,0.0,6.5,0,6.5,-6.5,56.2832,93.81,6.19,16.407,0.407,
5021.0,83.683,ECLIPSE,0.0,-34.99,0.0,6.5,0,6.5,-6.5,56.2813,93.8,6.2,16.407,0.407,
5022.0,83.7,ECLIPSE,0.0,-34.99,0.0,6.5,0,6.5,-6.5,56.2794,93.8,6.2,16.407,0.407,
5023.0,83.717,ECLIPSE,0.0,-34.99,0.0,6.5,0,6.5,-6.5,56.2776,93.8,6.2,16.407,0.407,
5024.0,83.733,ECLIPSE,0.0,-34.99,0.0,6.5,0,6.5,-6.5,56.2757,93.79,6.21,16.407,0.407,
5025.0,83.75,ECLIPSE,0.0,-34.99,0.0,6.5,0,6.5,-6.5,56.2739,93.79,6.21,16.406,0.407,
5026.0,83.767,ECLIPSE,0.0,-34.99,0.0,6.5,0,6.5,-6.5,56.272,93.79,6.21,16.406,0.407,
5027.0,83.783,ECLIPSE,0.0,-34.99,0.0,6.5,0,6.5,-6.5,56.2701,93.78,6.22,16.406,0.407,
5028.0,83.8,ECLIPSE,0.0,-34.99,0.0,6.5,0,6.5,-6.5,56.2683,93.78,6.22,16.406,0.407,
5029.0,83.817,ECLIPSE,0.0,-34.99,0.0,6.5,0,6.5,-6.5,56.2664,93.78,6.22,16.406,0.407,
5030.0,83.833,ECLIPSE,0.0,-34.99,0.0,6.5,0,6.5,-6.5,56.2646,93.77,6.23,16.406,0.407,
5031.0,83.85,ECLIPSE,0.0,-34.99,0.0,6.5,0,6.5,-6.5,56.2627,93.77,6.23,16.405,0.407,
5032.0,83.867,ECLIPSE,0.0,-34.99,0.0,6.5,0,6.5,-6.5,56.2608,93.77,6.23,16.405,0.407,
5033.0,83.883,ECLIPSE,0.0,-34.99,0.0,6.5,0,6.5,-6.5,56.259,93.76,6.24,16.405,0.407,
5034.0,83.9,ECLIPSE,0.0,-34.99,0.0,6.5,0,6.5,-6.5,56.2571,93.76,6.24,16.405,0.407,
5035.0,83.917,ECLIPSE,0.0,-34.99,0.0,6.5,0,6.5,-6.5,56.2552,93.76,6.24,16.405,0.407,
5036.0,83.933,ECLIPSE,0.0,-34.99,0.0,6.5,0,6.5,-6.5,56.2534,93.76,6.24,16.405,0.407,
5037.0,83.95,ECLIPSE,0.0,-34.99,0.0,6.5,0,6.5,-6.5,56.2515,93.75,6.25,16.404,0.407,
5038.0,83.967,ECLIPSE,0.0,-34.99,0.0,6.5,0,6.5,-6.5,56.2497,93.75,6.25,16.404,0.407,
5039.0,83.983,ECLIPSE,0.0,-34.99,0.0,6.5,0,6.5,-6.5,56.2478,93.75,6.25,16.404,0.407,
5040.0,84.0,ECLIPSE,0.0,-34.99,0.0,6.5,0,6.5,-6.5,56.2459,93.74,6.26,16.404,0.407,
5041.0,84.017,ECLIPSE,0.0,-34.99,0.0,6.5,0,6.5,-6.5,56.2441,93.74,6.26,16.404,0.407,
5042.0,84.033,ECLIPSE,0.0,-34.99,0.0,6.5,0,6.5,-6.5,56.2422,93.74,6.26,16.404,0.407,
5043.0,84.05,ECLIPSE,0.0,-34.99,0.0,6.5,0,6.5,-6.5,56.2404,93.73,6.27,16.403,0.407,
5044.0,84.067,ECLIPSE,0.0,-34.99,0.0,6.5,0,6.5,-6.5,56.2385,93.73,6.27,16.403,0.407,
5045.0,84.083,ECLIPSE,0.0,-34.99,0.0,6.5,0,6.5,-6.5,56.2366,93.73,6.27,16.403,0.407,
5046.0,84.1,ECLIPSE,0.0,-34.99,0.0,6.5,0,6.5,-6.5,56.2348,93.72,6.28,16.403,0.407,
5047.0,84.117,ECLIPSE,0.0,-34.99,0.0,6.5,0,6.5,-6.5,56.2329,93.72,6.28,16.403,0.407,
5048.0,84.133,ECLIPSE,0.0,-34.99,0.0,6.5,0,6.5,-6.5,56.231,93.72,6.28,16.403,0.407,
5049.0,84.15,ECLIPSE,0.0,-34.99,0.0,6.5,0,6.5,-6.5,56.2292,93.72,6.28,16.402,0.407,
5050.0,84.167,ECLIPSE,0.0,-34.99,0.0,6.5,0,6.5,-6.5,56.2273,93.71,6.29,16.402,0.407,
5051.0,84.183,ECLIPSE,0.0,-34.99,0.0,6.5,0,6.5,-6.5,56.2255,93.71,6.29,16.402,0.407,
5052.0,84.2,ECLIPSE,0.0,-34.99,0.0,6.5,0,6.5,-6.5,56.2236,93.71,6.29,16.402,0.407,
5053.0,84.217,ECLIPSE,0.0,-34.99,0.0,6.5,0,6.5,-6.5,56.2217,93.7,6.3,16.402,0.407,
5054.0,84.233,ECLIPSE,0.0,-34.99,0.0,6.5,0,6.5,-6.5,56.2199,93.7,6.3,16.401,0.407,
5055.0,84.25,ECLIPSE,0.0,-34.99,0.0,6.5,0,6.5,-6.5,56.218,93.7,6.3,16.401,0.407,
5056.0,84.267,ECLIPSE,0.0,-34.99,0.0,6.5,0,6.5,-6.5,56.2162,93.69,6.31,16.401,0.407,
5057.0,84.283,ECLIPSE,0.0,-34.99,0.0,6.5,0,6.5,-6.5,56.2143,93.69,6.31,16.401,0.407,
5058.0,84.3,ECLIPSE,0.0,-34.99,0.0,6.5,0,6.5,-6.5,56.2124,93.69,6.31,16.401,0.407,
5059.0,84.317,ECLIPSE,0.0,-34.99,0.0,6.5,0,6.5,-6.5,56.2106,93.68,6.32,16.401,0.407,
5060.0,84.333,ECLIPSE,0.0,-34.99,0.0,6.5,0,6.5,-6.5,56.2087,93.68,6.32,16.4,0.407,
5061.0,84.35,ECLIPSE,0.0,-34.99,0.0,6.5,0,6.5,-6.5,56.2068,93.68,6.32,16.4,0.407,
5062.0,84.367,ECLIPSE,0.0,-34.99,0.0,6.5,0,6.5,-6.5,56.205,93.67,6.33,16.4,0.407,
5063.0,84.383,ECLIPSE,0.0,-34.99,0.0,6.5,0,6.5,-6.5,56.2031,93.67,6.33,16.4,0.407,
5064.0,84.4,ECLIPSE,0.0,-34.99,0.0,6.5,0,6.5,-6.5,56.2013,93.67,6.33,16.4,0.407,
5065.0,84.417,ECLIPSE,0.0,-34.99,0.0,6.5,0,6.5,-6.5,56.1994,93.67,6.33,16.4,0.407,
5066.0,84.433,ECLIPSE,0.0,-34.99,0.0,6.5,0,6.5,-6.5,56.1975,93.66,6.34,16.399,0.407,
5067.0,84.45,ECLIPSE,0.0,-34.99,0.0,6.5,0,6.5,-6.5,56.1957,93.66,6.34,16.399,0.407,
5068.0,84.467,ECLIPSE,0.0,-34.99,0.0,6.5,0,6.5,-6.5,56.1938,93.66,6.34,16.399,0.407,
5069.0,84.483,ECLIPSE,0.0,-34.99,0.0,6.5,0,6.5,-6.5,56.192,93.65,6.35,16.399,0.407,
5070.0,84.5,ECLIPSE,0.0,-34.99,0.0,6.5,0,6.5,-6.5,56.1901,93.65,6.35,16.399,0.407,
5071.0,84.517,ECLIPSE,0.0,-34.99,0.0,6.5,0,6.5,-6.5,56.1882,93.65,6.35,16.399,0.407,
5072.0,84.533,ECLIPSE,0.0,-34.99,0.0,6.5,0,6.5,-6.5,56.1864,93.64,6.36,16.398,0.407,
5073.0,84.55,ECLIPSE,0.0,-34.99,0.0,6.5,0,6.5,-6.5,56.1845,93.64,6.36,16.398,0.407,
5074.0,84.567,ECLIPSE,0.0,-34.99,0.0,6.5,0,6.5,-6.5,56.1827,93.64,6.36,16.398,0.407,
5075.0,84.583,ECLIPSE,0.0,-34.99,0.0,6.5,0,6.5,-6.5,56.1808,93.63,6.37,16.398,0.407,
5076.0,84.6,ECLIPSE,0.0,-34.99,0.0,6.5,0,6.5,-6.5,56.1789,93.63,6.37,16.398,0.407,
5077.0,84.617,ECLIPSE,0.0,-34.99,0.0,6.5,0,6.5,-6.5,56.1771,93.63,6.37,16.398,0.407,
5078.0,84.633,ECLIPSE,0.0,-34.99,0.0,6.5,0,6.5,-6.5,56.1752,93.63,6.37,16.397,0.407,
5079.0,84.65,ECLIPSE,0.0,-34.99,0.0,6.5,0,6.5,-6.5,56.1733,93.62,6.38,16.397,0.407,
5080.0,84.667,ECLIPSE,0.0,-34.99,0.0,6.5,0,6.5,-6.5,56.1715,93.62,6.38,16.397,0.407,
5081.0,84.683,ECLIPSE,0.0,-34.99,0.0,6.5,0,6.5,-6.5,56.1696,93.62,6.38,16.397,0.407,
5082.0,84.7,ECLIPSE,0.0,-34.99,0.0,6.5,0,6.5,-6.5,56.1678,93.61,6.39,16.397,0.407,
5083.0,84.717,ECLIPSE,0.0,-34.99,0.0,6.5,0,6.5,-6.5,56.1659,93.61,6.39,16.397,0.407,
5084.0,84.733,ECLIPSE,0.0,-34.99,0.0,6.5,0,6.5,-6.5,56.164,93.61,6.39,16.396,0.407,
5085.0,84.75,ECLIPSE,0.0,-34.99,0.0,6.5,0,6.5,-6.5,56.1622,93.6,6.4,16.396,0.407,
5086.0,84.767,ECLIPSE,0.0,-34.99,0.0,6.5,0,6.5,-6.5,56.1603,93.6,6.4,16.396,0.407,
5087.0,84.783,ECLIPSE,0.0,-34.99,0.0,6.5,0,6.5,-6.5,56.1585,93.6,6.4,16.396,0.407,
5088.0,84.8,ECLIPSE,0.0,-34.99,0.0,6.5,0,6.5,-6.5,56.1566,93.59,6.41,16.396,0.407,
5089.0,84.817,ECLIPSE,0.0,-34.99,0.0,6.5,0,6.5,-6.5,56.1547,93.59,6.41,16.395,0.407,
5090.0,84.833,ECLIPSE,0.0,-34.99,0.0,6.5,0,6.5,-6.5,56.1529,93.59,6.41,16.395,0.407,
5091.0,84.85,ECLIPSE,0.0,-34.99,0.0,6.5,0,6.5,-6.5,56.151,93.59,6.41,16.395,0.408,
5092.0,84.867,ECLIPSE,0.0,-34.99,0.0,6.5,0,6.5,-6.5,56.1491,93.58,6.42,16.395,0.408,
5093.0,84.883,ECLIPSE,0.0,-34.99,0.0,6.5,0,6.5,-6.5,56.1473,93.58,6.42,16.395,0.408,
5094.0,84.9,ECLIPSE,0.0,-34.99,0.0,6.5,0,6.5,-6.5,56.1454,93.58,6.42,16.395,0.408,
5095.0,84.917,ECLIPSE,0.0,-34.99,0.0,6.5,0,6.5,-6.5,56.1436,93.57,6.43,16.394,0.408,
5096.0,84.933,ECLIPSE,0.0,-34.99,0.0,6.5,0,6.5,-6.5,56.1417,93.57,6.43,16.394,0.408,
5097.0,84.95,ECLIPSE,0.0,-34.99,0.0,6.5,0,6.5,-6.5,56.1398,93.57,6.43,16.394,0.408,
5098.0,84.967,ECLIPSE,0.0,-34.99,0.0,6.5,0,6.5,-6.5,56.138,93.56,6.44,16.394,0.408,
5099.0,84.983,ECLIPSE,0.0,-34.99,0.0,6.5,0,6.5,-6.5,56.1361,93.56,6.44,16.394,0.408,
5100.0,85.0,ECLIPSE,0.0,-34.99,0.0,6.5,0,6.5,-6.5,56.1343,93.56,6.44,16.394,0.408,
5101.0,85.017,ECLIPSE,0.0,-34.99,0.0,6.5,0,6.5,-6.5,56.1324,93.55,6.45,16.393,0.408,
5102.0,85.033,ECLIPSE,0.0,-34.99,0.0,6.5,0,6.5,-6.5,56.1305,93.55,6.45,16.393,0.408,
5103.0,85.05,ECLIPSE,0.0,-34.99,0.0,6.5,0,6.5,-6.5,56.1287,93.55,6.45,16.393,0.408,
5104.0,85.067,ECLIPSE,0.0,-34.99,0.0,6.5,0,6.5,-6.5,56.1268,93.54,6.46,16.393,0.408,
5105.0,85.083,ECLIPSE,0.0,-34.99,0.0,6.5,0,6.5,-6.5,56.1249,93.54,6.46,16.393,0.408,
5106.0,85.1,ECLIPSE,0.0,-34.99,0.0,6.5,0,6.5,-6.5,56.1231,93.54,6.46,16.393,0.408,
5107.0,85.117,ECLIPSE,0.0,-34.99,0.0,6.5,0,6.5,-6.5,56.1212,93.54,6.46,16.392,0.408,
5108.0,85.133,ECLIPSE,0.0,-34.99,0.0,6.5,0,6.5,-6.5,56.1194,93.53,6.47,16.392,0.408,
5109.0,85.15,ECLIPSE,0.0,-34.99,0.0,6.5,0,6.5,-6.5,56.1175,93.53,6.47,16.392,0.408,
5110.0,85.167,ECLIPSE,0.0,-34.99,0.0,6.5,0,6.5,-6.5,56.1156,93.53,6.47,16.392,0.408,
5111.0,85.183,ECLIPSE,0.0,-34.99,0.0,6.5,0,6.5,-6.5,56.1138,93.52,6.48,16.392,0.408,
5112.0,85.2,ECLIPSE,0.0,-34.99,0.0,6.5,0,6.5,-6.5,56.1119,93.52,6.48,16.392,0.408,
5113.0,85.217,ECLIPSE,0.0,-34.99,0.0,6.5,0,6.5,-6.5,56.1101,93.52,6.48,16.391,0.408,
5114.0,85.233,ECLIPSE,0.0,-34.99,0.0,6.5,0,6.5,-6.5,56.1082,93.51,6.49,16.391,0.408,
5115.0,85.25,ECLIPSE,0.0,-34.99,0.0,6.5,0,6.5,-6.5,56.1063,93.51,6.49,16.391,0.408,
5116.0,85.267,ECLIPSE,0.0,-34.99,0.0,6.5,0,6.5,-6.5,56.1045,93.51,6.49,16.391,0.408,
5117.0,85.283,ECLIPSE,0.0,-34.99,0.0,6.5,0,6.5,-6.5,56.1026,93.5,6.5,16.391,0.408,
5118.0,85.3,ECLIPSE,0.0,-34.99,0.0,6.5,0,6.5,-6.5,56.1007,93.5,6.5,16.391,0.408,
5119.0,85.317,ECLIPSE,0.0,-34.99,0.0,6.5,0,6.5,-6.5,56.0989,93.5,6.5,16.39,0.408,
5120.0,85.333,ECLIPSE,0.0,-34.99,0.0,6.5,0,6.5,-6.5,56.097,93.5,6.5,16.39,0.408,
5121.0,85.35,ECLIPSE,0.0,-34.99,0.0,6.5,0,6.5,-6.5,56.0952,93.49,6.51,16.39,0.408,
5122.0,85.367,ECLIPSE,0.0,-34.99,0.0,6.5,0,6.5,-6.5,56.0933,93.49,6.51,16.39,0.408,
5123.0,85.383,ECLIPSE,0.0,-34.99,0.0,6.5,0,6.5,-6.5,56.0914,93.49,6.51,16.39,0.408,
5124.0,85.4,ECLIPSE,0.0,-34.99,0.0,6.5,0,6.5,-6.5,56.0896,93.48,6.52,16.39,0.408,
5125.0,85.417,ECLIPSE,0.0,-34.99,0.0,6.5,0,6.5,-6.5,56.0877,93.48,6.52,16.389,0.408,
5126.0,85.433,ECLIPSE,0.0,-34.99,0.0,6.5,0,6.5,-6.5,56.0859,93.48,6.52,16.389,0.408,
5127.0,85.45,ECLIPSE,0.0,-34.99,0.0,6.5,0,6.5,-6.5,56.084,93.47,6.53,16.389,0.408,
5128.0,85.467,ECLIPSE,0.0,-34.99,0.0,6.5,0,6.5,-6.5,56.0821,93.47,6.53,16.389,0.408,
5129.0,85.483,ECLIPSE,0.0,-34.99,0.0,6.5,0,6.5,-6.5,56.0803,93.47,6.53,16.389,0.408,
5130.0,85.5,ECLIPSE,0.0,-34.99,0.0,6.5,0,6.5,-6.5,56.0784,93.46,6.54,16.388,0.408,
5131.0,85.517,ECLIPSE,0.0,-34.99,0.0,6.5,0,6.5,-6.5,56.0766,93.46,6.54,16.388,0.408,
5132.0,85.533,ECLIPSE,0.0,-34.99,0.0,6.5,0,6.5,-6.5,56.0747,93.46,6.54,16.388,0.408,
5133.0,85.55,ECLIPSE,0.0,-34.99,0.0,6.5,0,6.5,-6.5,56.0728,93.45,6.55,16.388,0.408,
5134.0,85.567,ECLIPSE,0.0,-34.99,0.0,6.5,0,6.5,-6.5,56.071,93.45,6.55,16.388,0.408,
5135.0,85.583,ECLIPSE,0.0,-34.99,0.0,6.5,0,6.5,-6.5,56.0691,93.45,6.55,16.388,0.408,
5136.0,85.6,ECLIPSE,0.0,-34.99,0.0,6.5,0,6.5,-6.5,56.0672,93.45,6.55,16.387,0.408,
5137.0,85.617,ECLIPSE,0.0,-34.99,0.0,6.5,0,6.5,-6.5,56.0654,93.44,6.56,16.387,0.408,
5138.0,85.633,ECLIPSE,0.0,-34.99,0.0,6.5,0,6.5,-6.5,56.0635,93.44,6.56,16.387,0.408,
5139.0,85.65,ECLIPSE,0.0,-34.99,0.0,6.5,0,6.5,-6.5,56.0617,93.44,6.56,16.387,0.408,
5140.0,85.667,ECLIPSE,0.0,-34.99,0.0,6.5,0,6.5,-6.5,56.0598,93.43,6.57,16.387,0.408,
5141.0,85.683,ECLIPSE,0.0,-34.99,0.0,6.5,0,6.5,-6.5,56.0579,93.43,6.57,16.387,0.408,
5142.0,85.7,ECLIPSE,0.0,-34.99,0.0,6.5,0,6.5,-6.5,56.0561,93.43,6.57,16.386,0.408,
5143.0,85.717,ECLIPSE,0.0,-34.99,0.0,6.5,0,6.5,-6.5,56.0542,93.42,6.58,16.386,0.408,
5144.0,85.733,ECLIPSE,0.0,-34.99,0.0,6.5,0,6.5,-6.5,56.0524,93.42,6.58,16.386,0.408,
5145.0,85.75,ECLIPSE,0.0,-34.99,0.0,6.5,0,6.5,-6.5,56.0505,93.42,6.58,16.386,0.408,
5146.0,85.767,ECLIPSE,0.0,-34.99,0.0,6.5,0,6.5,-6.5,56.0486,93.41,6.59,16.386,0.408,
5147.0,85.783,ECLIPSE,0.0,-34.99,0.0,6.5,0,6.5,-6.5,56.0468,93.41,6.59,16.386,0.408,
5148.0,85.8,ECLIPSE,0.0,-34.99,0.0,6.5,0,6.5,-6.5,56.0449,93.41,6.59,16.385,0.408,
5149.0,85.817,ECLIPSE,0.0,-34.99,0.0,6.5,0,6.5,-6.5,56.043,93.41,6.59,16.385,0.408,
5150.0,85.833,ECLIPSE,0.0,-34.99,0.0,6.5,0,6.5,-6.5,56.0412,93.4,6.6,16.385,0.408,
5151.0,85.85,ECLIPSE,0.0,-34.99,0.0,6.5,0,6.5,-6.5,56.0393,93.4,6.6,16.385,0.408,
5152.0,85.867,ECLIPSE,0.0,-34.99,0.0,6.5,0,6.5,-6.5,56.0375,93.4,6.6,16.385,0.408,
5153.0,85.883,ECLIPSE,0.0,-34.99,0.0,6.5,0,6.5,-6.5,56.0356,93.39,6.61,16.385,0.408,
5154.0,85.9,ECLIPSE,0.0,-34.99,0.0,6.5,0,6.5,-6.5,56.0337,93.39,6.61,16.384,0.408,
5155.0,85.917,ECLIPSE,0.0,-34.99,0.0,6.5,0,6.5,-6.5,56.0319,93.39,6.61,16.384,0.408,
5156.0,85.933,ECLIPSE,0.0,-34.99,0.0,6.5,0,6.5,-6.5,56.03,93.38,6.62,16.384,0.408,
5157.0,85.95,ECLIPSE,0.0,-34.99,0.0,6.5,0,6.5,-6.5,56.0282,93.38,6.62,16.384,0.408,
5158.0,85.967,ECLIPSE,0.0,-34.99,0.0,6.5,0,6.5,-6.5,56.0263,93.38,6.62,16.384,0.408,
5159.0,85.983,ECLIPSE,0.0,-34.99,0.0,6.5,0,6.5,-6.5,56.0244,93.37,6.63,16.384,0.408,
5160.0,86.0,ECLIPSE,0.0,-34.99,0.0,6.5,0,6.5,-6.5,56.0226,93.37,6.63,16.383,0.408,
5161.0,86.017,ECLIPSE,0.0,-34.99,0.0,6.5,0,6.5,-6.5,56.0207,93.37,6.63,16.383,0.408,
5162.0,86.033,ECLIPSE,0.0,-34.99,0.0,6.5,0,6.5,-6.5,56.0188,93.36,6.64,16.383,0.408,
5163.0,86.05,ECLIPSE,0.0,-34.99,0.0,6.5,0,6.5,-6.5,56.017,93.36,6.64,16.383,0.408,
5164.0,86.067,ECLIPSE,0.0,-34.99,0.0,6.5,0,6.5,-6.5,56.0151,93.36,6.64,16.383,0.408,
5165.0,86.083,ECLIPSE,0.0,-34.99,0.0,6.5,0,6.5,-6.5,56.0133,93.36,6.64,16.382,0.408,
5166.0,86.1,ECLIPSE,0.0,-34.99,0.0,6.5,0,6.5,-6.5,56.0114,93.35,6.65,16.382,0.408,
5167.0,86.117,ECLIPSE,0.0,-34.99,0.0,6.5,0,6.5,-6.5,56.0095,93.35,6.65,16.382,0.408,
5168.0,86.133,ECLIPSE,0.0,-34.99,0.0,6.5,0,6.5,-6.5,56.0077,93.35,6.65,16.382,0.408,
5169.0,86.15,ECLIPSE,0.0,-34.99,0.0,6.5,0,6.5,-6.5,56.0058,93.34,6.66,16.382,0.408,
5170.0,86.167,ECLIPSE,0.0,-34.99,0.0,6.5,0,6.5,-6.5,56.004,93.34,6.66,16.382,0.408,
5171.0,86.183,ECLIPSE,0.0,-34.99,0.0,6.5,0,6.5,-6.5,56.0021,93.34,6.66,16.381,0.408,
5172.0,86.2,ECLIPSE,0.0,-34.99,0.0,6.5,0,6.5,-6.5,56.0002,93.33,6.67,16.381,0.408,
5173.0,86.217,ECLIPSE,0.0,-34.99,0.0,6.5,0,6.5,-6.5,55.9984,93.33,6.67,16.381,0.408,
5174.0,86.233,ECLIPSE,0.0,-34.99,0.0,6.5,0,6.5,-6.5,55.9965,93.33,6.67,16.381,0.408,
5175.0,86.25,ECLIPSE,0.0,-34.99,0.0,6.5,0,6.5,-6.5,55.9946,93.32,6.68,16.381,0.408,
5176.0,86.267,ECLIPSE,0.0,-34.99,0.0,6.5,0,6.5,-6.5,55.9928,93.32,6.68,16.381,0.408,
5177.0,86.283,ECLIPSE,0.0,-34.99,0.0,6.5,0,6.5,-6.5,55.9909,93.32,6.68,16.38,0.408,
5178.0,86.3,ECLIPSE,0.0,-34.99,0.0,6.5,0,6.5,-6.5,55.9891,93.32,6.68,16.38,0.408,
5179.0,86.317,ECLIPSE,0.0,-34.99,0.0,6.5,0,6.5,-6.5,55.9872,93.31,6.69,16.38,0.408,
5180.0,86.333,ECLIPSE,0.0,-34.99,0.0,6.5,0,6.5,-6.5,55.9853,93.31,6.69,16.38,0.408,
5181.0,86.35,ECLIPSE,0.0,-34.99,0.0,6.5,0,6.5,-6.5,55.9835,93.31,6.69,16.38,0.408,
5182.0,86.367,ECLIPSE,0.0,-34.99,0.0,6.5,0,6.5,-6.5,55.9816,93.3,6.7,16.38,0.408,
5183.0,86.383,ECLIPSE,0.0,-34.99,0.0,6.5,0,6.5,-6.5,55.9798,93.3,6.7,16.379,0.408,
5184.0,86.4,ECLIPSE,0.0,-34.99,0.0,6.5,0,6.5,-6.5,55.9779,93.3,6.7,16.379,0.408,
5185.0,86.417,ECLIPSE,0.0,-34.99,0.0,6.5,0,6.5,-6.5,55.976,93.29,6.71,16.379,0.408,
5186.0,86.433,ECLIPSE,0.0,-34.99,0.0,6.5,0,6.5,-6.5,55.9742,93.29,6.71,16.379,0.408,
5187.0,86.45,ECLIPSE,0.0,-34.99,0.0,6.5,0,6.5,-6.5,55.9723,93.29,6.71,16.379,0.408,
5188.0,86.467,ECLIPSE,0.0,-34.99,0.0,6.5,0,6.5,-6.5,55.9705,93.28,6.72,16.379,0.408,
5189.0,86.483,ECLIPSE,0.0,-34.99,0.0,6.5,0,6.5,-6.5,55.9686,93.28,6.72,16.378,0.408,
5190.0,86.5,ECLIPSE,0.0,-34.99,0.0,6.5,0,6.5,-6.5,55.9667,93.28,6.72,16.378,0.408,
5191.0,86.517,ECLIPSE,0.0,-34.99,0.0,6.5,0,6.5,-6.5,55.9649,93.27,6.73,16.378,0.408,
5192.0,86.533,ECLIPSE,0.0,-34.99,0.0,6.5,0,6.5,-6.5,55.963,93.27,6.73,16.378,0.408,
5193.0,86.55,ECLIPSE,0.0,-34.99,0.0,6.5,0,6.5,-6.5,55.9611,93.27,6.73,16.378,0.408,
5194.0,86.567,ECLIPSE,0.0,-34.99,0.0,6.5,0,6.5,-6.5,55.9593,93.27,6.73,16.378,0.408,
5195.0,86.583,ECLIPSE,0.0,-34.99,0.0,6.5,0,6.5,-6.5,55.9574,93.26,6.74,16.377,0.408,
5196.0,86.6,ECLIPSE,0.0,-34.99,0.0,6.5,0,6.5,-6.5,55.9556,93.26,6.74,16.377,0.408,
5197.0,86.617,ECLIPSE,0.0,-34.99,0.0,6.5,0,6.5,-6.5,55.9537,93.26,6.74,16.377,0.408,
5198.0,86.633,ECLIPSE,0.0,-34.99,0.0,6.5,0,6.5,-6.5,55.9518,93.25,6.75,16.377,0.408,
5199.0,86.65,ECLIPSE,0.0,-34.99,0.0,6.5,0,6.5,-6.5,55.95,93.25,6.75,16.377,0.408,
5200.0,86.667,ECLIPSE,0.0,-34.99,0.0,6.5,0,6.5,-6.5,55.9481,93.25,6.75,16.377,0.408,
5201.0,86.683,ECLIPSE,0.0,-34.99,0.0,6.5,0,6.5,-6.5,55.9463,93.24,6.76,16.376,0.408,
5202.0,86.7,ECLIPSE,0.0,-34.99,0.0,6.5,0,6.5,-6.5,55.9444,93.24,6.76,16.376,0.408,
5203.0,86.717,ECLIPSE,0.0,-34.99,0.0,6.5,0,6.5,-6.5,55.9425,93.24,6.76,16.376,0.408,
5204.0,86.733,ECLIPSE,0.0,-34.99,0.0,6.5,0,6.5,-6.5,55.9407,93.23,6.77,16.376,0.408,
5205.0,86.75,ECLIPSE,0.0,-34.99,0.0,6.5,0,6.5,-6.5,55.9388,93.23,6.77,16.376,0.408,
5206.0,86.767,ECLIPSE,0.0,-34.99,0.0,6.5,0,6.5,-6.5,55.9369,93.23,6.77,16.375,0.408,
5207.0,86.783,ECLIPSE,0.0,-34.99,0.0,6.5,0,6.5,-6.5,55.9351,93.23,6.77,16.375,0.408,
5208.0,86.8,ECLIPSE,0.0,-34.99,0.0,6.5,0,6.5,-6.5,55.9332,93.22,6.78,16.375,0.408,
5209.0,86.817,ECLIPSE,0.0,-34.99,0.0,6.5,0,6.5,-6.5,55.9314,93.22,6.78,16.375,0.408,
5210.0,86.833,ECLIPSE,0.0,-34.99,0.0,6.5,0,6.5,-6.5,55.9295,93.22,6.78,16.375,0.408,
5211.0,86.85,ECLIPSE,0.0,-34.99,0.0,6.5,0,6.5,-6.5,55.9276,93.21,6.79,16.375,0.408,
5212.0,86.867,ECLIPSE,0.0,-35.0,0.0,6.5,0,6.5,-6.5,55.9258,93.21,6.79,16.374,0.408,
5213.0,86.883,ECLIPSE,0.0,-35.0,0.0,6.5,0,6.5,-6.5,55.9239,93.21,6.79,16.374,0.408,
5214.0,86.9,ECLIPSE,0.0,-35.0,0.0,6.5,0,6.5,-6.5,55.9221,93.2,6.8,16.374,0.408,
5215.0,86.917,ECLIPSE,0.0,-35.0,0.0,6.5,0,6.5,-6.5,55.9202,93.2,6.8,16.374,0.408,
5216.0,86.933,ECLIPSE,0.0,-35.0,0.0,6.5,0,6.5,-6.5,55.9183,93.2,6.8,16.374,0.408,
5217.0,86.95,ECLIPSE,0.0,-35.0,0.0,6.5,0,6.5,-6.5,55.9165,93.19,6.81,16.374,0.408,
5218.0,86.967,ECLIPSE,0.0,-35.0,0.0,6.5,0,6.5,-6.5,55.9146,93.19,6.81,16.373,0.408,
5219.0,86.983,ECLIPSE,0.0,-35.0,0.0,6.5,0,6.5,-6.5,55.9127,93.19,6.81,16.373,0.408,
5220.0,87.0,ECLIPSE,0.0,-35.0,0.0,6.5,0,6.5,-6.5,55.9109,93.18,6.82,16.373,0.408,
5221.0,87.017,ECLIPSE,0.0,-35.0,0.0,6.5,0,6.5,-6.5,55.909,93.18,6.82,16.373,0.408,
5222.0,87.033,ECLIPSE,0.0,-35.0,0.0,6.5,0,6.5,-6.5,55.9072,93.18,6.82,16.373,0.408,
5223.0,87.05,ECLIPSE,0.0,-35.0,0.0,6.5,0,6.5,-6.5,55.9053,93.18,6.82,16.373,0.408,
5224.0,87.067,ECLIPSE,0.0,-35.0,0.0,6.5,0,6.5,-6.5,55.9034,93.17,6.83,16.372,0.408,
5225.0,87.083,ECLIPSE,0.0,-35.0,0.0,6.5,0,6.5,-6.5,55.9016,93.17,6.83,16.372,0.408,
5226.0,87.1,ECLIPSE,0.0,-35.0,0.0,6.5,0,6.5,-6.5,55.8997,93.17,6.83,16.372,0.408,
5227.0,87.117,ECLIPSE,0.0,-35.0,0.0,6.5,0,6.5,-6.5,55.8979,93.16,6.84,16.372,0.408,
5228.0,87.133,ECLIPSE,0.0,-35.0,0.0,6.5,0,6.5,-6.5,55.896,93.16,6.84,16.372,0.408,
5229.0,87.15,ECLIPSE,0.0,-35.0,0.0,6.5,0,6.5,-6.5,55.8941,93.16,6.84,16.372,0.408,
5230.0,87.167,ECLIPSE,0.0,-35.0,0.0,6.5,0,6.5,-6.5,55.8923,93.15,6.85,16.371,0.408,
5231.0,87.183,ECLIPSE,0.0,-35.0,0.0,6.5,0,6.5,-6.5,55.8904,93.15,6.85,16.371,0.408,
5232.0,87.2,ECLIPSE,0.0,-35.0,0.0,6.5,0,6.5,-6.5,55.8885,93.15,6.85,16.371,0.408,
5233.0,87.217,ECLIPSE,0.0,-35.0,0.0,6.5,0,6.5,-6.5,55.8867,93.14,6.86,16.371,0.408,
5234.0,87.233,ECLIPSE,0.0,-35.0,0.0,6.5,0,6.5,-6.5,55.8848,93.14,6.86,16.371,0.408,
5235.0,87.25,ECLIPSE,0.0,-35.0,0.0,6.5,0,6.5,-6.5,55.883,93.14,6.86,16.371,0.408,
5236.0,87.267,ECLIPSE,0.0,-35.0,0.0,6.5,0,6.5,-6.5,55.8811,93.14,6.86,16.37,0.408,
5237.0,87.283,ECLIPSE,0.0,-35.0,0.0,6.5,0,6.5,-6.5,55.8792,93.13,6.87,16.37,0.408,
5238.0,87.3,ECLIPSE,0.0,-35.0,0.0,6.5,0,6.5,-6.5,55.8774,93.13,6.87,16.37,0.408,
5239.0,87.317,ECLIPSE,0.0,-35.0,0.0,6.5,0,6.5,-6.5,55.8755,93.13,6.87,16.37,0.408,
5240.0,87.333,ECLIPSE,0.0,-35.0,0.0,6.5,0,6.5,-6.5,55.8737,93.12,6.88,16.37,0.408,
5241.0,87.35,ECLIPSE,0.0,-35.0,0.0,6.5,0,6.5,-6.5,55.8718,93.12,6.88,16.37,0.408,
5242.0,87.367,ECLIPSE,0.0,-35.0,0.0,6.5,0,6.5,-6.5,55.8699,93.12,6.88,16.369,0.408,
5243.0,87.383,ECLIPSE,0.0,-35.0,0.0,6.5,0,6.5,-6.5,55.8681,93.11,6.89,16.369,0.408,
5244.0,87.4,ECLIPSE,0.0,-35.0,0.0,6.5,0,6.5,-6.5,55.8662,93.11,6.89,16.369,0.408,
5245.0,87.417,ECLIPSE,0.0,-35.0,0.0,6.5,0,6.5,-6.5,55.8644,93.11,6.89,16.369,0.408,
5246.0,87.433,ECLIPSE,0.0,-35.0,0.0,6.5,0,6.5,-6.5,55.8625,93.1,6.9,16.369,0.408,
5247.0,87.45,ECLIPSE,0.0,-35.0,0.0,6.5,0,6.5,-6.5,55.8606,93.1,6.9,16.368,0.408,
5248.0,87.467,ECLIPSE,0.0,-35.0,0.0,6.5,0,6.5,-6.5,55.8588,93.1,6.9,16.368,0.408,
5249.0,87.483,ECLIPSE,0.0,-35.0,0.0,6.5,0,6.5,-6.5,55.8569,93.09,6.91,16.368,0.408,
5250.0,87.5,ECLIPSE,0.0,-35.0,0.0,6.5,0,6.5,-6.5,55.855,93.09,6.91,16.368,0.408,
5251.0,87.517,ECLIPSE,0.0,-35.0,0.0,6.5,0,6.5,-6.5,55.8532,93.09,6.91,16.368,0.408,
5252.0,87.533,ECLIPSE,0.0,-35.0,0.0,6.5,0,6.5,-6.5,55.8513,93.09,6.91,16.368,0.408,
5253.0,87.55,ECLIPSE,0.0,-35.0,0.0,6.5,0,6.5,-6.5,55.8495,93.08,6.92,16.367,0.408,
5254.0,87.567,ECLIPSE,0.0,-35.0,0.0,6.5,0,6.5,-6.5,55.8476,93.08,6.92,16.367,0.408,
5255.0,87.583,ECLIPSE,0.0,-35.0,0.0,6.5,0,6.5,-6.5,55.8457,93.08,6.92,16.367,0.408,
5256.0,87.6,ECLIPSE,0.0,-35.0,0.0,6.5,0,6.5,-6.5,55.8439,93.07,6.93,16.367,0.408,
5257.0,87.617,ECLIPSE,0.0,-35.0,0.0,6.5,0,6.5,-6.5,55.842,93.07,6.93,16.367,0.408,
5258.0,87.633,ECLIPSE,0.0,-35.0,0.0,6.5,0,6.5,-6.5,55.8402,93.07,6.93,16.367,0.408,
5259.0,87.65,ECLIPSE,0.0,-35.0,0.0,6.5,0,6.5,-6.5,55.8383,93.06,6.94,16.366,0.408,
5260.0,87.667,ECLIPSE,0.0,-35.0,0.0,6.5,0,6.5,-6.5,55.8364,93.06,6.94,16.366,0.408,
5261.0,87.683,ECLIPSE,0.0,-35.0,0.0,6.5,0,6.5,-6.5,55.8346,93.06,6.94,16.366,0.408,
5262.0,87.7,ECLIPSE,0.0,-35.0,0.0,6.5,0,6.5,-6.5,55.8327,93.05,6.95,16.366,0.408,
5263.0,87.717,ECLIPSE,0.0,-35.0,0.0,6.5,0,6.5,-6.5,55.8308,93.05,6.95,16.366,0.408,
5264.0,87.733,ECLIPSE,0.0,-35.0,0.0,6.5,0,6.5,-6.5,55.829,93.05,6.95,16.366,0.408,
5265.0,87.75,ECLIPSE,0.0,-35.0,0.0,6.5,0,6.5,-6.5,55.8271,93.05,6.95,16.365,0.408,
5266.0,87.767,ECLIPSE,0.0,-35.0,0.0,6.5,0,6.5,-6.5,55.8253,93.04,6.96,16.365,0.408,
5267.0,87.783,ECLIPSE,0.0,-35.0,0.0,6.5,0,6.5,-6.5,55.8234,93.04,6.96,16.365,0.408,
5268.0,87.8,ECLIPSE,0.0,-35.0,0.0,6.5,0,6.5,-6.5,55.8215,93.04,6.96,16.365,0.408,
5269.0,87.817,ECLIPSE,0.0,-35.0,0.0,6.5,0,6.5,-6.5,55.8197,93.03,6.97,16.365,0.408,
5270.0,87.833,ECLIPSE,0.0,-35.0,0.0,6.5,0,6.5,-6.5,55.8178,93.03,6.97,16.365,0.408,
5271.0,87.85,ECLIPSE,0.0,-35.0,0.0,6.5,0,6.5,-6.5,55.816,93.03,6.97,16.364,0.408,
5272.0,87.867,ECLIPSE,0.0,-35.0,0.0,6.5,0,6.5,-6.5,55.8141,93.02,6.98,16.364,0.408,
5273.0,87.883,ECLIPSE,0.0,-35.0,0.0,6.5,0,6.5,-6.5,55.8122,93.02,6.98,16.364,0.408,
5274.0,87.9,ECLIPSE,0.0,-35.0,0.0,6.5,0,6.5,-6.5,55.8104,93.02,6.98,16.364,0.408,
5275.0,87.917,ECLIPSE,0.0,-35.0,0.0,6.5,0,6.5,-6.5,55.8085,93.01,6.99,16.364,0.408,
5276.0,87.933,ECLIPSE,0.0,-35.0,0.0,6.5,0,6.5,-6.5,55.8066,93.01,6.99,16.364,0.408,
5277.0,87.95,ECLIPSE,0.0,-35.0,0.0,6.5,0,6.5,-6.5,55.8048,93.01,6.99,16.363,0.408,
5278.0,87.967,ECLIPSE,0.0,-35.0,0.0,6.5,0,6.5,-6.5,55.8029,93.0,7.0,16.363,0.408,
5279.0,87.983,ECLIPSE,0.0,-35.0,0.0,6.5,0,6.5,-6.5,55.8011,93.0,7.0,16.363,0.408,
5280.0,88.0,ECLIPSE,0.0,-35.0,0.0,6.5,0,6.5,-6.5,55.7992,93.0,7.0,16.363,0.408,
5281.0,88.017,ECLIPSE,0.0,-35.0,0.0,6.5,0,6.5,-6.5,55.7973,93.0,7.0,16.363,0.408,
5282.0,88.033,ECLIPSE,0.0,-35.0,0.0,6.5,0,6.5,-6.5,55.7955,92.99,7.01,16.363,0.408,
5283.0,88.05,ECLIPSE,0.0,-35.0,0.0,6.5,0,6.5,-6.5,55.7936,92.99,7.01,16.362,0.408,
5284.0,88.067,ECLIPSE,0.0,-35.0,0.0,6.5,0,6.5,-6.5,55.7918,92.99,7.01,16.362,0.408,
5285.0,88.083,ECLIPSE,0.0,-35.0,0.0,6.5,0,6.5,-6.5,55.7899,92.98,7.02,16.362,0.408,
5286.0,88.1,ECLIPSE,0.0,-35.0,0.0,6.5,0,6.5,-6.5,55.788,92.98,7.02,16.362,0.408,
5287.0,88.117,ECLIPSE,0.0,-35.0,0.0,6.5,0,6.5,-6.5,55.7862,92.98,7.02,16.362,0.408,
5288.0,88.133,ECLIPSE,0.0,-35.0,0.0,6.5,0,6.5,-6.5,55.7843,92.97,7.03,16.361,0.408,
5289.0,88.15,ECLIPSE,0.0,-35.0,0.0,6.5,0,6.5,-6.5,55.7824,92.97,7.03,16.361,0.408,
5290.0,88.167,ECLIPSE,0.0,-35.0,0.0,6.5,0,6.5,-6.5,55.7806,92.97,7.03,16.361,0.408,
5291.0,88.183,ECLIPSE,0.0,-35.0,0.0,6.5,0,6.5,-6.5,55.7787,92.96,7.04,16.361,0.408,
5292.0,88.2,ECLIPSE,0.0,-35.0,0.0,6.5,0,6.5,-6.5,55.7769,92.96,7.04,16.361,0.408,
5293.0,88.217,ECLIPSE,0.0,-35.0,0.0,6.5,0,6.5,-6.5,55.775,92.96,7.04,16.361,0.408,
5294.0,88.233,ECLIPSE,0.0,-35.0,0.0,6.5,0,6.5,-6.5,55.7731,92.96,7.04,16.36,0.408,
5295.0,88.25,ECLIPSE,0.0,-35.0,0.0,6.5,0,6.5,-6.5,55.7713,92.95,7.05,16.36,0.408,
5296.0,88.267,ECLIPSE,0.0,-35.0,0.0,6.5,0,6.5,-6.5,55.7694,92.95,7.05,16.36,0.408,
5297.0,88.283,ECLIPSE,0.0,-35.0,0.0,6.5,0,6.5,-6.5,55.7676,92.95,7.05,16.36,0.408,
5298.0,88.3,ECLIPSE,0.0,-35.0,0.0,6.5,0,6.5,-6.5,55.7657,92.94,7.06,16.36,0.408,
5299.0,88.317,ECLIPSE,0.0,-35.0,0.0,6.5,0,6.5,-6.5,55.7638,92.94,7.06,16.36,0.408,
5300.0,88.333,ECLIPSE,0.0,-35.0,0.0,6.5,0,6.5,-6.5,55.762,92.94,7.06,16.359,0.408,
5301.0,88.35,ECLIPSE,0.0,-35.0,0.0,6.5,0,6.5,-6.5,55.7601,92.93,7.07,16.359,0.408,
5302.0,88.367,ECLIPSE,0.0,-35.0,0.0,6.5,0,6.5,-6.5,55.7583,92.93,7.07,16.359,0.408,
5303.0,88.383,ECLIPSE,0.0,-35.0,0.0,6.5,0,6.5,-6.5,55.7564,92.93,7.07,16.359,0.408,
5304.0,88.4,ECLIPSE,0.0,-35.0,0.0,6.5,0,6.5,-6.5,55.7545,92.92,7.08,16.359,0.408,
5305.0,88.417,ECLIPSE,0.0,-35.0,0.0,6.5,0,6.5,-6.5,55.7527,92.92,7.08,16.359,0.408,
5306.0,88.433,ECLIPSE,0.0,-35.0,0.0,6.5,0,6.5,-6.5,55.7508,92.92,7.08,16.358,0.408,
5307.0,88.45,ECLIPSE,0.0,-35.0,0.0,6.5,0,6.5,-6.5,55.7489,92.91,7.09,16.358,0.408,
5308.0,88.467,ECLIPSE,0.0,-35.0,0.0,6.5,0,6.5,-6.5,55.7471,92.91,7.09,16.358,0.408,
5309.0,88.483,ECLIPSE,0.0,-35.0,0.0,6.5,0,6.5,-6.5,55.7452,92.91,7.09,16.358,0.408,
5310.0,88.5,ECLIPSE,0.0,-35.0,0.0,6.5,0,6.5,-6.5,55.7434,92.91,7.09,16.358,0.408,
5311.0,88.517,ECLIPSE,0.0,-35.0,0.0,6.5,0,6.5,-6.5,55.7415,92.9,7.1,16.358,0.408,
5312.0,88.533,ECLIPSE,0.0,-35.0,0.0,6.5,0,6.5,-6.5,55.7396,92.9,7.1,16.357,0.408,
5313.0,88.55,ECLIPSE,0.0,-35.0,0.0,6.5,0,6.5,-6.5,55.7378,92.9,7.1,16.357,0.408,
5314.0,88.567,ECLIPSE,0.0,-35.0,0.0,6.5,0,6.5,-6.5,55.7359,92.89,7.11,16.357,0.408,
5315.0,88.583,ECLIPSE,0.0,-35.0,0.0,6.5,0,6.5,-6.5,55.7341,92.89,7.11,16.357,0.408,
5316.0,88.6,ECLIPSE,0.0,-35.0,0.0,6.5,0,6.5,-6.5,55.7322,92.89,7.11,16.357,0.408,
5317.0,88.617,ECLIPSE,0.0,-35.0,0.0,6.5,0,6.5,-6.5,55.7303,92.88,7.12,16.357,0.408,
5318.0,88.633,ECLIPSE,0.0,-35.0,0.0,6.5,0,6.5,-6.5,55.7285,92.88,7.12,16.356,0.408,
5319.0,88.65,ECLIPSE,0.0,-35.0,0.0,6.5,0,6.5,-6.5,55.7266,92.88,7.12,16.356,0.408,
5320.0,88.667,ECLIPSE,0.0,-35.0,0.0,6.5,0,6.5,-6.5,55.7247,92.87,7.13,16.356,0.408,
5321.0,88.683,ECLIPSE,0.0,-35.0,0.0,6.5,0,6.5,-6.5,55.7229,92.87,7.13,16.356,0.408,
5322.0,88.7,ECLIPSE,0.0,-35.0,0.0,6.5,0,6.5,-6.5,55.721,92.87,7.13,16.356,0.408,
5323.0,88.717,ECLIPSE,0.0,-35.0,0.0,6.5,0,6.5,-6.5,55.7192,92.87,7.13,16.356,0.408,
5324.0,88.733,ECLIPSE,0.0,-35.0,0.0,6.5,0,6.5,-6.5,55.7173,92.86,7.14,16.355,0.408,
5325.0,88.75,ECLIPSE,0.0,-35.0,0.0,6.5,0,6.5,-6.5,55.7154,92.86,7.14,16.355,0.408,
5326.0,88.767,ECLIPSE,0.0,-35.0,0.0,6.5,0,6.5,-6.5,55.7136,92.86,7.14,16.355,0.408,
5327.0,88.783,ECLIPSE,0.0,-35.0,0.0,6.5,0,6.5,-6.5,55.7117,92.85,7.15,16.355,0.408,
5328.0,88.8,ECLIPSE,0.0,-35.0,0.0,6.5,0,6.5,-6.5,55.7099,92.85,7.15,16.355,0.409,
5329.0,88.817,ECLIPSE,0.0,-35.0,0.0,6.5,0,6.5,-6.5,55.708,92.85,7.15,16.354,0.409,
5330.0,88.833,ECLIPSE,0.0,-35.0,0.0,6.5,0,6.5,-6.5,55.7061,92.84,7.16,16.354,0.409,
5331.0,88.85,ECLIPSE,0.0,-35.0,0.0,6.5,0,6.5,-6.5,55.7043,92.84,7.16,16.354,0.409,
5332.0,88.867,ECLIPSE,0.0,-35.0,0.0,6.5,0,6.5,-6.5,55.7024,92.84,7.16,16.354,0.409,
5333.0,88.883,ECLIPSE,0.0,-35.0,0.0,6.5,0,6.5,-6.5,55.7005,92.83,7.17,16.354,0.409,
5334.0,88.9,ECLIPSE,0.0,-35.0,0.0,6.5,0,6.5,-6.5,55.6987,92.83,7.17,16.354,0.409,
5335.0,88.917,ECLIPSE,0.0,-35.0,0.0,6.5,0,6.5,-6.5,55.6968,92.83,7.17,16.353,0.409,
5336.0,88.933,ECLIPSE,0.0,-35.0,0.0,6.5,0,6.5,-6.5,55.695,92.82,7.18,16.353,0.409,
5337.0,88.95,ECLIPSE,0.0,-35.0,0.0,6.5,0,6.5,-6.5,55.6931,92.82,7.18,16.353,0.409,
5338.0,88.967,ECLIPSE,0.0,-35.0,0.0,6.5,0,6.5,-6.5,55.6912,92.82,7.18,16.353,0.409,
5339.0,88.983,ECLIPSE,0.0,-35.0,0.0,6.5,0,6.5,-6.5,55.6894,92.82,7.18,16.353,0.409,
5340.0,89.0,ECLIPSE,0.0,-35.0,0.0,6.5,0,6.5,-6.5,55.6875,92.81,7.19,16.353,0.409,
5341.0,89.017,ECLIPSE,0.0,-35.0,0.0,6.5,0,6.5,-6.5,55.6857,92.81,7.19,16.352,0.409,
5342.0,89.033,ECLIPSE,0.0,-35.0,0.0,6.5,0,6.5,-6.5,55.6838,92.81,7.19,16.352,0.409,
5343.0,89.05,ECLIPSE,0.0,-35.0,0.0,6.5,0,6.5,-6.5,55.6819,92.8,7.2,16.352,0.409,
5344.0,89.067,ECLIPSE,0.0,-35.0,0.0,6.5,0,6.5,-6.5,55.6801,92.8,7.2,16.352,0.409,
5345.0,89.083,ECLIPSE,0.0,-35.0,0.0,6.5,0,6.5,-6.5,55.6782,92.8,7.2,16.352,0.409,
5346.0,89.1,ECLIPSE,0.0,-35.0,0.0,6.5,0,6.5,-6.5,55.6764,92.79,7.21,16.352,0.409,
5347.0,89.117,ECLIPSE,0.0,-35.0,0.0,6.5,0,6.5,-6.5,55.6745,92.79,7.21,16.351,0.409,
5348.0,89.133,ECLIPSE,0.0,-35.0,0.0,6.5,0,6.5,-6.5,55.6726,92.79,7.21,16.351,0.409,
5349.0,89.15,ECLIPSE,0.0,-35.0,0.0,6.5,0,6.5,-6.5,55.6708,92.78,7.22,16.351,0.409,
5350.0,89.167,ECLIPSE,0.0,-35.0,0.0,6.5,0,6.5,-6.5,55.6689,92.78,7.22,16.351,0.409,
5351.0,89.183,ECLIPSE,0.0,-35.0,0.0,6.5,0,6.5,-6.5,55.667,92.78,7.22,16.351,0.409,
5352.0,89.2,ECLIPSE,0.0,-35.0,0.0,6.5,0,6.5,-6.5,55.6652,92.78,7.22,16.351,0.409,
5353.0,89.217,ECLIPSE,0.0,-35.0,0.0,6.5,0,6.5,-6.5,55.6633,92.77,7.23,16.35,0.409,
5354.0,89.233,ECLIPSE,0.0,-35.0,0.0,6.5,0,6.5,-6.5,55.6615,92.77,7.23,16.35,0.409,
5355.0,89.25,ECLIPSE,0.0,-35.0,0.0,6.5,0,6.5,-6.5,55.6596,92.77,7.23,16.35,0.409,
5356.0,89.267,ECLIPSE,0.0,-35.0,0.0,6.5,0,6.5,-6.5,55.6577,92.76,7.24,16.35,0.409,
5357.0,89.283,ECLIPSE,0.0,-35.0,0.0,6.5,0,6.5,-6.5,55.6559,92.76,7.24,16.35,0.409,
5358.0,89.3,ECLIPSE,0.0,-35.0,0.0,6.5,0,6.5,-6.5,55.654,92.76,7.24,16.35,0.409,
5359.0,89.317,ECLIPSE,0.0,-35.0,0.0,6.5,0,6.5,-6.5,55.6522,92.75,7.25,16.349,0.409,
5360.0,89.333,ECLIPSE,0.0,-35.0,0.0,6.5,0,6.5,-6.5,55.6503,92.75,7.25,16.349,0.409,
5361.0,89.35,ECLIPSE,0.0,-35.0,0.0,6.5,0,6.5,-6.5,55.6484,92.75,7.25,16.349,0.409,
5362.0,89.367,ECLIPSE,0.0,-35.0,0.0,6.5,0,6.5,-6.5,55.6466,92.74,7.26,16.349,0.409,
5363.0,89.383,ECLIPSE,0.0,-35.0,0.0,6.5,0,6.5,-6.5,55.6447,92.74,7.26,16.349,0.409,
5364.0,89.4,ECLIPSE,0.0,-35.0,0.0,6.5,0,6.5,-6.5,55.6428,92.74,7.26,16.349,0.409,
5365.0,89.417,PENUMBRA_EGRESS,0.0,-35.0,0.0,6.5,0,6.5,-6.5,55.641,92.73,7.27,16.348,0.409,
5366.0,89.433,PENUMBRA_EGRESS,0.002,-35.0,0.0,6.5,0,6.5,-6.5,55.6391,92.73,7.27,16.348,0.409,
5367.0,89.45,PENUMBRA_EGRESS,0.008,-35.0,0.0,6.5,0,6.5,-6.5,55.6373,92.73,7.27,16.348,0.409,
5368.0,89.467,PENUMBRA_EGRESS,0.018,-35.0,0.0,6.5,0,6.5,-6.5,55.6354,92.73,7.27,16.348,0.409,
5369.0,89.483,PENUMBRA_EGRESS,0.0319,-35.0,0.0,6.5,0,6.5,-6.5,55.6335,92.72,7.28,16.348,0.409,
5370.0,89.5,PENUMBRA_EGRESS,0.0495,-35.0,0.0,6.5,0,6.5,-6.5,55.6317,92.72,7.28,16.347,0.409,
5371.0,89.517,PENUMBRA_EGRESS,0.0708,-35.0,0.0,6.5,0,6.5,-6.5,55.6298,92.72,7.28,16.347,0.409,
5372.0,89.533,PENUMBRA_EGRESS,0.0955,-35.0,0.0,6.5,0,6.5,-6.5,55.628,92.71,7.29,16.347,0.409,
5373.0,89.55,PENUMBRA_EGRESS,0.1235,-34.5,0.0,6.5,0,6.5,-6.5,55.6261,92.71,7.29,16.347,0.409,
5374.0,89.567,PENUMBRA_EGRESS,0.1545,-34.0,0.0,6.5,0,6.5,-6.5,55.6242,92.71,7.29,16.347,0.409,
5375.0,89.583,PENUMBRA_EGRESS,0.1883,-33.51,0.0,6.5,0,6.5,-6.5,55.6224,92.7,7.3,16.347,0.409,
5376.0,89.6,PENUMBRA_EGRESS,0.2246,-33.02,0.0,6.5,0,6.5,-6.5,55.6205,92.7,7.3,16.346,0.409,
5377.0,89.617,PENUMBRA_EGRESS,0.2631,-32.53,0.0,6.5,0,6.5,-6.5,55.6186,92.7,7.3,16.346,0.409,
5378.0,89.633,PENUMBRA_EGRESS,0.3035,-32.05,0.0,6.5,0,6.5,-6.5,55.6168,92.69,7.31,16.346,0.409,
5379.0,89.65,PENUMBRA_EGRESS,0.3455,-31.57,0.0,6.5,0,6.5,-6.5,55.6149,92.69,7.31,16.346,0.409,
5380.0,89.667,PENUMBRA_EGRESS,0.3887,-31.09,0.0,6.5,0,6.5,-6.5,55.6131,92.69,7.31,16.346,0.409,
5381.0,89.683,PENUMBRA_EGRESS,0.4329,-30.61,0.0,6.5,0,6.5,-6.5,55.6112,92.69,7.31,16.346,0.409,
5382.0,89.7,PENUMBRA_EGRESS,0.4776,-30.13,0.0,6.5,0,6.5,-6.5,55.6093,92.68,7.32,16.345,0.409,
5383.0,89.717,PENUMBRA_EGRESS,0.5224,-29.66,0.0,6.5,0,6.5,-6.5,55.6075,92.68,7.32,16.345,0.409,
5384.0,89.733,PENUMBRA_EGRESS,0.5671,-29.19,0.0,6.5,0,6.5,-6.5,55.6056,92.68,7.32,16.345,0.409,
5385.0,89.75,PENUMBRA_EGRESS,0.6113,-28.73,0.0,6.5,0,6.5,-6.5,55.6038,92.67,7.33,16.345,0.409,
5386.0,89.767,PENUMBRA_EGRESS,0.6545,-28.26,0.0,6.5,0,6.5,-6.5,55.6019,92.67,7.33,16.345,0.409,
5387.0,89.783,PENUMBRA_EGRESS,0.6965,-27.8,0.0,6.5,0,6.5,-6.5,55.6,92.67,7.33,16.345,0.409,
5388.0,89.8,PENUMBRA_EGRESS,0.7369,-27.34,0.0,6.5,0,6.5,-6.5,55.5982,92.66,7.34,16.344,0.409,
5389.0,89.817,PENUMBRA_EGRESS,0.7754,-26.89,0.0,6.5,0,6.5,-6.5,55.5963,92.66,7.34,16.344,0.409,
5390.0,89.833,PENUMBRA_EGRESS,0.8117,-26.43,0.0,6.5,0,6.5,-6.5,55.5944,92.66,7.34,16.344,0.409,
5391.0,89.85,PENUMBRA_EGRESS,0.8455,-25.98,0.0,6.5,0,6.5,-6.5,55.5926,92.65,7.35,16.344,0.409,
5392.0,89.867,PENUMBRA_EGRESS,0.8765,-25.53,0.0,6.5,0,6.5,-6.5,55.5907,92.65,7.35,16.344,0.409,
5393.0,89.883,PENUMBRA_EGRESS,0.9045,-25.09,0.0,6.5,0,6.5,-6.5,55.5889,92.65,7.35,16.344,0.409,
5394.0,89.9,PENUMBRA_EGRESS,0.9292,-24.64,0.0,6.5,0,6.5,-6.5,55.587,92.65,7.35,16.343,0.409,
5395.0,89.917,PENUMBRA_EGRESS,0.9505,-24.2,0.0,6.5,0,6.5,-6.5,55.5851,92.64,7.36,16.343,0.409,
5396.0,89.933,PENUMBRA_EGRESS,0.9681,-23.76,0.0,6.5,0,6.5,-6.5,55.5833,92.64,7.36,16.343,0.409,
5397.0,89.95,PENUMBRA_EGRESS,0.982,-23.33,0.0,6.5,0,6.5,-6.5,55.5814,92.64,7.36,16.343,0.409,
5398.0,89.967,PENUMBRA_EGRESS,0.992,-22.89,0.0,6.5,0,6.5,-6.5,55.5796,92.63,7.37,16.343,0.409,
5399.0,89.983,PENUMBRA_EGRESS,0.998,-22.46,0.0,6.5,0,6.5,-6.5,55.5777,92.63,7.37,16.343,0.409,
5400.0,90.0,SUNLIT,1.0,-22.03,0.0,6.5,0,6.5,-6.5,55.5758,92.63,7.37,16.342,0.409,
